=== HalfCheetah-v4 Improved Expert Training on V100-32GB GPU ===
Node: v003
CUDA_VISIBLE_DEVICES: 0

✓ CUDA 12.4.0 module loaded
✓ Conda environment activated

Configuring CUDA library paths...
Found nvidia in site-packages: /jet/home/pghanem/.conda/envs/rirl/lib/python3.10/site-packages/nvidia
✓ Added nvidia library paths to LD_LIBRARY_PATH

Starting improved expert training...
Training duration: 10M timesteps (estimated 4-5 hours)
Target performance: 4000-6000+ reward per episode
===========================================

======================================================================
HalfCheetah-v4 Expert Training (Improved Hyperparameters)
======================================================================
PyTorch version: 2.5.1+cu124
CUDA available: True
CUDA device: Tesla V100-SXM2-32GB

Using device: cuda

Using cuda device
Wrapping the env with a `Monitor` wrapper
Wrapping the env in a DummyVecEnv.
Starting training for 10M timesteps...
Target performance: 4000-6000+ reward per episode
Checkpoints will be saved every 200k timesteps
======================================================================

Logging to ./logs_halfcheetah_improved/PPO_2
----------------------------
| time/              |     |
|    fps             | 687 |
|    iterations      | 1   |
|    time_elapsed    | 0   |
|    total_timesteps | 512 |
----------------------------
-----------------------------------------
| rollout/                |             |
|    ep_len_mean          | 1e+03       |
|    ep_rew_mean          | -360        |
| time/                   |             |
|    fps                  | 450         |
|    iterations           | 2           |
|    time_elapsed         | 2           |
|    total_timesteps      | 1024        |
| train/                  |             |
|    approx_kl            | 0.015628982 |
|    clip_fraction        | 0.159       |
|    clip_range           | 0.2         |
|    entropy_loss         | -8.51       |
|    explained_variance   | -0.0108     |
|    learning_rate        | 0.0003      |
|    loss                 | 9.16        |
|    n_updates            | 20          |
|    policy_gradient_loss | -0.0473     |
|    std                  | 0.998       |
|    value_loss           | 25.3        |
-----------------------------------------
-----------------------------------------
| rollout/                |             |
|    ep_len_mean          | 1e+03       |
|    ep_rew_mean          | -360        |
| time/                   |             |
|    fps                  | 444         |
|    iterations           | 3           |
|    time_elapsed         | 3           |
|    total_timesteps      | 1536        |
| train/                  |             |
|    approx_kl            | 0.015390509 |
|    clip_fraction        | 0.155       |
|    clip_range           | 0.2         |
|    entropy_loss         | -8.49       |
|    explained_variance   | -0.0594     |
|    learning_rate        | 0.0003      |
|    loss                 | 2.85        |
|    n_updates            | 40          |
|    policy_gradient_loss | -0.0467     |
|    std                  | 0.995       |
|    value_loss           | 11          |
-----------------------------------------
-----------------------------------------
| rollout/                |             |
|    ep_len_mean          | 1e+03       |
|    ep_rew_mean          | -380        |
| time/                   |             |
|    fps                  | 441         |
|    iterations           | 4           |
|    time_elapsed         | 4           |
|    total_timesteps      | 2048        |
| train/                  |             |
|    approx_kl            | 0.015285349 |
|    clip_fraction        | 0.142       |
|    clip_range           | 0.2         |
|    entropy_loss         | -8.48       |
|    explained_variance   | 0.115       |
|    learning_rate        | 0.0003      |
|    loss                 | 9.15        |
|    n_updates            | 60          |
|    policy_gradient_loss | -0.0457     |
|    std                  | 0.993       |
|    value_loss           | 23.6        |
-----------------------------------------
-----------------------------------------
| rollout/                |             |
|    ep_len_mean          | 1e+03       |
|    ep_rew_mean          | -380        |
| time/                   |             |
|    fps                  | 441         |
|    iterations           | 5           |
|    time_elapsed         | 5           |
|    total_timesteps      | 2560        |
| train/                  |             |
|    approx_kl            | 0.018205557 |
|    clip_fraction        | 0.178       |
|    clip_range           | 0.2         |
|    entropy_loss         | -8.47       |
|    explained_variance   | 0.22        |
|    learning_rate        | 0.0003      |
|    loss                 | 2.04        |
|    n_updates            | 80          |
|    policy_gradient_loss | -0.06       |
|    std                  | 0.99        |
|    value_loss           | 5.65        |
-----------------------------------------
-----------------------------------------
| rollout/                |             |
|    ep_len_mean          | 1e+03       |
|    ep_rew_mean          | -398        |
| time/                   |             |
|    fps                  | 439         |
|    iterations           | 6           |
|    time_elapsed         | 6           |
|    total_timesteps      | 3072        |
| train/                  |             |
|    approx_kl            | 0.009887358 |
|    clip_fraction        | 0.0758      |
|    clip_range           | 0.2         |
|    entropy_loss         | -8.46       |
|    explained_variance   | 0.507       |
|    learning_rate        | 0.0003      |
|    loss                 | 6.05        |
|    n_updates            | 100         |
|    policy_gradient_loss | -0.0339     |
|    std                  | 0.993       |
|    value_loss           | 20.4        |
-----------------------------------------
-----------------------------------------
| rollout/                |             |
|    ep_len_mean          | 1e+03       |
|    ep_rew_mean          | -398        |
| time/                   |             |
|    fps                  | 438         |
|    iterations           | 7           |
|    time_elapsed         | 8           |
|    total_timesteps      | 3584        |
| train/                  |             |
|    approx_kl            | 0.014326965 |
|    clip_fraction        | 0.14        |
|    clip_range           | 0.2         |
|    entropy_loss         | -8.47       |
|    explained_variance   | -0.193      |
|    learning_rate        | 0.0003      |
|    loss                 | 2.36        |
|    n_updates            | 120         |
|    policy_gradient_loss | -0.0517     |
|    std                  | 0.992       |
|    value_loss           | 6.54        |
-----------------------------------------
-----------------------------------------
| rollout/                |             |
|    ep_len_mean          | 1e+03       |
|    ep_rew_mean          | -397        |
| time/                   |             |
|    fps                  | 438         |
|    iterations           | 8           |
|    time_elapsed         | 9           |
|    total_timesteps      | 4096        |
| train/                  |             |
|    approx_kl            | 0.024064593 |
|    clip_fraction        | 0.274       |
|    clip_range           | 0.2         |
|    entropy_loss         | -8.45       |
|    explained_variance   | -0.28       |
|    learning_rate        | 0.0003      |
|    loss                 | 1.35        |
|    n_updates            | 140         |
|    policy_gradient_loss | -0.0756     |
|    std                  | 0.986       |
|    value_loss           | 3.94        |
-----------------------------------------
------------------------------------------
| rollout/                |              |
|    ep_len_mean          | 1e+03        |
|    ep_rew_mean          | -397         |
| time/                   |              |
|    fps                  | 438          |
|    iterations           | 9            |
|    time_elapsed         | 10           |
|    total_timesteps      | 4608         |
| train/                  |              |
|    approx_kl            | 0.0137754325 |
|    clip_fraction        | 0.134        |
|    clip_range           | 0.2          |
|    entropy_loss         | -8.41        |
|    explained_variance   | 0.452        |
|    learning_rate        | 0.0003       |
|    loss                 | 1.82         |
|    n_updates            | 160          |
|    policy_gradient_loss | -0.0447      |
|    std                  | 0.979        |
|    value_loss           | 7.72         |
------------------------------------------
-----------------------------------------
| rollout/                |             |
|    ep_len_mean          | 1e+03       |
|    ep_rew_mean          | -362        |
| time/                   |             |
|    fps                  | 438         |
|    iterations           | 10          |
|    time_elapsed         | 11          |
|    total_timesteps      | 5120        |
| train/                  |             |
|    approx_kl            | 0.009463133 |
|    clip_fraction        | 0.0666      |
|    clip_range           | 0.2         |
|    entropy_loss         | -8.38       |
|    explained_variance   | 0.478       |
|    learning_rate        | 0.0003      |
|    loss                 | 9.71        |
|    n_updates            | 180         |
|    policy_gradient_loss | -0.0333     |
|    std                  | 0.977       |
|    value_loss           | 21.6        |
-----------------------------------------
-----------------------------------------
| rollout/                |             |
|    ep_len_mean          | 1e+03       |
|    ep_rew_mean          | -362        |
| time/                   |             |
|    fps                  | 438         |
|    iterations           | 11          |
|    time_elapsed         | 12          |
|    total_timesteps      | 5632        |
| train/                  |             |
|    approx_kl            | 0.011955267 |
|    clip_fraction        | 0.112       |
|    clip_range           | 0.2         |
|    entropy_loss         | -8.36       |
|    explained_variance   | 0.107       |
|    learning_rate        | 0.0003      |
|    loss                 | 4.84        |
|    n_updates            | 200         |
|    policy_gradient_loss | -0.0459     |
|    std                  | 0.974       |
|    value_loss           | 11.7        |
-----------------------------------------
-----------------------------------------
| rollout/                |             |
|    ep_len_mean          | 1e+03       |
|    ep_rew_mean          | -359        |
| time/                   |             |
|    fps                  | 437         |
|    iterations           | 12          |
|    time_elapsed         | 14          |
|    total_timesteps      | 6144        |
| train/                  |             |
|    approx_kl            | 0.025036748 |
|    clip_fraction        | 0.302       |
|    clip_range           | 0.2         |
|    entropy_loss         | -8.31       |
|    explained_variance   | -0.00906    |
|    learning_rate        | 0.0003      |
|    loss                 | 1.82        |
|    n_updates            | 220         |
|    policy_gradient_loss | -0.0839     |
|    std                  | 0.963       |
|    value_loss           | 4.4         |
-----------------------------------------
-----------------------------------------
| rollout/                |             |
|    ep_len_mean          | 1e+03       |
|    ep_rew_mean          | -359        |
| time/                   |             |
|    fps                  | 437         |
|    iterations           | 13          |
|    time_elapsed         | 15          |
|    total_timesteps      | 6656        |
| train/                  |             |
|    approx_kl            | 0.015187376 |
|    clip_fraction        | 0.169       |
|    clip_range           | 0.2         |
|    entropy_loss         | -8.26       |
|    explained_variance   | 0.29        |
|    learning_rate        | 0.0003      |
|    loss                 | 3.61        |
|    n_updates            | 240         |
|    policy_gradient_loss | -0.051      |
|    std                  | 0.957       |
|    value_loss           | 9.02        |
-----------------------------------------
-----------------------------------------
| rollout/                |             |
|    ep_len_mean          | 1e+03       |
|    ep_rew_mean          | -357        |
| time/                   |             |
|    fps                  | 437         |
|    iterations           | 14          |
|    time_elapsed         | 16          |
|    total_timesteps      | 7168        |
| train/                  |             |
|    approx_kl            | 0.023776587 |
|    clip_fraction        | 0.318       |
|    clip_range           | 0.2         |
|    entropy_loss         | -8.23       |
|    explained_variance   | 0.153       |
|    learning_rate        | 0.0003      |
|    loss                 | 1.64        |
|    n_updates            | 260         |
|    policy_gradient_loss | -0.0901     |
|    std                  | 0.95        |
|    value_loss           | 4.61        |
-----------------------------------------
----------------------------------------
| rollout/                |            |
|    ep_len_mean          | 1e+03      |
|    ep_rew_mean          | -357       |
| time/                   |            |
|    fps                  | 437        |
|    iterations           | 15         |
|    time_elapsed         | 17         |
|    total_timesteps      | 7680       |
| train/                  |            |
|    approx_kl            | 0.01148461 |
|    clip_fraction        | 0.109      |
|    clip_range           | 0.2        |
|    entropy_loss         | -8.19      |
|    explained_variance   | 0.644      |
|    learning_rate        | 0.0003     |
|    loss                 | 4.05       |
|    n_updates            | 280        |
|    policy_gradient_loss | -0.0433    |
|    std                  | 0.945      |
|    value_loss           | 9.36       |
----------------------------------------
-----------------------------------------
| rollout/                |             |
|    ep_len_mean          | 1e+03       |
|    ep_rew_mean          | -351        |
| time/                   |             |
|    fps                  | 437         |
|    iterations           | 16          |
|    time_elapsed         | 18          |
|    total_timesteps      | 8192        |
| train/                  |             |
|    approx_kl            | 0.024927786 |
|    clip_fraction        | 0.321       |
|    clip_range           | 0.2         |
|    entropy_loss         | -8.15       |
|    explained_variance   | 0.0919      |
|    learning_rate        | 0.0003      |
|    loss                 | 1.64        |
|    n_updates            | 300         |
|    policy_gradient_loss | -0.0925     |
|    std                  | 0.937       |
|    value_loss           | 3.81        |
-----------------------------------------
-----------------------------------------
| rollout/                |             |
|    ep_len_mean          | 1e+03       |
|    ep_rew_mean          | -351        |
| time/                   |             |
|    fps                  | 437         |
|    iterations           | 17          |
|    time_elapsed         | 19          |
|    total_timesteps      | 8704        |
| train/                  |             |
|    approx_kl            | 0.010846687 |
|    clip_fraction        | 0.0788      |
|    clip_range           | 0.2         |
|    entropy_loss         | -8.13       |
|    explained_variance   | -0.0974     |
|    learning_rate        | 0.0003      |
|    loss                 | 3.14        |
|    n_updates            | 320         |
|    policy_gradient_loss | -0.0335     |
|    std                  | 0.939       |
|    value_loss           | 8.21        |
-----------------------------------------
-----------------------------------------
| rollout/                |             |
|    ep_len_mean          | 1e+03       |
|    ep_rew_mean          | -350        |
| time/                   |             |
|    fps                  | 437         |
|    iterations           | 18          |
|    time_elapsed         | 21          |
|    total_timesteps      | 9216        |
| train/                  |             |
|    approx_kl            | 0.008840845 |
|    clip_fraction        | 0.071       |
|    clip_range           | 0.2         |
|    entropy_loss         | -8.14       |
|    explained_variance   | 0.639       |
|    learning_rate        | 0.0003      |
|    loss                 | 7.76        |
|    n_updates            | 340         |
|    policy_gradient_loss | -0.0355     |
|    std                  | 0.94        |
|    value_loss           | 16.2        |
-----------------------------------------
----------------------------------------
| rollout/                |            |
|    ep_len_mean          | 1e+03      |
|    ep_rew_mean          | -350       |
| time/                   |            |
|    fps                  | 437        |
|    iterations           | 19         |
|    time_elapsed         | 22         |
|    total_timesteps      | 9728       |
| train/                  |            |
|    approx_kl            | 0.01864296 |
|    clip_fraction        | 0.235      |
|    clip_range           | 0.2        |
|    entropy_loss         | -8.13      |
|    explained_variance   | 0.322      |
|    learning_rate        | 0.0003     |
|    loss                 | 1.53       |
|    n_updates            | 360        |
|    policy_gradient_loss | -0.0701    |
|    std                  | 0.935      |
|    value_loss           | 4.71       |
----------------------------------------
-----------------------------------------
| rollout/                |             |
|    ep_len_mean          | 1e+03       |
|    ep_rew_mean          | -349        |
| time/                   |             |
|    fps                  | 437         |
|    iterations           | 20          |
|    time_elapsed         | 23          |
|    total_timesteps      | 10240       |
| train/                  |             |
|    approx_kl            | 0.025856657 |
|    clip_fraction        | 0.332       |
|    clip_range           | 0.2         |
|    entropy_loss         | -8.08       |
|    explained_variance   | 0.136       |
|    learning_rate        | 0.0003      |
|    loss                 | 1.45        |
|    n_updates            | 380         |
|    policy_gradient_loss | -0.0907     |
|    std                  | 0.927       |
|    value_loss           | 4.06        |
-----------------------------------------
-----------------------------------------
| rollout/                |             |
|    ep_len_mean          | 1e+03       |
|    ep_rew_mean          | -349        |
| time/                   |             |
|    fps                  | 437         |
|    iterations           | 21          |
|    time_elapsed         | 24          |
|    total_timesteps      | 10752       |
| train/                  |             |
|    approx_kl            | 0.014634244 |
|    clip_fraction        | 0.143       |
|    clip_range           | 0.2         |
|    entropy_loss         | -8.05       |
|    explained_variance   | -0.23       |
|    learning_rate        | 0.0003      |
|    loss                 | 6.73        |
|    n_updates            | 400         |
|    policy_gradient_loss | -0.0499     |
|    std                  | 0.924       |
|    value_loss           | 17.1        |
-----------------------------------------
-----------------------------------------
| rollout/                |             |
|    ep_len_mean          | 1e+03       |
|    ep_rew_mean          | -356        |
| time/                   |             |
|    fps                  | 437         |
|    iterations           | 22          |
|    time_elapsed         | 25          |
|    total_timesteps      | 11264       |
| train/                  |             |
|    approx_kl            | 0.025459144 |
|    clip_fraction        | 0.284       |
|    clip_range           | 0.2         |
|    entropy_loss         | -8          |
|    explained_variance   | -0.165      |
|    learning_rate        | 0.0003      |
|    loss                 | 1.85        |
|    n_updates            | 420         |
|    policy_gradient_loss | -0.0842     |
|    std                  | 0.914       |
|    value_loss           | 4.29        |
-----------------------------------------
----------------------------------------
| rollout/                |            |
|    ep_len_mean          | 1e+03      |
|    ep_rew_mean          | -356       |
| time/                   |            |
|    fps                  | 437        |
|    iterations           | 23         |
|    time_elapsed         | 26         |
|    total_timesteps      | 11776      |
| train/                  |            |
|    approx_kl            | 0.01202051 |
|    clip_fraction        | 0.118      |
|    clip_range           | 0.2        |
|    entropy_loss         | -7.97      |
|    explained_variance   | 0.694      |
|    learning_rate        | 0.0003     |
|    loss                 | 4.96       |
|    n_updates            | 440        |
|    policy_gradient_loss | -0.0431    |
|    std                  | 0.913      |
|    value_loss           | 10.7       |
----------------------------------------
-----------------------------------------
| rollout/                |             |
|    ep_len_mean          | 1e+03       |
|    ep_rew_mean          | -349        |
| time/                   |             |
|    fps                  | 437         |
|    iterations           | 24          |
|    time_elapsed         | 28          |
|    total_timesteps      | 12288       |
| train/                  |             |
|    approx_kl            | 0.020685218 |
|    clip_fraction        | 0.275       |
|    clip_range           | 0.2         |
|    entropy_loss         | -7.96       |
|    explained_variance   | 0.173       |
|    learning_rate        | 0.0003      |
|    loss                 | 1.57        |
|    n_updates            | 460         |
|    policy_gradient_loss | -0.0811     |
|    std                  | 0.91        |
|    value_loss           | 4.88        |
-----------------------------------------
-----------------------------------------
| rollout/                |             |
|    ep_len_mean          | 1e+03       |
|    ep_rew_mean          | -349        |
| time/                   |             |
|    fps                  | 437         |
|    iterations           | 25          |
|    time_elapsed         | 29          |
|    total_timesteps      | 12800       |
| train/                  |             |
|    approx_kl            | 0.010490082 |
|    clip_fraction        | 0.109       |
|    clip_range           | 0.2         |
|    entropy_loss         | -7.94       |
|    explained_variance   | 0.559       |
|    learning_rate        | 0.0003      |
|    loss                 | 4.66        |
|    n_updates            | 480         |
|    policy_gradient_loss | -0.0414     |
|    std                  | 0.909       |
|    value_loss           | 15.2        |
-----------------------------------------
-----------------------------------------
| rollout/                |             |
|    ep_len_mean          | 1e+03       |
|    ep_rew_mean          | -345        |
| time/                   |             |
|    fps                  | 437         |
|    iterations           | 26          |
|    time_elapsed         | 30          |
|    total_timesteps      | 13312       |
| train/                  |             |
|    approx_kl            | 0.023101188 |
|    clip_fraction        | 0.266       |
|    clip_range           | 0.2         |
|    entropy_loss         | -7.93       |
|    explained_variance   | 0.0909      |
|    learning_rate        | 0.0003      |
|    loss                 | 1.19        |
|    n_updates            | 500         |
|    policy_gradient_loss | -0.0764     |
|    std                  | 0.903       |
|    value_loss           | 4.94        |
-----------------------------------------
-----------------------------------------
| rollout/                |             |
|    ep_len_mean          | 1e+03       |
|    ep_rew_mean          | -345        |
| time/                   |             |
|    fps                  | 438         |
|    iterations           | 27          |
|    time_elapsed         | 31          |
|    total_timesteps      | 13824       |
| train/                  |             |
|    approx_kl            | 0.012391462 |
|    clip_fraction        | 0.129       |
|    clip_range           | 0.2         |
|    entropy_loss         | -7.89       |
|    explained_variance   | 0.597       |
|    learning_rate        | 0.0003      |
|    loss                 | 2.46        |
|    n_updates            | 520         |
|    policy_gradient_loss | -0.0507     |
|    std                  | 0.898       |
|    value_loss           | 6.87        |
-----------------------------------------
-----------------------------------------
| rollout/                |             |
|    ep_len_mean          | 1e+03       |
|    ep_rew_mean          | -338        |
| time/                   |             |
|    fps                  | 438         |
|    iterations           | 28          |
|    time_elapsed         | 32          |
|    total_timesteps      | 14336       |
| train/                  |             |
|    approx_kl            | 0.023968339 |
|    clip_fraction        | 0.314       |
|    clip_range           | 0.2         |
|    entropy_loss         | -7.86       |
|    explained_variance   | 0.286       |
|    learning_rate        | 0.0003      |
|    loss                 | 1.99        |
|    n_updates            | 540         |
|    policy_gradient_loss | -0.0882     |
|    std                  | 0.896       |
|    value_loss           | 4.11        |
-----------------------------------------
-----------------------------------------
| rollout/                |             |
|    ep_len_mean          | 1e+03       |
|    ep_rew_mean          | -338        |
| time/                   |             |
|    fps                  | 438         |
|    iterations           | 29          |
|    time_elapsed         | 33          |
|    total_timesteps      | 14848       |
| train/                  |             |
|    approx_kl            | 0.015177188 |
|    clip_fraction        | 0.162       |
|    clip_range           | 0.2         |
|    entropy_loss         | -7.85       |
|    explained_variance   | 0.408       |
|    learning_rate        | 0.0003      |
|    loss                 | 6.6         |
|    n_updates            | 560         |
|    policy_gradient_loss | -0.0574     |
|    std                  | 0.895       |
|    value_loss           | 14.5        |
-----------------------------------------
----------------------------------------
| rollout/                |            |
|    ep_len_mean          | 1e+03      |
|    ep_rew_mean          | -338       |
| time/                   |            |
|    fps                  | 438        |
|    iterations           | 30         |
|    time_elapsed         | 35         |
|    total_timesteps      | 15360      |
| train/                  |            |
|    approx_kl            | 0.02181591 |
|    clip_fraction        | 0.298      |
|    clip_range           | 0.2        |
|    entropy_loss         | -7.82      |
|    explained_variance   | 0.221      |
|    learning_rate        | 0.0003     |
|    loss                 | 1.31       |
|    n_updates            | 580        |
|    policy_gradient_loss | -0.0874    |
|    std                  | 0.888      |
|    value_loss           | 4.5        |
----------------------------------------
------------------------------------------
| rollout/                |              |
|    ep_len_mean          | 1e+03        |
|    ep_rew_mean          | -338         |
| time/                   |              |
|    fps                  | 438          |
|    iterations           | 31           |
|    time_elapsed         | 36           |
|    total_timesteps      | 15872        |
| train/                  |              |
|    approx_kl            | 0.0127551155 |
|    clip_fraction        | 0.121        |
|    clip_range           | 0.2          |
|    entropy_loss         | -7.79        |
|    explained_variance   | 0.542        |
|    learning_rate        | 0.0003       |
|    loss                 | 6.7          |
|    n_updates            | 600          |
|    policy_gradient_loss | -0.0458      |
|    std                  | 0.887        |
|    value_loss           | 16.6         |
------------------------------------------
-----------------------------------------
| rollout/                |             |
|    ep_len_mean          | 1e+03       |
|    ep_rew_mean          | -332        |
| time/                   |             |
|    fps                  | 438         |
|    iterations           | 32          |
|    time_elapsed         | 37          |
|    total_timesteps      | 16384       |
| train/                  |             |
|    approx_kl            | 0.011608046 |
|    clip_fraction        | 0.0841      |
|    clip_range           | 0.2         |
|    entropy_loss         | -7.78       |
|    explained_variance   | 0.567       |
|    learning_rate        | 0.0003      |
|    loss                 | 4.17        |
|    n_updates            | 620         |
|    policy_gradient_loss | -0.0432     |
|    std                  | 0.883       |
|    value_loss           | 17.9        |
-----------------------------------------
-----------------------------------------
| rollout/                |             |
|    ep_len_mean          | 1e+03       |
|    ep_rew_mean          | -332        |
| time/                   |             |
|    fps                  | 438         |
|    iterations           | 33          |
|    time_elapsed         | 38          |
|    total_timesteps      | 16896       |
| train/                  |             |
|    approx_kl            | 0.014862852 |
|    clip_fraction        | 0.173       |
|    clip_range           | 0.2         |
|    entropy_loss         | -7.75       |
|    explained_variance   | 0.639       |
|    learning_rate        | 0.0003      |
|    loss                 | 5.32        |
|    n_updates            | 640         |
|    policy_gradient_loss | -0.0587     |
|    std                  | 0.879       |
|    value_loss           | 12.3        |
-----------------------------------------
-----------------------------------------
| rollout/                |             |
|    ep_len_mean          | 1e+03       |
|    ep_rew_mean          | -327        |
| time/                   |             |
|    fps                  | 438         |
|    iterations           | 34          |
|    time_elapsed         | 39          |
|    total_timesteps      | 17408       |
| train/                  |             |
|    approx_kl            | 0.027025793 |
|    clip_fraction        | 0.345       |
|    clip_range           | 0.2         |
|    entropy_loss         | -7.7        |
|    explained_variance   | 0.0966      |
|    learning_rate        | 0.0003      |
|    loss                 | 1.39        |
|    n_updates            | 660         |
|    policy_gradient_loss | -0.0932     |
|    std                  | 0.87        |
|    value_loss           | 3.51        |
-----------------------------------------
-----------------------------------------
| rollout/                |             |
|    ep_len_mean          | 1e+03       |
|    ep_rew_mean          | -327        |
| time/                   |             |
|    fps                  | 438         |
|    iterations           | 35          |
|    time_elapsed         | 40          |
|    total_timesteps      | 17920       |
| train/                  |             |
|    approx_kl            | 0.015384974 |
|    clip_fraction        | 0.171       |
|    clip_range           | 0.2         |
|    entropy_loss         | -7.67       |
|    explained_variance   | 0.589       |
|    learning_rate        | 0.0003      |
|    loss                 | 5.33        |
|    n_updates            | 680         |
|    policy_gradient_loss | -0.0654     |
|    std                  | 0.868       |
|    value_loss           | 14.2        |
-----------------------------------------
-----------------------------------------
| rollout/                |             |
|    ep_len_mean          | 1e+03       |
|    ep_rew_mean          | -321        |
| time/                   |             |
|    fps                  | 438         |
|    iterations           | 36          |
|    time_elapsed         | 42          |
|    total_timesteps      | 18432       |
| train/                  |             |
|    approx_kl            | 0.018133711 |
|    clip_fraction        | 0.257       |
|    clip_range           | 0.2         |
|    entropy_loss         | -7.65       |
|    explained_variance   | 0.481       |
|    learning_rate        | 0.0003      |
|    loss                 | 6.42        |
|    n_updates            | 700         |
|    policy_gradient_loss | -0.0721     |
|    std                  | 0.865       |
|    value_loss           | 14.1        |
-----------------------------------------
-----------------------------------------
| rollout/                |             |
|    ep_len_mean          | 1e+03       |
|    ep_rew_mean          | -321        |
| time/                   |             |
|    fps                  | 438         |
|    iterations           | 37          |
|    time_elapsed         | 43          |
|    total_timesteps      | 18944       |
| train/                  |             |
|    approx_kl            | 0.017069077 |
|    clip_fraction        | 0.187       |
|    clip_range           | 0.2         |
|    entropy_loss         | -7.62       |
|    explained_variance   | 0.678       |
|    learning_rate        | 0.0003      |
|    loss                 | 4.49        |
|    n_updates            | 720         |
|    policy_gradient_loss | -0.0689     |
|    std                  | 0.86        |
|    value_loss           | 14.7        |
-----------------------------------------
-----------------------------------------
| rollout/                |             |
|    ep_len_mean          | 1e+03       |
|    ep_rew_mean          | -321        |
| time/                   |             |
|    fps                  | 438         |
|    iterations           | 38          |
|    time_elapsed         | 44          |
|    total_timesteps      | 19456       |
| train/                  |             |
|    approx_kl            | 0.028041966 |
|    clip_fraction        | 0.274       |
|    clip_range           | 0.2         |
|    entropy_loss         | -7.58       |
|    explained_variance   | -0.0529     |
|    learning_rate        | 0.0003      |
|    loss                 | 1.53        |
|    n_updates            | 740         |
|    policy_gradient_loss | -0.08       |
|    std                  | 0.851       |
|    value_loss           | 5.95        |
-----------------------------------------
-----------------------------------------
| rollout/                |             |
|    ep_len_mean          | 1e+03       |
|    ep_rew_mean          | -321        |
| time/                   |             |
|    fps                  | 438         |
|    iterations           | 39          |
|    time_elapsed         | 45          |
|    total_timesteps      | 19968       |
| train/                  |             |
|    approx_kl            | 0.018224966 |
|    clip_fraction        | 0.213       |
|    clip_range           | 0.2         |
|    entropy_loss         | -7.55       |
|    explained_variance   | 0.585       |
|    learning_rate        | 0.0003      |
|    loss                 | 3.27        |
|    n_updates            | 760         |
|    policy_gradient_loss | -0.0673     |
|    std                  | 0.853       |
|    value_loss           | 11          |
-----------------------------------------
-----------------------------------------
| rollout/                |             |
|    ep_len_mean          | 1e+03       |
|    ep_rew_mean          | -316        |
| time/                   |             |
|    fps                  | 438         |
|    iterations           | 40          |
|    time_elapsed         | 46          |
|    total_timesteps      | 20480       |
| train/                  |             |
|    approx_kl            | 0.028907225 |
|    clip_fraction        | 0.373       |
|    clip_range           | 0.2         |
|    entropy_loss         | -7.53       |
|    explained_variance   | 0.225       |
|    learning_rate        | 0.0003      |
|    loss                 | 1.22        |
|    n_updates            | 780         |
|    policy_gradient_loss | -0.0967     |
|    std                  | 0.845       |
|    value_loss           | 3.58        |
-----------------------------------------
-----------------------------------------
| rollout/                |             |
|    ep_len_mean          | 1e+03       |
|    ep_rew_mean          | -316        |
| time/                   |             |
|    fps                  | 438         |
|    iterations           | 41          |
|    time_elapsed         | 47          |
|    total_timesteps      | 20992       |
| train/                  |             |
|    approx_kl            | 0.026494663 |
|    clip_fraction        | 0.329       |
|    clip_range           | 0.2         |
|    entropy_loss         | -7.48       |
|    explained_variance   | 0.414       |
|    learning_rate        | 0.0003      |
|    loss                 | 2.02        |
|    n_updates            | 800         |
|    policy_gradient_loss | -0.0868     |
|    std                  | 0.841       |
|    value_loss           | 5.45        |
-----------------------------------------
-----------------------------------------
| rollout/                |             |
|    ep_len_mean          | 1e+03       |
|    ep_rew_mean          | -312        |
| time/                   |             |
|    fps                  | 439         |
|    iterations           | 42          |
|    time_elapsed         | 48          |
|    total_timesteps      | 21504       |
| train/                  |             |
|    approx_kl            | 0.028741922 |
|    clip_fraction        | 0.368       |
|    clip_range           | 0.2         |
|    entropy_loss         | -7.46       |
|    explained_variance   | 0.477       |
|    learning_rate        | 0.0003      |
|    loss                 | 1.71        |
|    n_updates            | 820         |
|    policy_gradient_loss | -0.0946     |
|    std                  | 0.837       |
|    value_loss           | 5.09        |
-----------------------------------------
-----------------------------------------
| rollout/                |             |
|    ep_len_mean          | 1e+03       |
|    ep_rew_mean          | -312        |
| time/                   |             |
|    fps                  | 439         |
|    iterations           | 43          |
|    time_elapsed         | 50          |
|    total_timesteps      | 22016       |
| train/                  |             |
|    approx_kl            | 0.014899716 |
|    clip_fraction        | 0.164       |
|    clip_range           | 0.2         |
|    entropy_loss         | -7.45       |
|    explained_variance   | 0.44        |
|    learning_rate        | 0.0003      |
|    loss                 | 9.07        |
|    n_updates            | 840         |
|    policy_gradient_loss | -0.0613     |
|    std                  | 0.838       |
|    value_loss           | 19          |
-----------------------------------------
-----------------------------------------
| rollout/                |             |
|    ep_len_mean          | 1e+03       |
|    ep_rew_mean          | -312        |
| time/                   |             |
|    fps                  | 439         |
|    iterations           | 44          |
|    time_elapsed         | 51          |
|    total_timesteps      | 22528       |
| train/                  |             |
|    approx_kl            | 0.028450374 |
|    clip_fraction        | 0.326       |
|    clip_range           | 0.2         |
|    entropy_loss         | -7.44       |
|    explained_variance   | 0.532       |
|    learning_rate        | 0.0003      |
|    loss                 | 1.25        |
|    n_updates            | 860         |
|    policy_gradient_loss | -0.0902     |
|    std                  | 0.833       |
|    value_loss           | 3.97        |
-----------------------------------------
-----------------------------------------
| rollout/                |             |
|    ep_len_mean          | 1e+03       |
|    ep_rew_mean          | -310        |
| time/                   |             |
|    fps                  | 439         |
|    iterations           | 45          |
|    time_elapsed         | 52          |
|    total_timesteps      | 23040       |
| train/                  |             |
|    approx_kl            | 0.022171108 |
|    clip_fraction        | 0.263       |
|    clip_range           | 0.2         |
|    entropy_loss         | -7.38       |
|    explained_variance   | 0.219       |
|    learning_rate        | 0.0003      |
|    loss                 | 2.15        |
|    n_updates            | 880         |
|    policy_gradient_loss | -0.0829     |
|    std                  | 0.825       |
|    value_loss           | 6.08        |
-----------------------------------------
-----------------------------------------
| rollout/                |             |
|    ep_len_mean          | 1e+03       |
|    ep_rew_mean          | -310        |
| time/                   |             |
|    fps                  | 440         |
|    iterations           | 46          |
|    time_elapsed         | 53          |
|    total_timesteps      | 23552       |
| train/                  |             |
|    approx_kl            | 0.031064313 |
|    clip_fraction        | 0.412       |
|    clip_range           | 0.2         |
|    entropy_loss         | -7.32       |
|    explained_variance   | 0.372       |
|    learning_rate        | 0.0003      |
|    loss                 | 1.85        |
|    n_updates            | 900         |
|    policy_gradient_loss | -0.103      |
|    std                  | 0.816       |
|    value_loss           | 4.26        |
-----------------------------------------
-----------------------------------------
| rollout/                |             |
|    ep_len_mean          | 1e+03       |
|    ep_rew_mean          | -307        |
| time/                   |             |
|    fps                  | 440         |
|    iterations           | 47          |
|    time_elapsed         | 54          |
|    total_timesteps      | 24064       |
| train/                  |             |
|    approx_kl            | 0.014378373 |
|    clip_fraction        | 0.167       |
|    clip_range           | 0.2         |
|    entropy_loss         | -7.29       |
|    explained_variance   | 0.535       |
|    learning_rate        | 0.0003      |
|    loss                 | 5.49        |
|    n_updates            | 920         |
|    policy_gradient_loss | -0.0616     |
|    std                  | 0.817       |
|    value_loss           | 15.1        |
-----------------------------------------
----------------------------------------
| rollout/                |            |
|    ep_len_mean          | 1e+03      |
|    ep_rew_mean          | -307       |
| time/                   |            |
|    fps                  | 440        |
|    iterations           | 48         |
|    time_elapsed         | 55         |
|    total_timesteps      | 24576      |
| train/                  |            |
|    approx_kl            | 0.03120587 |
|    clip_fraction        | 0.344      |
|    clip_range           | 0.2        |
|    entropy_loss         | -7.27      |
|    explained_variance   | 0.549      |
|    learning_rate        | 0.0003     |
|    loss                 | 1.81       |
|    n_updates            | 940        |
|    policy_gradient_loss | -0.0927    |
|    std                  | 0.811      |
|    value_loss           | 4.21       |
----------------------------------------
-----------------------------------------
| rollout/                |             |
|    ep_len_mean          | 1e+03       |
|    ep_rew_mean          | -303        |
| time/                   |             |
|    fps                  | 440         |
|    iterations           | 49          |
|    time_elapsed         | 56          |
|    total_timesteps      | 25088       |
| train/                  |             |
|    approx_kl            | 0.035838287 |
|    clip_fraction        | 0.385       |
|    clip_range           | 0.2         |
|    entropy_loss         | -7.22       |
|    explained_variance   | 0.611       |
|    learning_rate        | 0.0003      |
|    loss                 | 1.48        |
|    n_updates            | 960         |
|    policy_gradient_loss | -0.0973     |
|    std                  | 0.804       |
|    value_loss           | 4.96        |
-----------------------------------------
-----------------------------------------
| rollout/                |             |
|    ep_len_mean          | 1e+03       |
|    ep_rew_mean          | -303        |
| time/                   |             |
|    fps                  | 440         |
|    iterations           | 50          |
|    time_elapsed         | 58          |
|    total_timesteps      | 25600       |
| train/                  |             |
|    approx_kl            | 0.029002398 |
|    clip_fraction        | 0.34        |
|    clip_range           | 0.2         |
|    entropy_loss         | -7.2        |
|    explained_variance   | 0.823       |
|    learning_rate        | 0.0003      |
|    loss                 | 1.23        |
|    n_updates            | 980         |
|    policy_gradient_loss | -0.0863     |
|    std                  | 0.805       |
|    value_loss           | 5.32        |
-----------------------------------------
-----------------------------------------
| rollout/                |             |
|    ep_len_mean          | 1e+03       |
|    ep_rew_mean          | -296        |
| time/                   |             |
|    fps                  | 440         |
|    iterations           | 51          |
|    time_elapsed         | 59          |
|    total_timesteps      | 26112       |
| train/                  |             |
|    approx_kl            | 0.020774022 |
|    clip_fraction        | 0.283       |
|    clip_range           | 0.2         |
|    entropy_loss         | -7.19       |
|    explained_variance   | 0.46        |
|    learning_rate        | 0.0003      |
|    loss                 | 3.93        |
|    n_updates            | 1000        |
|    policy_gradient_loss | -0.0825     |
|    std                  | 0.801       |
|    value_loss           | 8.53        |
-----------------------------------------
-----------------------------------------
| rollout/                |             |
|    ep_len_mean          | 1e+03       |
|    ep_rew_mean          | -296        |
| time/                   |             |
|    fps                  | 440         |
|    iterations           | 52          |
|    time_elapsed         | 60          |
|    total_timesteps      | 26624       |
| train/                  |             |
|    approx_kl            | 0.035586685 |
|    clip_fraction        | 0.407       |
|    clip_range           | 0.2         |
|    entropy_loss         | -7.14       |
|    explained_variance   | 0.275       |
|    learning_rate        | 0.0003      |
|    loss                 | 1.09        |
|    n_updates            | 1020        |
|    policy_gradient_loss | -0.098      |
|    std                  | 0.792       |
|    value_loss           | 4.68        |
-----------------------------------------
-----------------------------------------
| rollout/                |             |
|    ep_len_mean          | 1e+03       |
|    ep_rew_mean          | -294        |
| time/                   |             |
|    fps                  | 441         |
|    iterations           | 53          |
|    time_elapsed         | 61          |
|    total_timesteps      | 27136       |
| train/                  |             |
|    approx_kl            | 0.041140348 |
|    clip_fraction        | 0.461       |
|    clip_range           | 0.2         |
|    entropy_loss         | -7.07       |
|    explained_variance   | 0.57        |
|    learning_rate        | 0.0003      |
|    loss                 | 0.776       |
|    n_updates            | 1040        |
|    policy_gradient_loss | -0.107      |
|    std                  | 0.784       |
|    value_loss           | 3.6         |
-----------------------------------------
-----------------------------------------
| rollout/                |             |
|    ep_len_mean          | 1e+03       |
|    ep_rew_mean          | -294        |
| time/                   |             |
|    fps                  | 441         |
|    iterations           | 54          |
|    time_elapsed         | 62          |
|    total_timesteps      | 27648       |
| train/                  |             |
|    approx_kl            | 0.039406523 |
|    clip_fraction        | 0.417       |
|    clip_range           | 0.2         |
|    entropy_loss         | -7.03       |
|    explained_variance   | 0.721       |
|    learning_rate        | 0.0003      |
|    loss                 | 1.53        |
|    n_updates            | 1060        |
|    policy_gradient_loss | -0.104      |
|    std                  | 0.78        |
|    value_loss           | 4.31        |
-----------------------------------------
----------------------------------------
| rollout/                |            |
|    ep_len_mean          | 1e+03      |
|    ep_rew_mean          | -292       |
| time/                   |            |
|    fps                  | 441        |
|    iterations           | 55         |
|    time_elapsed         | 63         |
|    total_timesteps      | 28160      |
| train/                  |            |
|    approx_kl            | 0.03673207 |
|    clip_fraction        | 0.444      |
|    clip_range           | 0.2        |
|    entropy_loss         | -6.99      |
|    explained_variance   | 0.527      |
|    learning_rate        | 0.0003     |
|    loss                 | 0.918      |
|    n_updates            | 1080       |
|    policy_gradient_loss | -0.106     |
|    std                  | 0.775      |
|    value_loss           | 3.33       |
----------------------------------------
-----------------------------------------
| rollout/                |             |
|    ep_len_mean          | 1e+03       |
|    ep_rew_mean          | -292        |
| time/                   |             |
|    fps                  | 441         |
|    iterations           | 56          |
|    time_elapsed         | 64          |
|    total_timesteps      | 28672       |
| train/                  |             |
|    approx_kl            | 0.042848725 |
|    clip_fraction        | 0.493       |
|    clip_range           | 0.2         |
|    entropy_loss         | -6.93       |
|    explained_variance   | 0.607       |
|    learning_rate        | 0.0003      |
|    loss                 | 1.04        |
|    n_updates            | 1100        |
|    policy_gradient_loss | -0.112      |
|    std                  | 0.765       |
|    value_loss           | 3.19        |
-----------------------------------------
-----------------------------------------
| rollout/                |             |
|    ep_len_mean          | 1e+03       |
|    ep_rew_mean          | -286        |
| time/                   |             |
|    fps                  | 441         |
|    iterations           | 57          |
|    time_elapsed         | 66          |
|    total_timesteps      | 29184       |
| train/                  |             |
|    approx_kl            | 0.046046924 |
|    clip_fraction        | 0.479       |
|    clip_range           | 0.2         |
|    entropy_loss         | -6.87       |
|    explained_variance   | 0.489       |
|    learning_rate        | 0.0003      |
|    loss                 | 0.886       |
|    n_updates            | 1120        |
|    policy_gradient_loss | -0.108      |
|    std                  | 0.758       |
|    value_loss           | 2.83        |
-----------------------------------------
-----------------------------------------
| rollout/                |             |
|    ep_len_mean          | 1e+03       |
|    ep_rew_mean          | -286        |
| time/                   |             |
|    fps                  | 441         |
|    iterations           | 58          |
|    time_elapsed         | 67          |
|    total_timesteps      | 29696       |
| train/                  |             |
|    approx_kl            | 0.028770817 |
|    clip_fraction        | 0.357       |
|    clip_range           | 0.2         |
|    entropy_loss         | -6.83       |
|    explained_variance   | 0.809       |
|    learning_rate        | 0.0003      |
|    loss                 | 1.95        |
|    n_updates            | 1140        |
|    policy_gradient_loss | -0.0955     |
|    std                  | 0.753       |
|    value_loss           | 4.47        |
-----------------------------------------
-----------------------------------------
| rollout/                |             |
|    ep_len_mean          | 1e+03       |
|    ep_rew_mean          | -282        |
| time/                   |             |
|    fps                  | 441         |
|    iterations           | 59          |
|    time_elapsed         | 68          |
|    total_timesteps      | 30208       |
| train/                  |             |
|    approx_kl            | 0.027704783 |
|    clip_fraction        | 0.367       |
|    clip_range           | 0.2         |
|    entropy_loss         | -6.8        |
|    explained_variance   | 0.476       |
|    learning_rate        | 0.0003      |
|    loss                 | 2.3         |
|    n_updates            | 1160        |
|    policy_gradient_loss | -0.0945     |
|    std                  | 0.752       |
|    value_loss           | 5.46        |
-----------------------------------------
-----------------------------------------
| rollout/                |             |
|    ep_len_mean          | 1e+03       |
|    ep_rew_mean          | -282        |
| time/                   |             |
|    fps                  | 441         |
|    iterations           | 60          |
|    time_elapsed         | 69          |
|    total_timesteps      | 30720       |
| train/                  |             |
|    approx_kl            | 0.036299925 |
|    clip_fraction        | 0.41        |
|    clip_range           | 0.2         |
|    entropy_loss         | -6.79       |
|    explained_variance   | 0.7         |
|    learning_rate        | 0.0003      |
|    loss                 | 1.1         |
|    n_updates            | 1180        |
|    policy_gradient_loss | -0.101      |
|    std                  | 0.749       |
|    value_loss           | 4.57        |
-----------------------------------------
-----------------------------------------
| rollout/                |             |
|    ep_len_mean          | 1e+03       |
|    ep_rew_mean          | -278        |
| time/                   |             |
|    fps                  | 441         |
|    iterations           | 61          |
|    time_elapsed         | 70          |
|    total_timesteps      | 31232       |
| train/                  |             |
|    approx_kl            | 0.039731257 |
|    clip_fraction        | 0.464       |
|    clip_range           | 0.2         |
|    entropy_loss         | -6.76       |
|    explained_variance   | 0.277       |
|    learning_rate        | 0.0003      |
|    loss                 | 1.87        |
|    n_updates            | 1200        |
|    policy_gradient_loss | -0.11       |
|    std                  | 0.745       |
|    value_loss           | 4.07        |
-----------------------------------------
-----------------------------------------
| rollout/                |             |
|    ep_len_mean          | 1e+03       |
|    ep_rew_mean          | -278        |
| time/                   |             |
|    fps                  | 441         |
|    iterations           | 62          |
|    time_elapsed         | 71          |
|    total_timesteps      | 31744       |
| train/                  |             |
|    approx_kl            | 0.026900467 |
|    clip_fraction        | 0.358       |
|    clip_range           | 0.2         |
|    entropy_loss         | -6.74       |
|    explained_variance   | 0.618       |
|    learning_rate        | 0.0003      |
|    loss                 | 3.76        |
|    n_updates            | 1220        |
|    policy_gradient_loss | -0.0922     |
|    std                  | 0.745       |
|    value_loss           | 7           |
-----------------------------------------
-----------------------------------------
| rollout/                |             |
|    ep_len_mean          | 1e+03       |
|    ep_rew_mean          | -275        |
| time/                   |             |
|    fps                  | 441         |
|    iterations           | 63          |
|    time_elapsed         | 73          |
|    total_timesteps      | 32256       |
| train/                  |             |
|    approx_kl            | 0.030524867 |
|    clip_fraction        | 0.372       |
|    clip_range           | 0.2         |
|    entropy_loss         | -6.71       |
|    explained_variance   | 0.543       |
|    learning_rate        | 0.0003      |
|    loss                 | 2.02        |
|    n_updates            | 1240        |
|    policy_gradient_loss | -0.0912     |
|    std                  | 0.74        |
|    value_loss           | 5.46        |
-----------------------------------------
-----------------------------------------
| rollout/                |             |
|    ep_len_mean          | 1e+03       |
|    ep_rew_mean          | -275        |
| time/                   |             |
|    fps                  | 441         |
|    iterations           | 64          |
|    time_elapsed         | 74          |
|    total_timesteps      | 32768       |
| train/                  |             |
|    approx_kl            | 0.033027362 |
|    clip_fraction        | 0.387       |
|    clip_range           | 0.2         |
|    entropy_loss         | -6.67       |
|    explained_variance   | 0.757       |
|    learning_rate        | 0.0003      |
|    loss                 | 2.65        |
|    n_updates            | 1260        |
|    policy_gradient_loss | -0.0908     |
|    std                  | 0.733       |
|    value_loss           | 7.66        |
-----------------------------------------
-----------------------------------------
| rollout/                |             |
|    ep_len_mean          | 1e+03       |
|    ep_rew_mean          | -270        |
| time/                   |             |
|    fps                  | 441         |
|    iterations           | 65          |
|    time_elapsed         | 75          |
|    total_timesteps      | 33280       |
| train/                  |             |
|    approx_kl            | 0.045807444 |
|    clip_fraction        | 0.485       |
|    clip_range           | 0.2         |
|    entropy_loss         | -6.61       |
|    explained_variance   | 0.0326      |
|    learning_rate        | 0.0003      |
|    loss                 | 2.22        |
|    n_updates            | 1280        |
|    policy_gradient_loss | -0.105      |
|    std                  | 0.726       |
|    value_loss           | 3.93        |
-----------------------------------------
----------------------------------------
| rollout/                |            |
|    ep_len_mean          | 1e+03      |
|    ep_rew_mean          | -270       |
| time/                   |            |
|    fps                  | 441        |
|    iterations           | 66         |
|    time_elapsed         | 76         |
|    total_timesteps      | 33792      |
| train/                  |            |
|    approx_kl            | 0.01861411 |
|    clip_fraction        | 0.213      |
|    clip_range           | 0.2        |
|    entropy_loss         | -6.57      |
|    explained_variance   | 0.647      |
|    learning_rate        | 0.0003     |
|    loss                 | 8.6        |
|    n_updates            | 1300       |
|    policy_gradient_loss | -0.0709    |
|    std                  | 0.723      |
|    value_loss           | 22.9       |
----------------------------------------
-----------------------------------------
| rollout/                |             |
|    ep_len_mean          | 1e+03       |
|    ep_rew_mean          | -266        |
| time/                   |             |
|    fps                  | 441         |
|    iterations           | 67          |
|    time_elapsed         | 77          |
|    total_timesteps      | 34304       |
| train/                  |             |
|    approx_kl            | 0.040186264 |
|    clip_fraction        | 0.424       |
|    clip_range           | 0.2         |
|    entropy_loss         | -6.54       |
|    explained_variance   | 0.312       |
|    learning_rate        | 0.0003      |
|    loss                 | 1.37        |
|    n_updates            | 1320        |
|    policy_gradient_loss | -0.0986     |
|    std                  | 0.717       |
|    value_loss           | 4.31        |
-----------------------------------------
----------------------------------------
| rollout/                |            |
|    ep_len_mean          | 1e+03      |
|    ep_rew_mean          | -266       |
| time/                   |            |
|    fps                  | 441        |
|    iterations           | 68         |
|    time_elapsed         | 78         |
|    total_timesteps      | 34816      |
| train/                  |            |
|    approx_kl            | 0.04807945 |
|    clip_fraction        | 0.519      |
|    clip_range           | 0.2        |
|    entropy_loss         | -6.5       |
|    explained_variance   | 0.44       |
|    learning_rate        | 0.0003     |
|    loss                 | 1.12       |
|    n_updates            | 1340       |
|    policy_gradient_loss | -0.111     |
|    std                  | 0.714      |
|    value_loss           | 3.57       |
----------------------------------------
----------------------------------------
| rollout/                |            |
|    ep_len_mean          | 1e+03      |
|    ep_rew_mean          | -262       |
| time/                   |            |
|    fps                  | 441        |
|    iterations           | 69         |
|    time_elapsed         | 79         |
|    total_timesteps      | 35328      |
| train/                  |            |
|    approx_kl            | 0.05231853 |
|    clip_fraction        | 0.507      |
|    clip_range           | 0.2        |
|    entropy_loss         | -6.47      |
|    explained_variance   | 0.182      |
|    learning_rate        | 0.0003     |
|    loss                 | 1.7        |
|    n_updates            | 1360       |
|    policy_gradient_loss | -0.113     |
|    std                  | 0.71       |
|    value_loss           | 3.76       |
----------------------------------------
----------------------------------------
| rollout/                |            |
|    ep_len_mean          | 1e+03      |
|    ep_rew_mean          | -262       |
| time/                   |            |
|    fps                  | 441        |
|    iterations           | 70         |
|    time_elapsed         | 81         |
|    total_timesteps      | 35840      |
| train/                  |            |
|    approx_kl            | 0.04784679 |
|    clip_fraction        | 0.536      |
|    clip_range           | 0.2        |
|    entropy_loss         | -6.42      |
|    explained_variance   | 0.4        |
|    learning_rate        | 0.0003     |
|    loss                 | 1.11       |
|    n_updates            | 1380       |
|    policy_gradient_loss | -0.119     |
|    std                  | 0.705      |
|    value_loss           | 3.42       |
----------------------------------------
-----------------------------------------
| rollout/                |             |
|    ep_len_mean          | 1e+03       |
|    ep_rew_mean          | -258        |
| time/                   |             |
|    fps                  | 441         |
|    iterations           | 71          |
|    time_elapsed         | 82          |
|    total_timesteps      | 36352       |
| train/                  |             |
|    approx_kl            | 0.046082266 |
|    clip_fraction        | 0.489       |
|    clip_range           | 0.2         |
|    entropy_loss         | -6.41       |
|    explained_variance   | 0.33        |
|    learning_rate        | 0.0003      |
|    loss                 | 1.67        |
|    n_updates            | 1400        |
|    policy_gradient_loss | -0.111      |
|    std                  | 0.704       |
|    value_loss           | 3.64        |
-----------------------------------------
-----------------------------------------
| rollout/                |             |
|    ep_len_mean          | 1e+03       |
|    ep_rew_mean          | -258        |
| time/                   |             |
|    fps                  | 441         |
|    iterations           | 72          |
|    time_elapsed         | 83          |
|    total_timesteps      | 36864       |
| train/                  |             |
|    approx_kl            | 0.026900385 |
|    clip_fraction        | 0.339       |
|    clip_range           | 0.2         |
|    entropy_loss         | -6.41       |
|    explained_variance   | -0.255      |
|    learning_rate        | 0.0003      |
|    loss                 | 2.15        |
|    n_updates            | 1420        |
|    policy_gradient_loss | -0.0898     |
|    std                  | 0.704       |
|    value_loss           | 6.13        |
-----------------------------------------
----------------------------------------
| rollout/                |            |
|    ep_len_mean          | 1e+03      |
|    ep_rew_mean          | -255       |
| time/                   |            |
|    fps                  | 441        |
|    iterations           | 73         |
|    time_elapsed         | 84         |
|    total_timesteps      | 37376      |
| train/                  |            |
|    approx_kl            | 0.05064882 |
|    clip_fraction        | 0.48       |
|    clip_range           | 0.2        |
|    entropy_loss         | -6.37      |
|    explained_variance   | 0.137      |
|    learning_rate        | 0.0003     |
|    loss                 | 0.975      |
|    n_updates            | 1440       |
|    policy_gradient_loss | -0.107     |
|    std                  | 0.699      |
|    value_loss           | 3.43       |
----------------------------------------
----------------------------------------
| rollout/                |            |
|    ep_len_mean          | 1e+03      |
|    ep_rew_mean          | -255       |
| time/                   |            |
|    fps                  | 441        |
|    iterations           | 74         |
|    time_elapsed         | 85         |
|    total_timesteps      | 37888      |
| train/                  |            |
|    approx_kl            | 0.04014129 |
|    clip_fraction        | 0.462      |
|    clip_range           | 0.2        |
|    entropy_loss         | -6.33      |
|    explained_variance   | 0.332      |
|    learning_rate        | 0.0003     |
|    loss                 | 2.54       |
|    n_updates            | 1460       |
|    policy_gradient_loss | -0.111     |
|    std                  | 0.694      |
|    value_loss           | 5.69       |
----------------------------------------
-----------------------------------------
| rollout/                |             |
|    ep_len_mean          | 1e+03       |
|    ep_rew_mean          | -251        |
| time/                   |             |
|    fps                  | 441         |
|    iterations           | 75          |
|    time_elapsed         | 86          |
|    total_timesteps      | 38400       |
| train/                  |             |
|    approx_kl            | 0.042788398 |
|    clip_fraction        | 0.504       |
|    clip_range           | 0.2         |
|    entropy_loss         | -6.27       |
|    explained_variance   | 0.291       |
|    learning_rate        | 0.0003      |
|    loss                 | 1.72        |
|    n_updates            | 1480        |
|    policy_gradient_loss | -0.114      |
|    std                  | 0.684       |
|    value_loss           | 4.6         |
-----------------------------------------
-----------------------------------------
| rollout/                |             |
|    ep_len_mean          | 1e+03       |
|    ep_rew_mean          | -251        |
| time/                   |             |
|    fps                  | 441         |
|    iterations           | 76          |
|    time_elapsed         | 88          |
|    total_timesteps      | 38912       |
| train/                  |             |
|    approx_kl            | 0.028772473 |
|    clip_fraction        | 0.343       |
|    clip_range           | 0.2         |
|    entropy_loss         | -6.21       |
|    explained_variance   | 0.386       |
|    learning_rate        | 0.0003      |
|    loss                 | 3.53        |
|    n_updates            | 1500        |
|    policy_gradient_loss | -0.0886     |
|    std                  | 0.68        |
|    value_loss           | 6.75        |
-----------------------------------------
----------------------------------------
| rollout/                |            |
|    ep_len_mean          | 1e+03      |
|    ep_rew_mean          | -247       |
| time/                   |            |
|    fps                  | 441        |
|    iterations           | 77         |
|    time_elapsed         | 89         |
|    total_timesteps      | 39424      |
| train/                  |            |
|    approx_kl            | 0.04242441 |
|    clip_fraction        | 0.499      |
|    clip_range           | 0.2        |
|    entropy_loss         | -6.17      |
|    explained_variance   | 0.328      |
|    learning_rate        | 0.0003     |
|    loss                 | 1.26       |
|    n_updates            | 1520       |
|    policy_gradient_loss | -0.112     |
|    std                  | 0.675      |
|    value_loss           | 3.85       |
----------------------------------------
-----------------------------------------
| rollout/                |             |
|    ep_len_mean          | 1e+03       |
|    ep_rew_mean          | -247        |
| time/                   |             |
|    fps                  | 441         |
|    iterations           | 78          |
|    time_elapsed         | 90          |
|    total_timesteps      | 39936       |
| train/                  |             |
|    approx_kl            | 0.047043856 |
|    clip_fraction        | 0.479       |
|    clip_range           | 0.2         |
|    entropy_loss         | -6.12       |
|    explained_variance   | 0.265       |
|    learning_rate        | 0.0003      |
|    loss                 | 1.82        |
|    n_updates            | 1540        |
|    policy_gradient_loss | -0.11       |
|    std                  | 0.67        |
|    value_loss           | 4.34        |
-----------------------------------------
-----------------------------------------
| rollout/                |             |
|    ep_len_mean          | 1e+03       |
|    ep_rew_mean          | -242        |
| time/                   |             |
|    fps                  | 441         |
|    iterations           | 79          |
|    time_elapsed         | 91          |
|    total_timesteps      | 40448       |
| train/                  |             |
|    approx_kl            | 0.048653245 |
|    clip_fraction        | 0.508       |
|    clip_range           | 0.2         |
|    entropy_loss         | -6.06       |
|    explained_variance   | 0.538       |
|    learning_rate        | 0.0003      |
|    loss                 | 0.689       |
|    n_updates            | 1560        |
|    policy_gradient_loss | -0.11       |
|    std                  | 0.662       |
|    value_loss           | 2.39        |
-----------------------------------------
----------------------------------------
| rollout/                |            |
|    ep_len_mean          | 1e+03      |
|    ep_rew_mean          | -242       |
| time/                   |            |
|    fps                  | 441        |
|    iterations           | 80         |
|    time_elapsed         | 92         |
|    total_timesteps      | 40960      |
| train/                  |            |
|    approx_kl            | 0.04880976 |
|    clip_fraction        | 0.526      |
|    clip_range           | 0.2        |
|    entropy_loss         | -5.97      |
|    explained_variance   | 0.475      |
|    learning_rate        | 0.0003     |
|    loss                 | 0.764      |
|    n_updates            | 1580       |
|    policy_gradient_loss | -0.112     |
|    std                  | 0.652      |
|    value_loss           | 3.77       |
----------------------------------------
----------------------------------------
| rollout/                |            |
|    ep_len_mean          | 1e+03      |
|    ep_rew_mean          | -238       |
| time/                   |            |
|    fps                  | 441        |
|    iterations           | 81         |
|    time_elapsed         | 93         |
|    total_timesteps      | 41472      |
| train/                  |            |
|    approx_kl            | 0.04750631 |
|    clip_fraction        | 0.499      |
|    clip_range           | 0.2        |
|    entropy_loss         | -5.93      |
|    explained_variance   | 0.255      |
|    learning_rate        | 0.0003     |
|    loss                 | 1.62       |
|    n_updates            | 1600       |
|    policy_gradient_loss | -0.109     |
|    std                  | 0.651      |
|    value_loss           | 3.37       |
----------------------------------------
-----------------------------------------
| rollout/                |             |
|    ep_len_mean          | 1e+03       |
|    ep_rew_mean          | -238        |
| time/                   |             |
|    fps                  | 441         |
|    iterations           | 82          |
|    time_elapsed         | 95          |
|    total_timesteps      | 41984       |
| train/                  |             |
|    approx_kl            | 0.047739394 |
|    clip_fraction        | 0.492       |
|    clip_range           | 0.2         |
|    entropy_loss         | -5.89       |
|    explained_variance   | 0.362       |
|    learning_rate        | 0.0003      |
|    loss                 | 1.38        |
|    n_updates            | 1620        |
|    policy_gradient_loss | -0.11       |
|    std                  | 0.644       |
|    value_loss           | 3.91        |
-----------------------------------------
----------------------------------------
| rollout/                |            |
|    ep_len_mean          | 1e+03      |
|    ep_rew_mean          | -234       |
| time/                   |            |
|    fps                  | 441        |
|    iterations           | 83         |
|    time_elapsed         | 96         |
|    total_timesteps      | 42496      |
| train/                  |            |
|    approx_kl            | 0.03725829 |
|    clip_fraction        | 0.47       |
|    clip_range           | 0.2        |
|    entropy_loss         | -5.85      |
|    explained_variance   | 0.519      |
|    learning_rate        | 0.0003     |
|    loss                 | 1.81       |
|    n_updates            | 1640       |
|    policy_gradient_loss | -0.111     |
|    std                  | 0.641      |
|    value_loss           | 4.01       |
----------------------------------------
-----------------------------------------
| rollout/                |             |
|    ep_len_mean          | 1e+03       |
|    ep_rew_mean          | -228        |
| time/                   |             |
|    fps                  | 441         |
|    iterations           | 84          |
|    time_elapsed         | 97          |
|    total_timesteps      | 43008       |
| train/                  |             |
|    approx_kl            | 0.042923056 |
|    clip_fraction        | 0.427       |
|    clip_range           | 0.2         |
|    entropy_loss         | -5.84       |
|    explained_variance   | 0.417       |
|    learning_rate        | 0.0003      |
|    loss                 | 1.22        |
|    n_updates            | 1660        |
|    policy_gradient_loss | -0.0979     |
|    std                  | 0.641       |
|    value_loss           | 4.46        |
-----------------------------------------
----------------------------------------
| rollout/                |            |
|    ep_len_mean          | 1e+03      |
|    ep_rew_mean          | -228       |
| time/                   |            |
|    fps                  | 441        |
|    iterations           | 85         |
|    time_elapsed         | 98         |
|    total_timesteps      | 43520      |
| train/                  |            |
|    approx_kl            | 0.03760288 |
|    clip_fraction        | 0.402      |
|    clip_range           | 0.2        |
|    entropy_loss         | -5.83      |
|    explained_variance   | 0.59       |
|    learning_rate        | 0.0003     |
|    loss                 | 0.981      |
|    n_updates            | 1680       |
|    policy_gradient_loss | -0.0965    |
|    std                  | 0.639      |
|    value_loss           | 3.85       |
----------------------------------------
----------------------------------------
| rollout/                |            |
|    ep_len_mean          | 1e+03      |
|    ep_rew_mean          | -221       |
| time/                   |            |
|    fps                  | 442        |
|    iterations           | 86         |
|    time_elapsed         | 99         |
|    total_timesteps      | 44032      |
| train/                  |            |
|    approx_kl            | 0.04851967 |
|    clip_fraction        | 0.533      |
|    clip_range           | 0.2        |
|    entropy_loss         | -5.79      |
|    explained_variance   | 0.173      |
|    learning_rate        | 0.0003     |
|    loss                 | 0.953      |
|    n_updates            | 1700       |
|    policy_gradient_loss | -0.117     |
|    std                  | 0.634      |
|    value_loss           | 2.74       |
----------------------------------------
----------------------------------------
| rollout/                |            |
|    ep_len_mean          | 1e+03      |
|    ep_rew_mean          | -221       |
| time/                   |            |
|    fps                  | 442        |
|    iterations           | 87         |
|    time_elapsed         | 100        |
|    total_timesteps      | 44544      |
| train/                  |            |
|    approx_kl            | 0.03865225 |
|    clip_fraction        | 0.41       |
|    clip_range           | 0.2        |
|    entropy_loss         | -5.75      |
|    explained_variance   | 0.727      |
|    learning_rate        | 0.0003     |
|    loss                 | 2.11       |
|    n_updates            | 1720       |
|    policy_gradient_loss | -0.0992    |
|    std                  | 0.629      |
|    value_loss           | 5.35       |
----------------------------------------
-----------------------------------------
| rollout/                |             |
|    ep_len_mean          | 1e+03       |
|    ep_rew_mean          | -216        |
| time/                   |             |
|    fps                  | 442         |
|    iterations           | 88          |
|    time_elapsed         | 101         |
|    total_timesteps      | 45056       |
| train/                  |             |
|    approx_kl            | 0.043923296 |
|    clip_fraction        | 0.46        |
|    clip_range           | 0.2         |
|    entropy_loss         | -5.7        |
|    explained_variance   | 0.387       |
|    learning_rate        | 0.0003      |
|    loss                 | 2.4         |
|    n_updates            | 1740        |
|    policy_gradient_loss | -0.104      |
|    std                  | 0.625       |
|    value_loss           | 5.35        |
-----------------------------------------
-----------------------------------------
| rollout/                |             |
|    ep_len_mean          | 1e+03       |
|    ep_rew_mean          | -216        |
| time/                   |             |
|    fps                  | 442         |
|    iterations           | 89          |
|    time_elapsed         | 103         |
|    total_timesteps      | 45568       |
| train/                  |             |
|    approx_kl            | 0.032964855 |
|    clip_fraction        | 0.342       |
|    clip_range           | 0.2         |
|    entropy_loss         | -5.67       |
|    explained_variance   | -0.497      |
|    learning_rate        | 0.0003      |
|    loss                 | 2.46        |
|    n_updates            | 1760        |
|    policy_gradient_loss | -0.0884     |
|    std                  | 0.621       |
|    value_loss           | 7.7         |
-----------------------------------------
---------------------------------------
| rollout/                |           |
|    ep_len_mean          | 1e+03     |
|    ep_rew_mean          | -211      |
| time/                   |           |
|    fps                  | 442       |
|    iterations           | 90        |
|    time_elapsed         | 104       |
|    total_timesteps      | 46080     |
| train/                  |           |
|    approx_kl            | 0.0428603 |
|    clip_fraction        | 0.464     |
|    clip_range           | 0.2       |
|    entropy_loss         | -5.62     |
|    explained_variance   | 0.32      |
|    learning_rate        | 0.0003    |
|    loss                 | 2.75      |
|    n_updates            | 1780      |
|    policy_gradient_loss | -0.106    |
|    std                  | 0.617     |
|    value_loss           | 6.7       |
---------------------------------------
----------------------------------------
| rollout/                |            |
|    ep_len_mean          | 1e+03      |
|    ep_rew_mean          | -211       |
| time/                   |            |
|    fps                  | 442        |
|    iterations           | 91         |
|    time_elapsed         | 105        |
|    total_timesteps      | 46592      |
| train/                  |            |
|    approx_kl            | 0.05006459 |
|    clip_fraction        | 0.472      |
|    clip_range           | 0.2        |
|    entropy_loss         | -5.58      |
|    explained_variance   | 0.55       |
|    learning_rate        | 0.0003     |
|    loss                 | 1.75       |
|    n_updates            | 1800       |
|    policy_gradient_loss | -0.106     |
|    std                  | 0.613      |
|    value_loss           | 4.11       |
----------------------------------------
-----------------------------------------
| rollout/                |             |
|    ep_len_mean          | 1e+03       |
|    ep_rew_mean          | -205        |
| time/                   |             |
|    fps                  | 442         |
|    iterations           | 92          |
|    time_elapsed         | 106         |
|    total_timesteps      | 47104       |
| train/                  |             |
|    approx_kl            | 0.055201005 |
|    clip_fraction        | 0.535       |
|    clip_range           | 0.2         |
|    entropy_loss         | -5.56       |
|    explained_variance   | 0.651       |
|    learning_rate        | 0.0003      |
|    loss                 | 1.48        |
|    n_updates            | 1820        |
|    policy_gradient_loss | -0.113      |
|    std                  | 0.612       |
|    value_loss           | 3.62        |
-----------------------------------------
---------------------------------------
| rollout/                |           |
|    ep_len_mean          | 1e+03     |
|    ep_rew_mean          | -205      |
| time/                   |           |
|    fps                  | 442       |
|    iterations           | 93        |
|    time_elapsed         | 107       |
|    total_timesteps      | 47616     |
| train/                  |           |
|    approx_kl            | 0.0362478 |
|    clip_fraction        | 0.419     |
|    clip_range           | 0.2       |
|    entropy_loss         | -5.53     |
|    explained_variance   | 0.768     |
|    learning_rate        | 0.0003    |
|    loss                 | 2.81      |
|    n_updates            | 1840      |
|    policy_gradient_loss | -0.093    |
|    std                  | 0.608     |
|    value_loss           | 7.77      |
---------------------------------------
-----------------------------------------
| rollout/                |             |
|    ep_len_mean          | 1e+03       |
|    ep_rew_mean          | -198        |
| time/                   |             |
|    fps                  | 442         |
|    iterations           | 94          |
|    time_elapsed         | 108         |
|    total_timesteps      | 48128       |
| train/                  |             |
|    approx_kl            | 0.040013514 |
|    clip_fraction        | 0.417       |
|    clip_range           | 0.2         |
|    entropy_loss         | -5.51       |
|    explained_variance   | 0.656       |
|    learning_rate        | 0.0003      |
|    loss                 | 3.39        |
|    n_updates            | 1860        |
|    policy_gradient_loss | -0.0998     |
|    std                  | 0.606       |
|    value_loss           | 7.1         |
-----------------------------------------
-----------------------------------------
| rollout/                |             |
|    ep_len_mean          | 1e+03       |
|    ep_rew_mean          | -198        |
| time/                   |             |
|    fps                  | 442         |
|    iterations           | 95          |
|    time_elapsed         | 109         |
|    total_timesteps      | 48640       |
| train/                  |             |
|    approx_kl            | 0.029692706 |
|    clip_fraction        | 0.382       |
|    clip_range           | 0.2         |
|    entropy_loss         | -5.49       |
|    explained_variance   | 0.623       |
|    learning_rate        | 0.0003      |
|    loss                 | 3.62        |
|    n_updates            | 1880        |
|    policy_gradient_loss | -0.0888     |
|    std                  | 0.604       |
|    value_loss           | 10.3        |
-----------------------------------------
-----------------------------------------
| rollout/                |             |
|    ep_len_mean          | 1e+03       |
|    ep_rew_mean          | -193        |
| time/                   |             |
|    fps                  | 442         |
|    iterations           | 96          |
|    time_elapsed         | 111         |
|    total_timesteps      | 49152       |
| train/                  |             |
|    approx_kl            | 0.047412276 |
|    clip_fraction        | 0.526       |
|    clip_range           | 0.2         |
|    entropy_loss         | -5.45       |
|    explained_variance   | 0.466       |
|    learning_rate        | 0.0003      |
|    loss                 | 1.84        |
|    n_updates            | 1900        |
|    policy_gradient_loss | -0.112      |
|    std                  | 0.597       |
|    value_loss           | 4.7         |
-----------------------------------------
----------------------------------------
| rollout/                |            |
|    ep_len_mean          | 1e+03      |
|    ep_rew_mean          | -193       |
| time/                   |            |
|    fps                  | 442        |
|    iterations           | 97         |
|    time_elapsed         | 112        |
|    total_timesteps      | 49664      |
| train/                  |            |
|    approx_kl            | 0.04334918 |
|    clip_fraction        | 0.446      |
|    clip_range           | 0.2        |
|    entropy_loss         | -5.39      |
|    explained_variance   | 0.71       |
|    learning_rate        | 0.0003     |
|    loss                 | 2.02       |
|    n_updates            | 1920       |
|    policy_gradient_loss | -0.104     |
|    std                  | 0.594      |
|    value_loss           | 5.14       |
----------------------------------------
-----------------------------------------
| rollout/                |             |
|    ep_len_mean          | 1e+03       |
|    ep_rew_mean          | -187        |
| time/                   |             |
|    fps                  | 442         |
|    iterations           | 98          |
|    time_elapsed         | 113         |
|    total_timesteps      | 50176       |
| train/                  |             |
|    approx_kl            | 0.050239295 |
|    clip_fraction        | 0.489       |
|    clip_range           | 0.2         |
|    entropy_loss         | -5.35       |
|    explained_variance   | 0.66        |
|    learning_rate        | 0.0003      |
|    loss                 | 1.9         |
|    n_updates            | 1940        |
|    policy_gradient_loss | -0.108      |
|    std                  | 0.589       |
|    value_loss           | 4.87        |
-----------------------------------------
-----------------------------------------
| rollout/                |             |
|    ep_len_mean          | 1e+03       |
|    ep_rew_mean          | -187        |
| time/                   |             |
|    fps                  | 442         |
|    iterations           | 99          |
|    time_elapsed         | 114         |
|    total_timesteps      | 50688       |
| train/                  |             |
|    approx_kl            | 0.053544857 |
|    clip_fraction        | 0.484       |
|    clip_range           | 0.2         |
|    entropy_loss         | -5.33       |
|    explained_variance   | 0.856       |
|    learning_rate        | 0.0003      |
|    loss                 | 1.56        |
|    n_updates            | 1960        |
|    policy_gradient_loss | -0.104      |
|    std                  | 0.589       |
|    value_loss           | 4.25        |
-----------------------------------------
-----------------------------------------
| rollout/                |             |
|    ep_len_mean          | 1e+03       |
|    ep_rew_mean          | -182        |
| time/                   |             |
|    fps                  | 442         |
|    iterations           | 100         |
|    time_elapsed         | 115         |
|    total_timesteps      | 51200       |
| train/                  |             |
|    approx_kl            | 0.056717973 |
|    clip_fraction        | 0.54        |
|    clip_range           | 0.2         |
|    entropy_loss         | -5.3        |
|    explained_variance   | 0.657       |
|    learning_rate        | 0.0003      |
|    loss                 | 1.48        |
|    n_updates            | 1980        |
|    policy_gradient_loss | -0.116      |
|    std                  | 0.585       |
|    value_loss           | 3.72        |
-----------------------------------------
-----------------------------------------
| rollout/                |             |
|    ep_len_mean          | 1e+03       |
|    ep_rew_mean          | -182        |
| time/                   |             |
|    fps                  | 442         |
|    iterations           | 101         |
|    time_elapsed         | 116         |
|    total_timesteps      | 51712       |
| train/                  |             |
|    approx_kl            | 0.037271775 |
|    clip_fraction        | 0.415       |
|    clip_range           | 0.2         |
|    entropy_loss         | -5.26       |
|    explained_variance   | 0.739       |
|    learning_rate        | 0.0003      |
|    loss                 | 2.24        |
|    n_updates            | 2000        |
|    policy_gradient_loss | -0.0989     |
|    std                  | 0.581       |
|    value_loss           | 7.72        |
-----------------------------------------
----------------------------------------
| rollout/                |            |
|    ep_len_mean          | 1e+03      |
|    ep_rew_mean          | -177       |
| time/                   |            |
|    fps                  | 443        |
|    iterations           | 102        |
|    time_elapsed         | 117        |
|    total_timesteps      | 52224      |
| train/                  |            |
|    approx_kl            | 0.05362253 |
|    clip_fraction        | 0.539      |
|    clip_range           | 0.2        |
|    entropy_loss         | -5.19      |
|    explained_variance   | 0.286      |
|    learning_rate        | 0.0003     |
|    loss                 | 1.71       |
|    n_updates            | 2020       |
|    policy_gradient_loss | -0.115     |
|    std                  | 0.572      |
|    value_loss           | 5.08       |
----------------------------------------
-----------------------------------------
| rollout/                |             |
|    ep_len_mean          | 1e+03       |
|    ep_rew_mean          | -177        |
| time/                   |             |
|    fps                  | 443         |
|    iterations           | 103         |
|    time_elapsed         | 119         |
|    total_timesteps      | 52736       |
| train/                  |             |
|    approx_kl            | 0.038275734 |
|    clip_fraction        | 0.449       |
|    clip_range           | 0.2         |
|    entropy_loss         | -5.13       |
|    explained_variance   | 0.76        |
|    learning_rate        | 0.0003      |
|    loss                 | 2.46        |
|    n_updates            | 2040        |
|    policy_gradient_loss | -0.105      |
|    std                  | 0.57        |
|    value_loss           | 5.19        |
-----------------------------------------
-----------------------------------------
| rollout/                |             |
|    ep_len_mean          | 1e+03       |
|    ep_rew_mean          | -171        |
| time/                   |             |
|    fps                  | 443         |
|    iterations           | 104         |
|    time_elapsed         | 120         |
|    total_timesteps      | 53248       |
| train/                  |             |
|    approx_kl            | 0.055443276 |
|    clip_fraction        | 0.485       |
|    clip_range           | 0.2         |
|    entropy_loss         | -5.11       |
|    explained_variance   | 0.696       |
|    learning_rate        | 0.0003      |
|    loss                 | 1.75        |
|    n_updates            | 2060        |
|    policy_gradient_loss | -0.11       |
|    std                  | 0.567       |
|    value_loss           | 5.31        |
-----------------------------------------
-----------------------------------------
| rollout/                |             |
|    ep_len_mean          | 1e+03       |
|    ep_rew_mean          | -171        |
| time/                   |             |
|    fps                  | 443         |
|    iterations           | 105         |
|    time_elapsed         | 121         |
|    total_timesteps      | 53760       |
| train/                  |             |
|    approx_kl            | 0.038563974 |
|    clip_fraction        | 0.387       |
|    clip_range           | 0.2         |
|    entropy_loss         | -5.07       |
|    explained_variance   | 0.712       |
|    learning_rate        | 0.0003      |
|    loss                 | 2.26        |
|    n_updates            | 2080        |
|    policy_gradient_loss | -0.0964     |
|    std                  | 0.563       |
|    value_loss           | 8.47        |
-----------------------------------------
----------------------------------------
| rollout/                |            |
|    ep_len_mean          | 1e+03      |
|    ep_rew_mean          | -164       |
| time/                   |            |
|    fps                  | 443        |
|    iterations           | 106        |
|    time_elapsed         | 122        |
|    total_timesteps      | 54272      |
| train/                  |            |
|    approx_kl            | 0.04799301 |
|    clip_fraction        | 0.466      |
|    clip_range           | 0.2        |
|    entropy_loss         | -5.02      |
|    explained_variance   | 0.71       |
|    learning_rate        | 0.0003     |
|    loss                 | 2.86       |
|    n_updates            | 2100       |
|    policy_gradient_loss | -0.105     |
|    std                  | 0.558      |
|    value_loss           | 6.05       |
----------------------------------------
-----------------------------------------
| rollout/                |             |
|    ep_len_mean          | 1e+03       |
|    ep_rew_mean          | -164        |
| time/                   |             |
|    fps                  | 443         |
|    iterations           | 107         |
|    time_elapsed         | 123         |
|    total_timesteps      | 54784       |
| train/                  |             |
|    approx_kl            | 0.044218354 |
|    clip_fraction        | 0.465       |
|    clip_range           | 0.2         |
|    entropy_loss         | -4.97       |
|    explained_variance   | 0.754       |
|    learning_rate        | 0.0003      |
|    loss                 | 3.78        |
|    n_updates            | 2120        |
|    policy_gradient_loss | -0.097      |
|    std                  | 0.553       |
|    value_loss           | 8.38        |
-----------------------------------------
----------------------------------------
| rollout/                |            |
|    ep_len_mean          | 1e+03      |
|    ep_rew_mean          | -158       |
| time/                   |            |
|    fps                  | 443        |
|    iterations           | 108        |
|    time_elapsed         | 124        |
|    total_timesteps      | 55296      |
| train/                  |            |
|    approx_kl            | 0.06432207 |
|    clip_fraction        | 0.542      |
|    clip_range           | 0.2        |
|    entropy_loss         | -4.91      |
|    explained_variance   | 0.601      |
|    learning_rate        | 0.0003     |
|    loss                 | 2.26       |
|    n_updates            | 2140       |
|    policy_gradient_loss | -0.113     |
|    std                  | 0.548      |
|    value_loss           | 4.93       |
----------------------------------------
-----------------------------------------
| rollout/                |             |
|    ep_len_mean          | 1e+03       |
|    ep_rew_mean          | -158        |
| time/                   |             |
|    fps                  | 443         |
|    iterations           | 109         |
|    time_elapsed         | 125         |
|    total_timesteps      | 55808       |
| train/                  |             |
|    approx_kl            | 0.050335824 |
|    clip_fraction        | 0.497       |
|    clip_range           | 0.2         |
|    entropy_loss         | -4.86       |
|    explained_variance   | 0.703       |
|    learning_rate        | 0.0003      |
|    loss                 | 1.47        |
|    n_updates            | 2160        |
|    policy_gradient_loss | -0.105      |
|    std                  | 0.544       |
|    value_loss           | 5.79        |
-----------------------------------------
----------------------------------------
| rollout/                |            |
|    ep_len_mean          | 1e+03      |
|    ep_rew_mean          | -152       |
| time/                   |            |
|    fps                  | 443        |
|    iterations           | 110        |
|    time_elapsed         | 127        |
|    total_timesteps      | 56320      |
| train/                  |            |
|    approx_kl            | 0.04921884 |
|    clip_fraction        | 0.524      |
|    clip_range           | 0.2        |
|    entropy_loss         | -4.82      |
|    explained_variance   | 0.711      |
|    learning_rate        | 0.0003     |
|    loss                 | 1.68       |
|    n_updates            | 2180       |
|    policy_gradient_loss | -0.108     |
|    std                  | 0.541      |
|    value_loss           | 4.99       |
----------------------------------------
-----------------------------------------
| rollout/                |             |
|    ep_len_mean          | 1e+03       |
|    ep_rew_mean          | -152        |
| time/                   |             |
|    fps                  | 443         |
|    iterations           | 111         |
|    time_elapsed         | 128         |
|    total_timesteps      | 56832       |
| train/                  |             |
|    approx_kl            | 0.032676674 |
|    clip_fraction        | 0.385       |
|    clip_range           | 0.2         |
|    entropy_loss         | -4.79       |
|    explained_variance   | 0.488       |
|    learning_rate        | 0.0003      |
|    loss                 | 4.75        |
|    n_updates            | 2200        |
|    policy_gradient_loss | -0.0868     |
|    std                  | 0.538       |
|    value_loss           | 17.4        |
-----------------------------------------
---------------------------------------
| rollout/                |           |
|    ep_len_mean          | 1e+03     |
|    ep_rew_mean          | -146      |
| time/                   |           |
|    fps                  | 443       |
|    iterations           | 112       |
|    time_elapsed         | 129       |
|    total_timesteps      | 57344     |
| train/                  |           |
|    approx_kl            | 0.0403624 |
|    clip_fraction        | 0.451     |
|    clip_range           | 0.2       |
|    entropy_loss         | -4.76     |
|    explained_variance   | 0.57      |
|    learning_rate        | 0.0003    |
|    loss                 | 4.5       |
|    n_updates            | 2220      |
|    policy_gradient_loss | -0.106    |
|    std                  | 0.535     |
|    value_loss           | 9.9       |
---------------------------------------
-----------------------------------------
| rollout/                |             |
|    ep_len_mean          | 1e+03       |
|    ep_rew_mean          | -146        |
| time/                   |             |
|    fps                  | 443         |
|    iterations           | 113         |
|    time_elapsed         | 130         |
|    total_timesteps      | 57856       |
| train/                  |             |
|    approx_kl            | 0.046246298 |
|    clip_fraction        | 0.503       |
|    clip_range           | 0.2         |
|    entropy_loss         | -4.73       |
|    explained_variance   | 0.753       |
|    learning_rate        | 0.0003      |
|    loss                 | 3.01        |
|    n_updates            | 2240        |
|    policy_gradient_loss | -0.109      |
|    std                  | 0.533       |
|    value_loss           | 7.6         |
-----------------------------------------
----------------------------------------
| rollout/                |            |
|    ep_len_mean          | 1e+03      |
|    ep_rew_mean          | -139       |
| time/                   |            |
|    fps                  | 443        |
|    iterations           | 114        |
|    time_elapsed         | 131        |
|    total_timesteps      | 58368      |
| train/                  |            |
|    approx_kl            | 0.05405356 |
|    clip_fraction        | 0.481      |
|    clip_range           | 0.2        |
|    entropy_loss         | -4.71      |
|    explained_variance   | 0.778      |
|    learning_rate        | 0.0003     |
|    loss                 | 2.09       |
|    n_updates            | 2260       |
|    policy_gradient_loss | -0.101     |
|    std                  | 0.531      |
|    value_loss           | 5.85       |
----------------------------------------
-----------------------------------------
| rollout/                |             |
|    ep_len_mean          | 1e+03       |
|    ep_rew_mean          | -139        |
| time/                   |             |
|    fps                  | 443         |
|    iterations           | 115         |
|    time_elapsed         | 132         |
|    total_timesteps      | 58880       |
| train/                  |             |
|    approx_kl            | 0.051315397 |
|    clip_fraction        | 0.552       |
|    clip_range           | 0.2         |
|    entropy_loss         | -4.68       |
|    explained_variance   | 0.83        |
|    learning_rate        | 0.0003      |
|    loss                 | 3.16        |
|    n_updates            | 2280        |
|    policy_gradient_loss | -0.114      |
|    std                  | 0.528       |
|    value_loss           | 9.73        |
-----------------------------------------
-----------------------------------------
| rollout/                |             |
|    ep_len_mean          | 1e+03       |
|    ep_rew_mean          | -132        |
| time/                   |             |
|    fps                  | 443         |
|    iterations           | 116         |
|    time_elapsed         | 133         |
|    total_timesteps      | 59392       |
| train/                  |             |
|    approx_kl            | 0.047822405 |
|    clip_fraction        | 0.457       |
|    clip_range           | 0.2         |
|    entropy_loss         | -4.63       |
|    explained_variance   | 0.694       |
|    learning_rate        | 0.0003      |
|    loss                 | 2.26        |
|    n_updates            | 2300        |
|    policy_gradient_loss | -0.101      |
|    std                  | 0.522       |
|    value_loss           | 5.79        |
-----------------------------------------
-----------------------------------------
| rollout/                |             |
|    ep_len_mean          | 1e+03       |
|    ep_rew_mean          | -132        |
| time/                   |             |
|    fps                  | 443         |
|    iterations           | 117         |
|    time_elapsed         | 135         |
|    total_timesteps      | 59904       |
| train/                  |             |
|    approx_kl            | 0.049556494 |
|    clip_fraction        | 0.481       |
|    clip_range           | 0.2         |
|    entropy_loss         | -4.6        |
|    explained_variance   | 0.738       |
|    learning_rate        | 0.0003      |
|    loss                 | 4.3         |
|    n_updates            | 2320        |
|    policy_gradient_loss | -0.0995     |
|    std                  | 0.522       |
|    value_loss           | 11.5        |
-----------------------------------------
-----------------------------------------
| rollout/                |             |
|    ep_len_mean          | 1e+03       |
|    ep_rew_mean          | -124        |
| time/                   |             |
|    fps                  | 443         |
|    iterations           | 118         |
|    time_elapsed         | 136         |
|    total_timesteps      | 60416       |
| train/                  |             |
|    approx_kl            | 0.051795386 |
|    clip_fraction        | 0.479       |
|    clip_range           | 0.2         |
|    entropy_loss         | -4.56       |
|    explained_variance   | 0.684       |
|    learning_rate        | 0.0003      |
|    loss                 | 2.16        |
|    n_updates            | 2340        |
|    policy_gradient_loss | -0.101      |
|    std                  | 0.515       |
|    value_loss           | 5.69        |
-----------------------------------------
-----------------------------------------
| rollout/                |             |
|    ep_len_mean          | 1e+03       |
|    ep_rew_mean          | -124        |
| time/                   |             |
|    fps                  | 443         |
|    iterations           | 119         |
|    time_elapsed         | 137         |
|    total_timesteps      | 60928       |
| train/                  |             |
|    approx_kl            | 0.058987256 |
|    clip_fraction        | 0.528       |
|    clip_range           | 0.2         |
|    entropy_loss         | -4.5        |
|    explained_variance   | 0.732       |
|    learning_rate        | 0.0003      |
|    loss                 | 3.95        |
|    n_updates            | 2360        |
|    policy_gradient_loss | -0.107      |
|    std                  | 0.512       |
|    value_loss           | 8.72        |
-----------------------------------------
----------------------------------------
| rollout/                |            |
|    ep_len_mean          | 1e+03      |
|    ep_rew_mean          | -118       |
| time/                   |            |
|    fps                  | 443        |
|    iterations           | 120        |
|    time_elapsed         | 138        |
|    total_timesteps      | 61440      |
| train/                  |            |
|    approx_kl            | 0.05078809 |
|    clip_fraction        | 0.537      |
|    clip_range           | 0.2        |
|    entropy_loss         | -4.45      |
|    explained_variance   | 0.75       |
|    learning_rate        | 0.0003     |
|    loss                 | 1.96       |
|    n_updates            | 2380       |
|    policy_gradient_loss | -0.111     |
|    std                  | 0.508      |
|    value_loss           | 4.45       |
----------------------------------------
----------------------------------------
| rollout/                |            |
|    ep_len_mean          | 1e+03      |
|    ep_rew_mean          | -118       |
| time/                   |            |
|    fps                  | 443        |
|    iterations           | 121        |
|    time_elapsed         | 139        |
|    total_timesteps      | 61952      |
| train/                  |            |
|    approx_kl            | 0.06342268 |
|    clip_fraction        | 0.56       |
|    clip_range           | 0.2        |
|    entropy_loss         | -4.43      |
|    explained_variance   | 0.758      |
|    learning_rate        | 0.0003     |
|    loss                 | 2.34       |
|    n_updates            | 2400       |
|    policy_gradient_loss | -0.112     |
|    std                  | 0.506      |
|    value_loss           | 6.18       |
----------------------------------------
----------------------------------------
| rollout/                |            |
|    ep_len_mean          | 1e+03      |
|    ep_rew_mean          | -112       |
| time/                   |            |
|    fps                  | 443        |
|    iterations           | 122        |
|    time_elapsed         | 140        |
|    total_timesteps      | 62464      |
| train/                  |            |
|    approx_kl            | 0.04987248 |
|    clip_fraction        | 0.482      |
|    clip_range           | 0.2        |
|    entropy_loss         | -4.41      |
|    explained_variance   | 0.648      |
|    learning_rate        | 0.0003     |
|    loss                 | 2.59       |
|    n_updates            | 2420       |
|    policy_gradient_loss | -0.101     |
|    std                  | 0.505      |
|    value_loss           | 5.66       |
----------------------------------------
---------------------------------------
| rollout/                |           |
|    ep_len_mean          | 1e+03     |
|    ep_rew_mean          | -112      |
| time/                   |           |
|    fps                  | 443       |
|    iterations           | 123       |
|    time_elapsed         | 142       |
|    total_timesteps      | 62976     |
| train/                  |           |
|    approx_kl            | 0.0648926 |
|    clip_fraction        | 0.595     |
|    clip_range           | 0.2       |
|    entropy_loss         | -4.38     |
|    explained_variance   | 0.752     |
|    learning_rate        | 0.0003    |
|    loss                 | 1.68      |
|    n_updates            | 2440      |
|    policy_gradient_loss | -0.115    |
|    std                  | 0.502     |
|    value_loss           | 5.2       |
---------------------------------------
-----------------------------------------
| rollout/                |             |
|    ep_len_mean          | 1e+03       |
|    ep_rew_mean          | -105        |
| time/                   |             |
|    fps                  | 443         |
|    iterations           | 124         |
|    time_elapsed         | 143         |
|    total_timesteps      | 63488       |
| train/                  |             |
|    approx_kl            | 0.052054312 |
|    clip_fraction        | 0.516       |
|    clip_range           | 0.2         |
|    entropy_loss         | -4.36       |
|    explained_variance   | 0.644       |
|    learning_rate        | 0.0003      |
|    loss                 | 3.11        |
|    n_updates            | 2460        |
|    policy_gradient_loss | -0.097      |
|    std                  | 0.5         |
|    value_loss           | 5.95        |
-----------------------------------------
----------------------------------------
| rollout/                |            |
|    ep_len_mean          | 1e+03      |
|    ep_rew_mean          | -99        |
| time/                   |            |
|    fps                  | 443        |
|    iterations           | 125        |
|    time_elapsed         | 144        |
|    total_timesteps      | 64000      |
| train/                  |            |
|    approx_kl            | 0.07436834 |
|    clip_fraction        | 0.594      |
|    clip_range           | 0.2        |
|    entropy_loss         | -4.31      |
|    explained_variance   | 0.611      |
|    learning_rate        | 0.0003     |
|    loss                 | 2.25       |
|    n_updates            | 2480       |
|    policy_gradient_loss | -0.119     |
|    std                  | 0.496      |
|    value_loss           | 6.54       |
----------------------------------------
----------------------------------------
| rollout/                |            |
|    ep_len_mean          | 1e+03      |
|    ep_rew_mean          | -99        |
| time/                   |            |
|    fps                  | 443        |
|    iterations           | 126        |
|    time_elapsed         | 145        |
|    total_timesteps      | 64512      |
| train/                  |            |
|    approx_kl            | 0.06638779 |
|    clip_fraction        | 0.541      |
|    clip_range           | 0.2        |
|    entropy_loss         | -4.28      |
|    explained_variance   | 0.703      |
|    learning_rate        | 0.0003     |
|    loss                 | 1.59       |
|    n_updates            | 2500       |
|    policy_gradient_loss | -0.106     |
|    std                  | 0.493      |
|    value_loss           | 3.77       |
----------------------------------------
----------------------------------------
| rollout/                |            |
|    ep_len_mean          | 1e+03      |
|    ep_rew_mean          | -92.7      |
| time/                   |            |
|    fps                  | 443        |
|    iterations           | 127        |
|    time_elapsed         | 146        |
|    total_timesteps      | 65024      |
| train/                  |            |
|    approx_kl            | 0.07383801 |
|    clip_fraction        | 0.592      |
|    clip_range           | 0.2        |
|    entropy_loss         | -4.24      |
|    explained_variance   | 0.156      |
|    learning_rate        | 0.0003     |
|    loss                 | 1.99       |
|    n_updates            | 2520       |
|    policy_gradient_loss | -0.112     |
|    std                  | 0.491      |
|    value_loss           | 6.45       |
----------------------------------------
-----------------------------------------
| rollout/                |             |
|    ep_len_mean          | 1e+03       |
|    ep_rew_mean          | -92.7       |
| time/                   |             |
|    fps                  | 443         |
|    iterations           | 128         |
|    time_elapsed         | 147         |
|    total_timesteps      | 65536       |
| train/                  |             |
|    approx_kl            | 0.045570582 |
|    clip_fraction        | 0.455       |
|    clip_range           | 0.2         |
|    entropy_loss         | -4.21       |
|    explained_variance   | 0.6         |
|    learning_rate        | 0.0003      |
|    loss                 | 3.06        |
|    n_updates            | 2540        |
|    policy_gradient_loss | -0.097      |
|    std                  | 0.489       |
|    value_loss           | 7.08        |
-----------------------------------------
---------------------------------------
| rollout/                |           |
|    ep_len_mean          | 1e+03     |
|    ep_rew_mean          | -85.8     |
| time/                   |           |
|    fps                  | 443       |
|    iterations           | 129       |
|    time_elapsed         | 149       |
|    total_timesteps      | 66048     |
| train/                  |           |
|    approx_kl            | 0.0730847 |
|    clip_fraction        | 0.602     |
|    clip_range           | 0.2       |
|    entropy_loss         | -4.18     |
|    explained_variance   | 0.421     |
|    learning_rate        | 0.0003    |
|    loss                 | 2.77      |
|    n_updates            | 2560      |
|    policy_gradient_loss | -0.122    |
|    std                  | 0.485     |
|    value_loss           | 7.43      |
---------------------------------------
-----------------------------------------
| rollout/                |             |
|    ep_len_mean          | 1e+03       |
|    ep_rew_mean          | -85.8       |
| time/                   |             |
|    fps                  | 443         |
|    iterations           | 130         |
|    time_elapsed         | 150         |
|    total_timesteps      | 66560       |
| train/                  |             |
|    approx_kl            | 0.029283393 |
|    clip_fraction        | 0.327       |
|    clip_range           | 0.2         |
|    entropy_loss         | -4.14       |
|    explained_variance   | 0.614       |
|    learning_rate        | 0.0003      |
|    loss                 | 8.41        |
|    n_updates            | 2580        |
|    policy_gradient_loss | -0.0761     |
|    std                  | 0.482       |
|    value_loss           | 13.9        |
-----------------------------------------
----------------------------------------
| rollout/                |            |
|    ep_len_mean          | 1e+03      |
|    ep_rew_mean          | -79.6      |
| time/                   |            |
|    fps                  | 443        |
|    iterations           | 131        |
|    time_elapsed         | 151        |
|    total_timesteps      | 67072      |
| train/                  |            |
|    approx_kl            | 0.07550544 |
|    clip_fraction        | 0.601      |
|    clip_range           | 0.2        |
|    entropy_loss         | -4.1       |
|    explained_variance   | 0.641      |
|    learning_rate        | 0.0003     |
|    loss                 | 2.25       |
|    n_updates            | 2600       |
|    policy_gradient_loss | -0.116     |
|    std                  | 0.48       |
|    value_loss           | 5.15       |
----------------------------------------
-----------------------------------------
| rollout/                |             |
|    ep_len_mean          | 1e+03       |
|    ep_rew_mean          | -79.6       |
| time/                   |             |
|    fps                  | 443         |
|    iterations           | 132         |
|    time_elapsed         | 152         |
|    total_timesteps      | 67584       |
| train/                  |             |
|    approx_kl            | 0.031334672 |
|    clip_fraction        | 0.348       |
|    clip_range           | 0.2         |
|    entropy_loss         | -4.08       |
|    explained_variance   | 0.81        |
|    learning_rate        | 0.0003      |
|    loss                 | 4           |
|    n_updates            | 2620        |
|    policy_gradient_loss | -0.0789     |
|    std                  | 0.477       |
|    value_loss           | 16.7        |
-----------------------------------------
-----------------------------------------
| rollout/                |             |
|    ep_len_mean          | 1e+03       |
|    ep_rew_mean          | -74.5       |
| time/                   |             |
|    fps                  | 443         |
|    iterations           | 133         |
|    time_elapsed         | 153         |
|    total_timesteps      | 68096       |
| train/                  |             |
|    approx_kl            | 0.039751075 |
|    clip_fraction        | 0.42        |
|    clip_range           | 0.2         |
|    entropy_loss         | -4.04       |
|    explained_variance   | -0.0379     |
|    learning_rate        | 0.0003      |
|    loss                 | 6.58        |
|    n_updates            | 2640        |
|    policy_gradient_loss | -0.0981     |
|    std                  | 0.475       |
|    value_loss           | 18.2        |
-----------------------------------------
-----------------------------------------
| rollout/                |             |
|    ep_len_mean          | 1e+03       |
|    ep_rew_mean          | -74.5       |
| time/                   |             |
|    fps                  | 443         |
|    iterations           | 134         |
|    time_elapsed         | 154         |
|    total_timesteps      | 68608       |
| train/                  |             |
|    approx_kl            | 0.054694302 |
|    clip_fraction        | 0.421       |
|    clip_range           | 0.2         |
|    entropy_loss         | -4.02       |
|    explained_variance   | 0.00998     |
|    learning_rate        | 0.0003      |
|    loss                 | 4.01        |
|    n_updates            | 2660        |
|    policy_gradient_loss | -0.0993     |
|    std                  | 0.473       |
|    value_loss           | 10.5        |
-----------------------------------------
----------------------------------------
| rollout/                |            |
|    ep_len_mean          | 1e+03      |
|    ep_rew_mean          | -68.5      |
| time/                   |            |
|    fps                  | 443        |
|    iterations           | 135        |
|    time_elapsed         | 155        |
|    total_timesteps      | 69120      |
| train/                  |            |
|    approx_kl            | 0.07806231 |
|    clip_fraction        | 0.606      |
|    clip_range           | 0.2        |
|    entropy_loss         | -3.98      |
|    explained_variance   | 0.212      |
|    learning_rate        | 0.0003     |
|    loss                 | 2.75       |
|    n_updates            | 2680       |
|    policy_gradient_loss | -0.118     |
|    std                  | 0.469      |
|    value_loss           | 6.65       |
----------------------------------------
----------------------------------------
| rollout/                |            |
|    ep_len_mean          | 1e+03      |
|    ep_rew_mean          | -68.5      |
| time/                   |            |
|    fps                  | 443        |
|    iterations           | 136        |
|    time_elapsed         | 157        |
|    total_timesteps      | 69632      |
| train/                  |            |
|    approx_kl            | 0.04901446 |
|    clip_fraction        | 0.508      |
|    clip_range           | 0.2        |
|    entropy_loss         | -3.93      |
|    explained_variance   | 0.452      |
|    learning_rate        | 0.0003     |
|    loss                 | 2.96       |
|    n_updates            | 2700       |
|    policy_gradient_loss | -0.102     |
|    std                  | 0.466      |
|    value_loss           | 8.94       |
----------------------------------------
----------------------------------------
| rollout/                |            |
|    ep_len_mean          | 1e+03      |
|    ep_rew_mean          | -61.8      |
| time/                   |            |
|    fps                  | 443        |
|    iterations           | 137        |
|    time_elapsed         | 158        |
|    total_timesteps      | 70144      |
| train/                  |            |
|    approx_kl            | 0.07953348 |
|    clip_fraction        | 0.618      |
|    clip_range           | 0.2        |
|    entropy_loss         | -3.89      |
|    explained_variance   | 0.237      |
|    learning_rate        | 0.0003     |
|    loss                 | 2.85       |
|    n_updates            | 2720       |
|    policy_gradient_loss | -0.115     |
|    std                  | 0.463      |
|    value_loss           | 7.35       |
----------------------------------------
---------------------------------------
| rollout/                |           |
|    ep_len_mean          | 1e+03     |
|    ep_rew_mean          | -61.8     |
| time/                   |           |
|    fps                  | 443       |
|    iterations           | 138       |
|    time_elapsed         | 159       |
|    total_timesteps      | 70656     |
| train/                  |           |
|    approx_kl            | 0.0616088 |
|    clip_fraction        | 0.489     |
|    clip_range           | 0.2       |
|    entropy_loss         | -3.86     |
|    explained_variance   | 0.383     |
|    learning_rate        | 0.0003    |
|    loss                 | 2.18      |
|    n_updates            | 2740      |
|    policy_gradient_loss | -0.0976   |
|    std                  | 0.461     |
|    value_loss           | 6.12      |
---------------------------------------
-----------------------------------------
| rollout/                |             |
|    ep_len_mean          | 1e+03       |
|    ep_rew_mean          | -54.6       |
| time/                   |             |
|    fps                  | 443         |
|    iterations           | 139         |
|    time_elapsed         | 160         |
|    total_timesteps      | 71168       |
| train/                  |             |
|    approx_kl            | 0.096539155 |
|    clip_fraction        | 0.602       |
|    clip_range           | 0.2         |
|    entropy_loss         | -3.84       |
|    explained_variance   | 0.196       |
|    learning_rate        | 0.0003      |
|    loss                 | 2.14        |
|    n_updates            | 2760        |
|    policy_gradient_loss | -0.114      |
|    std                  | 0.459       |
|    value_loss           | 4.76        |
-----------------------------------------
----------------------------------------
| rollout/                |            |
|    ep_len_mean          | 1e+03      |
|    ep_rew_mean          | -54.6      |
| time/                   |            |
|    fps                  | 443        |
|    iterations           | 140        |
|    time_elapsed         | 161        |
|    total_timesteps      | 71680      |
| train/                  |            |
|    approx_kl            | 0.06415511 |
|    clip_fraction        | 0.512      |
|    clip_range           | 0.2        |
|    entropy_loss         | -3.79      |
|    explained_variance   | 0.332      |
|    learning_rate        | 0.0003     |
|    loss                 | 1.61       |
|    n_updates            | 2780       |
|    policy_gradient_loss | -0.104     |
|    std                  | 0.454      |
|    value_loss           | 5.45       |
----------------------------------------
----------------------------------------
| rollout/                |            |
|    ep_len_mean          | 1e+03      |
|    ep_rew_mean          | -47.6      |
| time/                   |            |
|    fps                  | 443        |
|    iterations           | 141        |
|    time_elapsed         | 162        |
|    total_timesteps      | 72192      |
| train/                  |            |
|    approx_kl            | 0.11918762 |
|    clip_fraction        | 0.639      |
|    clip_range           | 0.2        |
|    entropy_loss         | -3.77      |
|    explained_variance   | 0.268      |
|    learning_rate        | 0.0003     |
|    loss                 | 1.42       |
|    n_updates            | 2800       |
|    policy_gradient_loss | -0.12      |
|    std                  | 0.454      |
|    value_loss           | 4.14       |
----------------------------------------
----------------------------------------
| rollout/                |            |
|    ep_len_mean          | 1e+03      |
|    ep_rew_mean          | -47.6      |
| time/                   |            |
|    fps                  | 443        |
|    iterations           | 142        |
|    time_elapsed         | 164        |
|    total_timesteps      | 72704      |
| train/                  |            |
|    approx_kl            | 0.06766883 |
|    clip_fraction        | 0.515      |
|    clip_range           | 0.2        |
|    entropy_loss         | -3.74      |
|    explained_variance   | 0.58       |
|    learning_rate        | 0.0003     |
|    loss                 | 1.2        |
|    n_updates            | 2820       |
|    policy_gradient_loss | -0.104     |
|    std                  | 0.453      |
|    value_loss           | 4.46       |
----------------------------------------
----------------------------------------
| rollout/                |            |
|    ep_len_mean          | 1e+03      |
|    ep_rew_mean          | -40.9      |
| time/                   |            |
|    fps                  | 443        |
|    iterations           | 143        |
|    time_elapsed         | 165        |
|    total_timesteps      | 73216      |
| train/                  |            |
|    approx_kl            | 0.09416939 |
|    clip_fraction        | 0.62       |
|    clip_range           | 0.2        |
|    entropy_loss         | -3.71      |
|    explained_variance   | 0.371      |
|    learning_rate        | 0.0003     |
|    loss                 | 1.62       |
|    n_updates            | 2840       |
|    policy_gradient_loss | -0.115     |
|    std                  | 0.449      |
|    value_loss           | 4.92       |
----------------------------------------
----------------------------------------
| rollout/                |            |
|    ep_len_mean          | 1e+03      |
|    ep_rew_mean          | -40.9      |
| time/                   |            |
|    fps                  | 443        |
|    iterations           | 144        |
|    time_elapsed         | 166        |
|    total_timesteps      | 73728      |
| train/                  |            |
|    approx_kl            | 0.06705956 |
|    clip_fraction        | 0.505      |
|    clip_range           | 0.2        |
|    entropy_loss         | -3.67      |
|    explained_variance   | 0.694      |
|    learning_rate        | 0.0003     |
|    loss                 | 2.74       |
|    n_updates            | 2860       |
|    policy_gradient_loss | -0.108     |
|    std                  | 0.447      |
|    value_loss           | 5.33       |
----------------------------------------
----------------------------------------
| rollout/                |            |
|    ep_len_mean          | 1e+03      |
|    ep_rew_mean          | -33.9      |
| time/                   |            |
|    fps                  | 443        |
|    iterations           | 145        |
|    time_elapsed         | 167        |
|    total_timesteps      | 74240      |
| train/                  |            |
|    approx_kl            | 0.09348644 |
|    clip_fraction        | 0.594      |
|    clip_range           | 0.2        |
|    entropy_loss         | -3.62      |
|    explained_variance   | 0.487      |
|    learning_rate        | 0.0003     |
|    loss                 | 1.94       |
|    n_updates            | 2880       |
|    policy_gradient_loss | -0.116     |
|    std                  | 0.443      |
|    value_loss           | 5.27       |
----------------------------------------
-----------------------------------------
| rollout/                |             |
|    ep_len_mean          | 1e+03       |
|    ep_rew_mean          | -33.9       |
| time/                   |             |
|    fps                  | 443         |
|    iterations           | 146         |
|    time_elapsed         | 168         |
|    total_timesteps      | 74752       |
| train/                  |             |
|    approx_kl            | 0.054632135 |
|    clip_fraction        | 0.504       |
|    clip_range           | 0.2         |
|    entropy_loss         | -3.58       |
|    explained_variance   | 0.65        |
|    learning_rate        | 0.0003      |
|    loss                 | 4.05        |
|    n_updates            | 2900        |
|    policy_gradient_loss | -0.104      |
|    std                  | 0.441       |
|    value_loss           | 7.54        |
-----------------------------------------
----------------------------------------
| rollout/                |            |
|    ep_len_mean          | 1e+03      |
|    ep_rew_mean          | -27.9      |
| time/                   |            |
|    fps                  | 443        |
|    iterations           | 147        |
|    time_elapsed         | 169        |
|    total_timesteps      | 75264      |
| train/                  |            |
|    approx_kl            | 0.07346337 |
|    clip_fraction        | 0.563      |
|    clip_range           | 0.2        |
|    entropy_loss         | -3.54      |
|    explained_variance   | 0.263      |
|    learning_rate        | 0.0003     |
|    loss                 | 2.18       |
|    n_updates            | 2920       |
|    policy_gradient_loss | -0.108     |
|    std                  | 0.437      |
|    value_loss           | 4.39       |
----------------------------------------
---------------------------------------
| rollout/                |           |
|    ep_len_mean          | 1e+03     |
|    ep_rew_mean          | -27.9     |
| time/                   |           |
|    fps                  | 443       |
|    iterations           | 148       |
|    time_elapsed         | 170       |
|    total_timesteps      | 75776     |
| train/                  |           |
|    approx_kl            | 0.0489804 |
|    clip_fraction        | 0.507     |
|    clip_range           | 0.2       |
|    entropy_loss         | -3.49     |
|    explained_variance   | 0.641     |
|    learning_rate        | 0.0003    |
|    loss                 | 3.51      |
|    n_updates            | 2940      |
|    policy_gradient_loss | -0.11     |
|    std                  | 0.434     |
|    value_loss           | 8.64      |
---------------------------------------
----------------------------------------
| rollout/                |            |
|    ep_len_mean          | 1e+03      |
|    ep_rew_mean          | -21.2      |
| time/                   |            |
|    fps                  | 443        |
|    iterations           | 149        |
|    time_elapsed         | 172        |
|    total_timesteps      | 76288      |
| train/                  |            |
|    approx_kl            | 0.09380133 |
|    clip_fraction        | 0.604      |
|    clip_range           | 0.2        |
|    entropy_loss         | -3.45      |
|    explained_variance   | 0.323      |
|    learning_rate        | 0.0003     |
|    loss                 | 2.13       |
|    n_updates            | 2960       |
|    policy_gradient_loss | -0.11      |
|    std                  | 0.43       |
|    value_loss           | 3.99       |
----------------------------------------
-----------------------------------------
| rollout/                |             |
|    ep_len_mean          | 1e+03       |
|    ep_rew_mean          | -21.2       |
| time/                   |             |
|    fps                  | 443         |
|    iterations           | 150         |
|    time_elapsed         | 173         |
|    total_timesteps      | 76800       |
| train/                  |             |
|    approx_kl            | 0.053200208 |
|    clip_fraction        | 0.48        |
|    clip_range           | 0.2         |
|    entropy_loss         | -3.39       |
|    explained_variance   | 0.697       |
|    learning_rate        | 0.0003      |
|    loss                 | 2.46        |
|    n_updates            | 2980        |
|    policy_gradient_loss | -0.106      |
|    std                  | 0.426       |
|    value_loss           | 6.41        |
-----------------------------------------
-----------------------------------------
| rollout/                |             |
|    ep_len_mean          | 1e+03       |
|    ep_rew_mean          | -14.4       |
| time/                   |             |
|    fps                  | 443         |
|    iterations           | 151         |
|    time_elapsed         | 174         |
|    total_timesteps      | 77312       |
| train/                  |             |
|    approx_kl            | 0.053492613 |
|    clip_fraction        | 0.506       |
|    clip_range           | 0.2         |
|    entropy_loss         | -3.36       |
|    explained_variance   | 0.523       |
|    learning_rate        | 0.0003      |
|    loss                 | 2.34        |
|    n_updates            | 3000        |
|    policy_gradient_loss | -0.0992     |
|    std                  | 0.426       |
|    value_loss           | 5.37        |
-----------------------------------------
----------------------------------------
| rollout/                |            |
|    ep_len_mean          | 1e+03      |
|    ep_rew_mean          | -14.4      |
| time/                   |            |
|    fps                  | 443        |
|    iterations           | 152        |
|    time_elapsed         | 175        |
|    total_timesteps      | 77824      |
| train/                  |            |
|    approx_kl            | 0.03485414 |
|    clip_fraction        | 0.385      |
|    clip_range           | 0.2        |
|    entropy_loss         | -3.35      |
|    explained_variance   | 0.772      |
|    learning_rate        | 0.0003     |
|    loss                 | 3.33       |
|    n_updates            | 3020       |
|    policy_gradient_loss | -0.0935    |
|    std                  | 0.424      |
|    value_loss           | 18.6       |
----------------------------------------
----------------------------------------
| rollout/                |            |
|    ep_len_mean          | 1e+03      |
|    ep_rew_mean          | -9.82      |
| time/                   |            |
|    fps                  | 443        |
|    iterations           | 153        |
|    time_elapsed         | 176        |
|    total_timesteps      | 78336      |
| train/                  |            |
|    approx_kl            | 0.06222302 |
|    clip_fraction        | 0.464      |
|    clip_range           | 0.2        |
|    entropy_loss         | -3.32      |
|    explained_variance   | 0.44       |
|    learning_rate        | 0.0003     |
|    loss                 | 2.67       |
|    n_updates            | 3040       |
|    policy_gradient_loss | -0.0954    |
|    std                  | 0.421      |
|    value_loss           | 7.96       |
----------------------------------------
-----------------------------------------
| rollout/                |             |
|    ep_len_mean          | 1e+03       |
|    ep_rew_mean          | -9.82       |
| time/                   |             |
|    fps                  | 443         |
|    iterations           | 154         |
|    time_elapsed         | 177         |
|    total_timesteps      | 78848       |
| train/                  |             |
|    approx_kl            | 0.067232825 |
|    clip_fraction        | 0.55        |
|    clip_range           | 0.2         |
|    entropy_loss         | -3.28       |
|    explained_variance   | 0.759       |
|    learning_rate        | 0.0003      |
|    loss                 | 2.31        |
|    n_updates            | 3060        |
|    policy_gradient_loss | -0.108      |
|    std                  | 0.419       |
|    value_loss           | 7.09        |
-----------------------------------------
----------------------------------------
| rollout/                |            |
|    ep_len_mean          | 1e+03      |
|    ep_rew_mean          | -2.89      |
| time/                   |            |
|    fps                  | 443        |
|    iterations           | 155        |
|    time_elapsed         | 178        |
|    total_timesteps      | 79360      |
| train/                  |            |
|    approx_kl            | 0.07548778 |
|    clip_fraction        | 0.525      |
|    clip_range           | 0.2        |
|    entropy_loss         | -3.25      |
|    explained_variance   | 0.25       |
|    learning_rate        | 0.0003     |
|    loss                 | 2.62       |
|    n_updates            | 3080       |
|    policy_gradient_loss | -0.103     |
|    std                  | 0.418      |
|    value_loss           | 5.9        |
----------------------------------------
----------------------------------------
| rollout/                |            |
|    ep_len_mean          | 1e+03      |
|    ep_rew_mean          | -2.89      |
| time/                   |            |
|    fps                  | 443        |
|    iterations           | 156        |
|    time_elapsed         | 180        |
|    total_timesteps      | 79872      |
| train/                  |            |
|    approx_kl            | 0.07344972 |
|    clip_fraction        | 0.547      |
|    clip_range           | 0.2        |
|    entropy_loss         | -3.22      |
|    explained_variance   | 0.0908     |
|    learning_rate        | 0.0003     |
|    loss                 | 1.89       |
|    n_updates            | 3100       |
|    policy_gradient_loss | -0.102     |
|    std                  | 0.415      |
|    value_loss           | 7.07       |
----------------------------------------
-----------------------------------------
| rollout/                |             |
|    ep_len_mean          | 1e+03       |
|    ep_rew_mean          | 3.99        |
| time/                   |             |
|    fps                  | 443         |
|    iterations           | 157         |
|    time_elapsed         | 181         |
|    total_timesteps      | 80384       |
| train/                  |             |
|    approx_kl            | 0.076170705 |
|    clip_fraction        | 0.588       |
|    clip_range           | 0.2         |
|    entropy_loss         | -3.15       |
|    explained_variance   | 0.396       |
|    learning_rate        | 0.0003      |
|    loss                 | 3.2         |
|    n_updates            | 3120        |
|    policy_gradient_loss | -0.109      |
|    std                  | 0.408       |
|    value_loss           | 6.48        |
-----------------------------------------
-----------------------------------------
| rollout/                |             |
|    ep_len_mean          | 1e+03       |
|    ep_rew_mean          | 3.99        |
| time/                   |             |
|    fps                  | 443         |
|    iterations           | 158         |
|    time_elapsed         | 182         |
|    total_timesteps      | 80896       |
| train/                  |             |
|    approx_kl            | 0.044754032 |
|    clip_fraction        | 0.441       |
|    clip_range           | 0.2         |
|    entropy_loss         | -3.08       |
|    explained_variance   | 0.734       |
|    learning_rate        | 0.0003      |
|    loss                 | 7.84        |
|    n_updates            | 3140        |
|    policy_gradient_loss | -0.0887     |
|    std                  | 0.406       |
|    value_loss           | 16.4        |
-----------------------------------------
----------------------------------------
| rollout/                |            |
|    ep_len_mean          | 1e+03      |
|    ep_rew_mean          | 9          |
| time/                   |            |
|    fps                  | 443        |
|    iterations           | 159        |
|    time_elapsed         | 183        |
|    total_timesteps      | 81408      |
| train/                  |            |
|    approx_kl            | 0.10844141 |
|    clip_fraction        | 0.605      |
|    clip_range           | 0.2        |
|    entropy_loss         | -3.02      |
|    explained_variance   | 0.36       |
|    learning_rate        | 0.0003     |
|    loss                 | 2.09       |
|    n_updates            | 3160       |
|    policy_gradient_loss | -0.116     |
|    std                  | 0.401      |
|    value_loss           | 6.47       |
----------------------------------------
-----------------------------------------
| rollout/                |             |
|    ep_len_mean          | 1e+03       |
|    ep_rew_mean          | 9           |
| time/                   |             |
|    fps                  | 443         |
|    iterations           | 160         |
|    time_elapsed         | 184         |
|    total_timesteps      | 81920       |
| train/                  |             |
|    approx_kl            | 0.074641176 |
|    clip_fraction        | 0.556       |
|    clip_range           | 0.2         |
|    entropy_loss         | -2.96       |
|    explained_variance   | 0.61        |
|    learning_rate        | 0.0003      |
|    loss                 | 2.6         |
|    n_updates            | 3180        |
|    policy_gradient_loss | -0.11       |
|    std                  | 0.398       |
|    value_loss           | 7.73        |
-----------------------------------------
-----------------------------------------
| rollout/                |             |
|    ep_len_mean          | 1e+03       |
|    ep_rew_mean          | 14.5        |
| time/                   |             |
|    fps                  | 443         |
|    iterations           | 161         |
|    time_elapsed         | 185         |
|    total_timesteps      | 82432       |
| train/                  |             |
|    approx_kl            | 0.071705006 |
|    clip_fraction        | 0.555       |
|    clip_range           | 0.2         |
|    entropy_loss         | -2.92       |
|    explained_variance   | 0.304       |
|    learning_rate        | 0.0003      |
|    loss                 | 3.86        |
|    n_updates            | 3200        |
|    policy_gradient_loss | -0.111      |
|    std                  | 0.395       |
|    value_loss           | 7.15        |
-----------------------------------------
----------------------------------------
| rollout/                |            |
|    ep_len_mean          | 1e+03      |
|    ep_rew_mean          | 14.5       |
| time/                   |            |
|    fps                  | 443        |
|    iterations           | 162        |
|    time_elapsed         | 187        |
|    total_timesteps      | 82944      |
| train/                  |            |
|    approx_kl            | 0.07735227 |
|    clip_fraction        | 0.59       |
|    clip_range           | 0.2        |
|    entropy_loss         | -2.88      |
|    explained_variance   | 0.583      |
|    learning_rate        | 0.0003     |
|    loss                 | 2.8        |
|    n_updates            | 3220       |
|    policy_gradient_loss | -0.117     |
|    std                  | 0.392      |
|    value_loss           | 6.53       |
----------------------------------------
---------------------------------------
| rollout/                |           |
|    ep_len_mean          | 1e+03     |
|    ep_rew_mean          | 21.5      |
| time/                   |           |
|    fps                  | 443       |
|    iterations           | 163       |
|    time_elapsed         | 188       |
|    total_timesteps      | 83456     |
| train/                  |           |
|    approx_kl            | 0.0670193 |
|    clip_fraction        | 0.506     |
|    clip_range           | 0.2       |
|    entropy_loss         | -2.82     |
|    explained_variance   | 0.444     |
|    learning_rate        | 0.0003    |
|    loss                 | 2.28      |
|    n_updates            | 3240      |
|    policy_gradient_loss | -0.093    |
|    std                  | 0.387     |
|    value_loss           | 5.36      |
---------------------------------------
-----------------------------------------
| rollout/                |             |
|    ep_len_mean          | 1e+03       |
|    ep_rew_mean          | 21.5        |
| time/                   |             |
|    fps                  | 443         |
|    iterations           | 164         |
|    time_elapsed         | 189         |
|    total_timesteps      | 83968       |
| train/                  |             |
|    approx_kl            | 0.056469068 |
|    clip_fraction        | 0.537       |
|    clip_range           | 0.2         |
|    entropy_loss         | -2.76       |
|    explained_variance   | 0.834       |
|    learning_rate        | 0.0003      |
|    loss                 | 2.78        |
|    n_updates            | 3260        |
|    policy_gradient_loss | -0.106      |
|    std                  | 0.384       |
|    value_loss           | 10.6        |
-----------------------------------------
----------------------------------------
| rollout/                |            |
|    ep_len_mean          | 1e+03      |
|    ep_rew_mean          | 27         |
| time/                   |            |
|    fps                  | 443        |
|    iterations           | 165        |
|    time_elapsed         | 190        |
|    total_timesteps      | 84480      |
| train/                  |            |
|    approx_kl            | 0.08484183 |
|    clip_fraction        | 0.583      |
|    clip_range           | 0.2        |
|    entropy_loss         | -2.73      |
|    explained_variance   | 0.407      |
|    learning_rate        | 0.0003     |
|    loss                 | 2.5        |
|    n_updates            | 3280       |
|    policy_gradient_loss | -0.114     |
|    std                  | 0.383      |
|    value_loss           | 6.12       |
----------------------------------------
----------------------------------------
| rollout/                |            |
|    ep_len_mean          | 1e+03      |
|    ep_rew_mean          | 27         |
| time/                   |            |
|    fps                  | 443        |
|    iterations           | 166        |
|    time_elapsed         | 191        |
|    total_timesteps      | 84992      |
| train/                  |            |
|    approx_kl            | 0.12941182 |
|    clip_fraction        | 0.639      |
|    clip_range           | 0.2        |
|    entropy_loss         | -2.68      |
|    explained_variance   | 0.4        |
|    learning_rate        | 0.0003     |
|    loss                 | 1.47       |
|    n_updates            | 3300       |
|    policy_gradient_loss | -0.118     |
|    std                  | 0.378      |
|    value_loss           | 4.34       |
----------------------------------------
----------------------------------------
| rollout/                |            |
|    ep_len_mean          | 1e+03      |
|    ep_rew_mean          | 33.6       |
| time/                   |            |
|    fps                  | 443        |
|    iterations           | 167        |
|    time_elapsed         | 192        |
|    total_timesteps      | 85504      |
| train/                  |            |
|    approx_kl            | 0.07042198 |
|    clip_fraction        | 0.513      |
|    clip_range           | 0.2        |
|    entropy_loss         | -2.62      |
|    explained_variance   | 0.576      |
|    learning_rate        | 0.0003     |
|    loss                 | 1.64       |
|    n_updates            | 3320       |
|    policy_gradient_loss | -0.0964    |
|    std                  | 0.375      |
|    value_loss           | 4.07       |
----------------------------------------
----------------------------------------
| rollout/                |            |
|    ep_len_mean          | 1e+03      |
|    ep_rew_mean          | 40.4       |
| time/                   |            |
|    fps                  | 443        |
|    iterations           | 168        |
|    time_elapsed         | 193        |
|    total_timesteps      | 86016      |
| train/                  |            |
|    approx_kl            | 0.08921552 |
|    clip_fraction        | 0.611      |
|    clip_range           | 0.2        |
|    entropy_loss         | -2.59      |
|    explained_variance   | 0.525      |
|    learning_rate        | 0.0003     |
|    loss                 | 2.72       |
|    n_updates            | 3340       |
|    policy_gradient_loss | -0.11      |
|    std                  | 0.374      |
|    value_loss           | 6.33       |
----------------------------------------
-----------------------------------------
| rollout/                |             |
|    ep_len_mean          | 1e+03       |
|    ep_rew_mean          | 40.4        |
| time/                   |             |
|    fps                  | 443         |
|    iterations           | 169         |
|    time_elapsed         | 195         |
|    total_timesteps      | 86528       |
| train/                  |             |
|    approx_kl            | 0.065187275 |
|    clip_fraction        | 0.475       |
|    clip_range           | 0.2         |
|    entropy_loss         | -2.58       |
|    explained_variance   | 0.729       |
|    learning_rate        | 0.0003      |
|    loss                 | 3.75        |
|    n_updates            | 3360        |
|    policy_gradient_loss | -0.0845     |
|    std                  | 0.374       |
|    value_loss           | 7.28        |
-----------------------------------------
----------------------------------------
| rollout/                |            |
|    ep_len_mean          | 1e+03      |
|    ep_rew_mean          | 46.3       |
| time/                   |            |
|    fps                  | 443        |
|    iterations           | 170        |
|    time_elapsed         | 196        |
|    total_timesteps      | 87040      |
| train/                  |            |
|    approx_kl            | 0.13231242 |
|    clip_fraction        | 0.642      |
|    clip_range           | 0.2        |
|    entropy_loss         | -2.52      |
|    explained_variance   | 0.683      |
|    learning_rate        | 0.0003     |
|    loss                 | 1.83       |
|    n_updates            | 3380       |
|    policy_gradient_loss | -0.115     |
|    std                  | 0.368      |
|    value_loss           | 5.67       |
----------------------------------------
---------------------------------------
| rollout/                |           |
|    ep_len_mean          | 1e+03     |
|    ep_rew_mean          | 46.3      |
| time/                   |           |
|    fps                  | 443       |
|    iterations           | 171       |
|    time_elapsed         | 197       |
|    total_timesteps      | 87552     |
| train/                  |           |
|    approx_kl            | 0.0664908 |
|    clip_fraction        | 0.557     |
|    clip_range           | 0.2       |
|    entropy_loss         | -2.46     |
|    explained_variance   | 0.674     |
|    learning_rate        | 0.0003    |
|    loss                 | 2.62      |
|    n_updates            | 3400      |
|    policy_gradient_loss | -0.104    |
|    std                  | 0.365     |
|    value_loss           | 7.69      |
---------------------------------------
----------------------------------------
| rollout/                |            |
|    ep_len_mean          | 1e+03      |
|    ep_rew_mean          | 52.7       |
| time/                   |            |
|    fps                  | 443        |
|    iterations           | 172        |
|    time_elapsed         | 198        |
|    total_timesteps      | 88064      |
| train/                  |            |
|    approx_kl            | 0.13254148 |
|    clip_fraction        | 0.681      |
|    clip_range           | 0.2        |
|    entropy_loss         | -2.41      |
|    explained_variance   | 0.334      |
|    learning_rate        | 0.0003     |
|    loss                 | 0.783      |
|    n_updates            | 3420       |
|    policy_gradient_loss | -0.121     |
|    std                  | 0.363      |
|    value_loss           | 5.22       |
----------------------------------------
-----------------------------------------
| rollout/                |             |
|    ep_len_mean          | 1e+03       |
|    ep_rew_mean          | 52.7        |
| time/                   |             |
|    fps                  | 443         |
|    iterations           | 173         |
|    time_elapsed         | 199         |
|    total_timesteps      | 88576       |
| train/                  |             |
|    approx_kl            | 0.050192885 |
|    clip_fraction        | 0.444       |
|    clip_range           | 0.2         |
|    entropy_loss         | -2.37       |
|    explained_variance   | 0.832       |
|    learning_rate        | 0.0003      |
|    loss                 | 2.1         |
|    n_updates            | 3440        |
|    policy_gradient_loss | -0.0869     |
|    std                  | 0.36        |
|    value_loss           | 9.95        |
-----------------------------------------
---------------------------------------
| rollout/                |           |
|    ep_len_mean          | 1e+03     |
|    ep_rew_mean          | 55.8      |
| time/                   |           |
|    fps                  | 443       |
|    iterations           | 174       |
|    time_elapsed         | 200       |
|    total_timesteps      | 89088     |
| train/                  |           |
|    approx_kl            | 0.0668723 |
|    clip_fraction        | 0.479     |
|    clip_range           | 0.2       |
|    entropy_loss         | -2.33     |
|    explained_variance   | 0.423     |
|    learning_rate        | 0.0003    |
|    loss                 | 2.35      |
|    n_updates            | 3460      |
|    policy_gradient_loss | -0.102    |
|    std                  | 0.358     |
|    value_loss           | 14.3      |
---------------------------------------
----------------------------------------
| rollout/                |            |
|    ep_len_mean          | 1e+03      |
|    ep_rew_mean          | 55.8       |
| time/                   |            |
|    fps                  | 443        |
|    iterations           | 175        |
|    time_elapsed         | 201        |
|    total_timesteps      | 89600      |
| train/                  |            |
|    approx_kl            | 0.07454493 |
|    clip_fraction        | 0.542      |
|    clip_range           | 0.2        |
|    entropy_loss         | -2.29      |
|    explained_variance   | 0.611      |
|    learning_rate        | 0.0003     |
|    loss                 | 2.23       |
|    n_updates            | 3480       |
|    policy_gradient_loss | -0.107     |
|    std                  | 0.356      |
|    value_loss           | 7.77       |
----------------------------------------
----------------------------------------
| rollout/                |            |
|    ep_len_mean          | 1e+03      |
|    ep_rew_mean          | 60.8       |
| time/                   |            |
|    fps                  | 443        |
|    iterations           | 176        |
|    time_elapsed         | 203        |
|    total_timesteps      | 90112      |
| train/                  |            |
|    approx_kl            | 0.10669139 |
|    clip_fraction        | 0.64       |
|    clip_range           | 0.2        |
|    entropy_loss         | -2.21      |
|    explained_variance   | 0.18       |
|    learning_rate        | 0.0003     |
|    loss                 | 2.35       |
|    n_updates            | 3500       |
|    policy_gradient_loss | -0.12      |
|    std                  | 0.349      |
|    value_loss           | 6.39       |
----------------------------------------
----------------------------------------
| rollout/                |            |
|    ep_len_mean          | 1e+03      |
|    ep_rew_mean          | 60.8       |
| time/                   |            |
|    fps                  | 443        |
|    iterations           | 177        |
|    time_elapsed         | 204        |
|    total_timesteps      | 90624      |
| train/                  |            |
|    approx_kl            | 0.07064539 |
|    clip_fraction        | 0.496      |
|    clip_range           | 0.2        |
|    entropy_loss         | -2.17      |
|    explained_variance   | 0.166      |
|    learning_rate        | 0.0003     |
|    loss                 | 1.74       |
|    n_updates            | 3520       |
|    policy_gradient_loss | -0.0971    |
|    std                  | 0.35       |
|    value_loss           | 9.46       |
----------------------------------------
----------------------------------------
| rollout/                |            |
|    ep_len_mean          | 1e+03      |
|    ep_rew_mean          | 67         |
| time/                   |            |
|    fps                  | 443        |
|    iterations           | 178        |
|    time_elapsed         | 205        |
|    total_timesteps      | 91136      |
| train/                  |            |
|    approx_kl            | 0.11387609 |
|    clip_fraction        | 0.64       |
|    clip_range           | 0.2        |
|    entropy_loss         | -2.16      |
|    explained_variance   | 0.289      |
|    learning_rate        | 0.0003     |
|    loss                 | 1.84       |
|    n_updates            | 3540       |
|    policy_gradient_loss | -0.113     |
|    std                  | 0.349      |
|    value_loss           | 4.1        |
----------------------------------------
----------------------------------------
| rollout/                |            |
|    ep_len_mean          | 1e+03      |
|    ep_rew_mean          | 67         |
| time/                   |            |
|    fps                  | 443        |
|    iterations           | 179        |
|    time_elapsed         | 206        |
|    total_timesteps      | 91648      |
| train/                  |            |
|    approx_kl            | 0.06309469 |
|    clip_fraction        | 0.493      |
|    clip_range           | 0.2        |
|    entropy_loss         | -2.14      |
|    explained_variance   | 0.804      |
|    learning_rate        | 0.0003     |
|    loss                 | 4.93       |
|    n_updates            | 3560       |
|    policy_gradient_loss | -0.0977    |
|    std                  | 0.347      |
|    value_loss           | 9.24       |
----------------------------------------
----------------------------------------
| rollout/                |            |
|    ep_len_mean          | 1e+03      |
|    ep_rew_mean          | 72.6       |
| time/                   |            |
|    fps                  | 443        |
|    iterations           | 180        |
|    time_elapsed         | 207        |
|    total_timesteps      | 92160      |
| train/                  |            |
|    approx_kl            | 0.08898137 |
|    clip_fraction        | 0.615      |
|    clip_range           | 0.2        |
|    entropy_loss         | -2.1       |
|    explained_variance   | 0.434      |
|    learning_rate        | 0.0003     |
|    loss                 | 4.04       |
|    n_updates            | 3580       |
|    policy_gradient_loss | -0.112     |
|    std                  | 0.345      |
|    value_loss           | 7.95       |
----------------------------------------
-----------------------------------------
| rollout/                |             |
|    ep_len_mean          | 1e+03       |
|    ep_rew_mean          | 72.6        |
| time/                   |             |
|    fps                  | 443         |
|    iterations           | 181         |
|    time_elapsed         | 208         |
|    total_timesteps      | 92672       |
| train/                  |             |
|    approx_kl            | 0.051544912 |
|    clip_fraction        | 0.444       |
|    clip_range           | 0.2         |
|    entropy_loss         | -2.07       |
|    explained_variance   | 0.885       |
|    learning_rate        | 0.0003      |
|    loss                 | 5.47        |
|    n_updates            | 3600        |
|    policy_gradient_loss | -0.0894     |
|    std                  | 0.343       |
|    value_loss           | 13          |
-----------------------------------------
----------------------------------------
| rollout/                |            |
|    ep_len_mean          | 1e+03      |
|    ep_rew_mean          | 77.8       |
| time/                   |            |
|    fps                  | 443        |
|    iterations           | 182        |
|    time_elapsed         | 209        |
|    total_timesteps      | 93184      |
| train/                  |            |
|    approx_kl            | 0.18150306 |
|    clip_fraction        | 0.702      |
|    clip_range           | 0.2        |
|    entropy_loss         | -1.98      |
|    explained_variance   | 0.415      |
|    learning_rate        | 0.0003     |
|    loss                 | 1.69       |
|    n_updates            | 3620       |
|    policy_gradient_loss | -0.117     |
|    std                  | 0.336      |
|    value_loss           | 3.87       |
----------------------------------------
----------------------------------------
| rollout/                |            |
|    ep_len_mean          | 1e+03      |
|    ep_rew_mean          | 77.8       |
| time/                   |            |
|    fps                  | 443        |
|    iterations           | 183        |
|    time_elapsed         | 211        |
|    total_timesteps      | 93696      |
| train/                  |            |
|    approx_kl            | 0.07612716 |
|    clip_fraction        | 0.577      |
|    clip_range           | 0.2        |
|    entropy_loss         | -1.9       |
|    explained_variance   | 0.795      |
|    learning_rate        | 0.0003     |
|    loss                 | 3.28       |
|    n_updates            | 3640       |
|    policy_gradient_loss | -0.105     |
|    std                  | 0.334      |
|    value_loss           | 7.52       |
----------------------------------------
----------------------------------------
| rollout/                |            |
|    ep_len_mean          | 1e+03      |
|    ep_rew_mean          | 83.3       |
| time/                   |            |
|    fps                  | 443        |
|    iterations           | 184        |
|    time_elapsed         | 212        |
|    total_timesteps      | 94208      |
| train/                  |            |
|    approx_kl            | 0.16663134 |
|    clip_fraction        | 0.678      |
|    clip_range           | 0.2        |
|    entropy_loss         | -1.85      |
|    explained_variance   | 0.166      |
|    learning_rate        | 0.0003     |
|    loss                 | 0.863      |
|    n_updates            | 3660       |
|    policy_gradient_loss | -0.116     |
|    std                  | 0.331      |
|    value_loss           | 2.71       |
----------------------------------------
----------------------------------------
| rollout/                |            |
|    ep_len_mean          | 1e+03      |
|    ep_rew_mean          | 83.3       |
| time/                   |            |
|    fps                  | 443        |
|    iterations           | 185        |
|    time_elapsed         | 213        |
|    total_timesteps      | 94720      |
| train/                  |            |
|    approx_kl            | 0.06697039 |
|    clip_fraction        | 0.564      |
|    clip_range           | 0.2        |
|    entropy_loss         | -1.81      |
|    explained_variance   | 0.43       |
|    learning_rate        | 0.0003     |
|    loss                 | 3.63       |
|    n_updates            | 3680       |
|    policy_gradient_loss | -0.105     |
|    std                  | 0.329      |
|    value_loss           | 11         |
----------------------------------------
----------------------------------------
| rollout/                |            |
|    ep_len_mean          | 1e+03      |
|    ep_rew_mean          | 89.5       |
| time/                   |            |
|    fps                  | 443        |
|    iterations           | 186        |
|    time_elapsed         | 214        |
|    total_timesteps      | 95232      |
| train/                  |            |
|    approx_kl            | 0.10779009 |
|    clip_fraction        | 0.604      |
|    clip_range           | 0.2        |
|    entropy_loss         | -1.78      |
|    explained_variance   | 0.383      |
|    learning_rate        | 0.0003     |
|    loss                 | 1.57       |
|    n_updates            | 3700       |
|    policy_gradient_loss | -0.103     |
|    std                  | 0.327      |
|    value_loss           | 4.24       |
----------------------------------------
----------------------------------------
| rollout/                |            |
|    ep_len_mean          | 1e+03      |
|    ep_rew_mean          | 89.5       |
| time/                   |            |
|    fps                  | 443        |
|    iterations           | 187        |
|    time_elapsed         | 215        |
|    total_timesteps      | 95744      |
| train/                  |            |
|    approx_kl            | 0.06723684 |
|    clip_fraction        | 0.55       |
|    clip_range           | 0.2        |
|    entropy_loss         | -1.74      |
|    explained_variance   | 0.692      |
|    learning_rate        | 0.0003     |
|    loss                 | 3.45       |
|    n_updates            | 3720       |
|    policy_gradient_loss | -0.104     |
|    std                  | 0.325      |
|    value_loss           | 8.61       |
----------------------------------------
----------------------------------------
| rollout/                |            |
|    ep_len_mean          | 1e+03      |
|    ep_rew_mean          | 94.8       |
| time/                   |            |
|    fps                  | 444        |
|    iterations           | 188        |
|    time_elapsed         | 216        |
|    total_timesteps      | 96256      |
| train/                  |            |
|    approx_kl            | 0.11282952 |
|    clip_fraction        | 0.63       |
|    clip_range           | 0.2        |
|    entropy_loss         | -1.69      |
|    explained_variance   | 0.268      |
|    learning_rate        | 0.0003     |
|    loss                 | 2.23       |
|    n_updates            | 3740       |
|    policy_gradient_loss | -0.102     |
|    std                  | 0.322      |
|    value_loss           | 6.18       |
----------------------------------------
-----------------------------------------
| rollout/                |             |
|    ep_len_mean          | 1e+03       |
|    ep_rew_mean          | 94.8        |
| time/                   |             |
|    fps                  | 444         |
|    iterations           | 189         |
|    time_elapsed         | 217         |
|    total_timesteps      | 96768       |
| train/                  |             |
|    approx_kl            | 0.085875325 |
|    clip_fraction        | 0.593       |
|    clip_range           | 0.2         |
|    entropy_loss         | -1.64       |
|    explained_variance   | 0.812       |
|    learning_rate        | 0.0003      |
|    loss                 | 1.67        |
|    n_updates            | 3760        |
|    policy_gradient_loss | -0.109      |
|    std                  | 0.32        |
|    value_loss           | 5.02        |
-----------------------------------------
----------------------------------------
| rollout/                |            |
|    ep_len_mean          | 1e+03      |
|    ep_rew_mean          | 101        |
| time/                   |            |
|    fps                  | 444        |
|    iterations           | 190        |
|    time_elapsed         | 219        |
|    total_timesteps      | 97280      |
| train/                  |            |
|    approx_kl            | 0.12074827 |
|    clip_fraction        | 0.638      |
|    clip_range           | 0.2        |
|    entropy_loss         | -1.6       |
|    explained_variance   | 0.399      |
|    learning_rate        | 0.0003     |
|    loss                 | 2.39       |
|    n_updates            | 3780       |
|    policy_gradient_loss | -0.109     |
|    std                  | 0.318      |
|    value_loss           | 4.87       |
----------------------------------------
----------------------------------------
| rollout/                |            |
|    ep_len_mean          | 1e+03      |
|    ep_rew_mean          | 101        |
| time/                   |            |
|    fps                  | 444        |
|    iterations           | 191        |
|    time_elapsed         | 220        |
|    total_timesteps      | 97792      |
| train/                  |            |
|    approx_kl            | 0.03741634 |
|    clip_fraction        | 0.423      |
|    clip_range           | 0.2        |
|    entropy_loss         | -1.59      |
|    explained_variance   | 0.86       |
|    learning_rate        | 0.0003     |
|    loss                 | 1.93       |
|    n_updates            | 3800       |
|    policy_gradient_loss | -0.0881    |
|    std                  | 0.318      |
|    value_loss           | 16.9       |
----------------------------------------
-----------------------------------------
| rollout/                |             |
|    ep_len_mean          | 1e+03       |
|    ep_rew_mean          | 105         |
| time/                   |             |
|    fps                  | 444         |
|    iterations           | 192         |
|    time_elapsed         | 221         |
|    total_timesteps      | 98304       |
| train/                  |             |
|    approx_kl            | 0.099930316 |
|    clip_fraction        | 0.638       |
|    clip_range           | 0.2         |
|    entropy_loss         | -1.55       |
|    explained_variance   | 0.405       |
|    learning_rate        | 0.0003      |
|    loss                 | 1.83        |
|    n_updates            | 3820        |
|    policy_gradient_loss | -0.108      |
|    std                  | 0.315       |
|    value_loss           | 5.68        |
-----------------------------------------
----------------------------------------
| rollout/                |            |
|    ep_len_mean          | 1e+03      |
|    ep_rew_mean          | 105        |
| time/                   |            |
|    fps                  | 444        |
|    iterations           | 193        |
|    time_elapsed         | 222        |
|    total_timesteps      | 98816      |
| train/                  |            |
|    approx_kl            | 0.07598362 |
|    clip_fraction        | 0.533      |
|    clip_range           | 0.2        |
|    entropy_loss         | -1.52      |
|    explained_variance   | 0.62       |
|    learning_rate        | 0.0003     |
|    loss                 | 3.54       |
|    n_updates            | 3840       |
|    policy_gradient_loss | -0.101     |
|    std                  | 0.314      |
|    value_loss           | 10.5       |
----------------------------------------
----------------------------------------
| rollout/                |            |
|    ep_len_mean          | 1e+03      |
|    ep_rew_mean          | 111        |
| time/                   |            |
|    fps                  | 444        |
|    iterations           | 194        |
|    time_elapsed         | 223        |
|    total_timesteps      | 99328      |
| train/                  |            |
|    approx_kl            | 0.09282399 |
|    clip_fraction        | 0.574      |
|    clip_range           | 0.2        |
|    entropy_loss         | -1.49      |
|    explained_variance   | 0.502      |
|    learning_rate        | 0.0003     |
|    loss                 | 2.73       |
|    n_updates            | 3860       |
|    policy_gradient_loss | -0.108     |
|    std                  | 0.312      |
|    value_loss           | 6.57       |
----------------------------------------
-----------------------------------------
| rollout/                |             |
|    ep_len_mean          | 1e+03       |
|    ep_rew_mean          | 111         |
| time/                   |             |
|    fps                  | 444         |
|    iterations           | 195         |
|    time_elapsed         | 224         |
|    total_timesteps      | 99840       |
| train/                  |             |
|    approx_kl            | 0.045603324 |
|    clip_fraction        | 0.448       |
|    clip_range           | 0.2         |
|    entropy_loss         | -1.45       |
|    explained_variance   | 0.864       |
|    learning_rate        | 0.0003      |
|    loss                 | 5.31        |
|    n_updates            | 3880        |
|    policy_gradient_loss | -0.0919     |
|    std                  | 0.311       |
|    value_loss           | 15.6        |
-----------------------------------------
Eval num_timesteps=100000, episode_reward=845.59 +/- 40.65
Episode length: 1000.00 +/- 0.00
----------------------------------------
| eval/                   |            |
|    mean_ep_length       | 1e+03      |
|    mean_reward          | 846        |
| time/                   |            |
|    total_timesteps      | 100000     |
| train/                  |            |
|    approx_kl            | 0.12493888 |
|    clip_fraction        | 0.652      |
|    clip_range           | 0.2        |
|    entropy_loss         | -1.4       |
|    explained_variance   | 0.509      |
|    learning_rate        | 0.0003     |
|    loss                 | 2.32       |
|    n_updates            | 3900       |
|    policy_gradient_loss | -0.11      |
|    std                  | 0.306      |
|    value_loss           | 5.87       |
----------------------------------------
New best mean reward!
---------------------------------
| rollout/           |          |
|    ep_len_mean     | 1e+03    |
|    ep_rew_mean     | 115      |
| time/              |          |
|    fps             | 431      |
|    iterations      | 196      |
|    time_elapsed    | 232      |
|    total_timesteps | 100352   |
---------------------------------
----------------------------------------
| rollout/                |            |
|    ep_len_mean          | 1e+03      |
|    ep_rew_mean          | 115        |
| time/                   |            |
|    fps                  | 431        |
|    iterations           | 197        |
|    time_elapsed         | 233        |
|    total_timesteps      | 100864     |
| train/                  |            |
|    approx_kl            | 0.11404947 |
|    clip_fraction        | 0.622      |
|    clip_range           | 0.2        |
|    entropy_loss         | -1.33      |
|    explained_variance   | 0.679      |
|    learning_rate        | 0.0003     |
|    loss                 | 2.91       |
|    n_updates            | 3920       |
|    policy_gradient_loss | -0.109     |
|    std                  | 0.304      |
|    value_loss           | 7.44       |
----------------------------------------
----------------------------------------
| rollout/                |            |
|    ep_len_mean          | 1e+03      |
|    ep_rew_mean          | 125        |
| time/                   |            |
|    fps                  | 431        |
|    iterations           | 198        |
|    time_elapsed         | 235        |
|    total_timesteps      | 101376     |
| train/                  |            |
|    approx_kl            | 0.13657606 |
|    clip_fraction        | 0.625      |
|    clip_range           | 0.2        |
|    entropy_loss         | -1.27      |
|    explained_variance   | 0.213      |
|    learning_rate        | 0.0003     |
|    loss                 | 1.55       |
|    n_updates            | 3940       |
|    policy_gradient_loss | -0.105     |
|    std                  | 0.3        |
|    value_loss           | 4.24       |
----------------------------------------
----------------------------------------
| rollout/                |            |
|    ep_len_mean          | 1e+03      |
|    ep_rew_mean          | 125        |
| time/                   |            |
|    fps                  | 431        |
|    iterations           | 199        |
|    time_elapsed         | 236        |
|    total_timesteps      | 101888     |
| train/                  |            |
|    approx_kl            | 0.11334841 |
|    clip_fraction        | 0.614      |
|    clip_range           | 0.2        |
|    entropy_loss         | -1.21      |
|    explained_variance   | 0.84       |
|    learning_rate        | 0.0003     |
|    loss                 | 1.76       |
|    n_updates            | 3960       |
|    policy_gradient_loss | -0.102     |
|    std                  | 0.298      |
|    value_loss           | 6.56       |
----------------------------------------
----------------------------------------
| rollout/                |            |
|    ep_len_mean          | 1e+03      |
|    ep_rew_mean          | 136        |
| time/                   |            |
|    fps                  | 431        |
|    iterations           | 200        |
|    time_elapsed         | 237        |
|    total_timesteps      | 102400     |
| train/                  |            |
|    approx_kl            | 0.14738254 |
|    clip_fraction        | 0.663      |
|    clip_range           | 0.2        |
|    entropy_loss         | -1.18      |
|    explained_variance   | 0.323      |
|    learning_rate        | 0.0003     |
|    loss                 | 1.42       |
|    n_updates            | 3980       |
|    policy_gradient_loss | -0.104     |
|    std                  | 0.296      |
|    value_loss           | 4.17       |
----------------------------------------
-----------------------------------------
| rollout/                |             |
|    ep_len_mean          | 1e+03       |
|    ep_rew_mean          | 136         |
| time/                   |             |
|    fps                  | 431         |
|    iterations           | 201         |
|    time_elapsed         | 238         |
|    total_timesteps      | 102912      |
| train/                  |             |
|    approx_kl            | 0.037675746 |
|    clip_fraction        | 0.412       |
|    clip_range           | 0.2         |
|    entropy_loss         | -1.15       |
|    explained_variance   | 0.694       |
|    learning_rate        | 0.0003      |
|    loss                 | 9.62        |
|    n_updates            | 4000        |
|    policy_gradient_loss | -0.0824     |
|    std                  | 0.296       |
|    value_loss           | 31.2        |
-----------------------------------------
----------------------------------------
| rollout/                |            |
|    ep_len_mean          | 1e+03      |
|    ep_rew_mean          | 147        |
| time/                   |            |
|    fps                  | 431        |
|    iterations           | 202        |
|    time_elapsed         | 239        |
|    total_timesteps      | 103424     |
| train/                  |            |
|    approx_kl            | 0.10615225 |
|    clip_fraction        | 0.599      |
|    clip_range           | 0.2        |
|    entropy_loss         | -1.12      |
|    explained_variance   | 0.401      |
|    learning_rate        | 0.0003     |
|    loss                 | 2.18       |
|    n_updates            | 4020       |
|    policy_gradient_loss | -0.0989    |
|    std                  | 0.293      |
|    value_loss           | 5.29       |
----------------------------------------
-----------------------------------------
| rollout/                |             |
|    ep_len_mean          | 1e+03       |
|    ep_rew_mean          | 147         |
| time/                   |             |
|    fps                  | 431         |
|    iterations           | 203         |
|    time_elapsed         | 240         |
|    total_timesteps      | 103936      |
| train/                  |             |
|    approx_kl            | 0.070861556 |
|    clip_fraction        | 0.476       |
|    clip_range           | 0.2         |
|    entropy_loss         | -1.08       |
|    explained_variance   | 0.7         |
|    learning_rate        | 0.0003      |
|    loss                 | 6.89        |
|    n_updates            | 4040        |
|    policy_gradient_loss | -0.0985     |
|    std                  | 0.293       |
|    value_loss           | 22.4        |
-----------------------------------------
----------------------------------------
| rollout/                |            |
|    ep_len_mean          | 1e+03      |
|    ep_rew_mean          | 156        |
| time/                   |            |
|    fps                  | 431        |
|    iterations           | 204        |
|    time_elapsed         | 241        |
|    total_timesteps      | 104448     |
| train/                  |            |
|    approx_kl            | 0.09069016 |
|    clip_fraction        | 0.472      |
|    clip_range           | 0.2        |
|    entropy_loss         | -1.07      |
|    explained_variance   | 0.0995     |
|    learning_rate        | 0.0003     |
|    loss                 | 2.8        |
|    n_updates            | 4060       |
|    policy_gradient_loss | -0.0937    |
|    std                  | 0.291      |
|    value_loss           | 8.31       |
----------------------------------------
----------------------------------------
| rollout/                |            |
|    ep_len_mean          | 1e+03      |
|    ep_rew_mean          | 156        |
| time/                   |            |
|    fps                  | 431        |
|    iterations           | 205        |
|    time_elapsed         | 243        |
|    total_timesteps      | 104960     |
| train/                  |            |
|    approx_kl            | 0.12440099 |
|    clip_fraction        | 0.598      |
|    clip_range           | 0.2        |
|    entropy_loss         | -1.03      |
|    explained_variance   | 0.81       |
|    learning_rate        | 0.0003     |
|    loss                 | 0.883      |
|    n_updates            | 4080       |
|    policy_gradient_loss | -0.107     |
|    std                  | 0.29       |
|    value_loss           | 5.92       |
----------------------------------------
----------------------------------------
| rollout/                |            |
|    ep_len_mean          | 1e+03      |
|    ep_rew_mean          | 165        |
| time/                   |            |
|    fps                  | 431        |
|    iterations           | 206        |
|    time_elapsed         | 244        |
|    total_timesteps      | 105472     |
| train/                  |            |
|    approx_kl            | 0.13255809 |
|    clip_fraction        | 0.643      |
|    clip_range           | 0.2        |
|    entropy_loss         | -0.985     |
|    explained_variance   | 0.334      |
|    learning_rate        | 0.0003     |
|    loss                 | 1.79       |
|    n_updates            | 4100       |
|    policy_gradient_loss | -0.105     |
|    std                  | 0.287      |
|    value_loss           | 5          |
----------------------------------------
----------------------------------------
| rollout/                |            |
|    ep_len_mean          | 1e+03      |
|    ep_rew_mean          | 165        |
| time/                   |            |
|    fps                  | 431        |
|    iterations           | 207        |
|    time_elapsed         | 245        |
|    total_timesteps      | 105984     |
| train/                  |            |
|    approx_kl            | 0.12838706 |
|    clip_fraction        | 0.627      |
|    clip_range           | 0.2        |
|    entropy_loss         | -0.944     |
|    explained_variance   | 0.866      |
|    learning_rate        | 0.0003     |
|    loss                 | 2.59       |
|    n_updates            | 4120       |
|    policy_gradient_loss | -0.112     |
|    std                  | 0.285      |
|    value_loss           | 7.38       |
----------------------------------------
-----------------------------------------
| rollout/                |             |
|    ep_len_mean          | 1e+03       |
|    ep_rew_mean          | 175         |
| time/                   |             |
|    fps                  | 432         |
|    iterations           | 208         |
|    time_elapsed         | 246         |
|    total_timesteps      | 106496      |
| train/                  |             |
|    approx_kl            | 0.119539335 |
|    clip_fraction        | 0.608       |
|    clip_range           | 0.2         |
|    entropy_loss         | -0.886      |
|    explained_variance   | 0.414       |
|    learning_rate        | 0.0003      |
|    loss                 | 2.8         |
|    n_updates            | 4140        |
|    policy_gradient_loss | -0.0998     |
|    std                  | 0.282       |
|    value_loss           | 5.59        |
-----------------------------------------
----------------------------------------
| rollout/                |            |
|    ep_len_mean          | 1e+03      |
|    ep_rew_mean          | 185        |
| time/                   |            |
|    fps                  | 432        |
|    iterations           | 209        |
|    time_elapsed         | 247        |
|    total_timesteps      | 107008     |
| train/                  |            |
|    approx_kl            | 0.13625683 |
|    clip_fraction        | 0.638      |
|    clip_range           | 0.2        |
|    entropy_loss         | -0.843     |
|    explained_variance   | 0.566      |
|    learning_rate        | 0.0003     |
|    loss                 | 2.99       |
|    n_updates            | 4160       |
|    policy_gradient_loss | -0.109     |
|    std                  | 0.281      |
|    value_loss           | 8.95       |
----------------------------------------
----------------------------------------
| rollout/                |            |
|    ep_len_mean          | 1e+03      |
|    ep_rew_mean          | 185        |
| time/                   |            |
|    fps                  | 432        |
|    iterations           | 210        |
|    time_elapsed         | 248        |
|    total_timesteps      | 107520     |
| train/                  |            |
|    approx_kl            | 0.08235217 |
|    clip_fraction        | 0.52       |
|    clip_range           | 0.2        |
|    entropy_loss         | -0.84      |
|    explained_variance   | 0.325      |
|    learning_rate        | 0.0003     |
|    loss                 | 4.71       |
|    n_updates            | 4180       |
|    policy_gradient_loss | -0.0865    |
|    std                  | 0.281      |
|    value_loss           | 9.29       |
----------------------------------------
----------------------------------------
| rollout/                |            |
|    ep_len_mean          | 1e+03      |
|    ep_rew_mean          | 196        |
| time/                   |            |
|    fps                  | 432        |
|    iterations           | 211        |
|    time_elapsed         | 249        |
|    total_timesteps      | 108032     |
| train/                  |            |
|    approx_kl            | 0.14114846 |
|    clip_fraction        | 0.678      |
|    clip_range           | 0.2        |
|    entropy_loss         | -0.818     |
|    explained_variance   | 0.233      |
|    learning_rate        | 0.0003     |
|    loss                 | 2.61       |
|    n_updates            | 4200       |
|    policy_gradient_loss | -0.117     |
|    std                  | 0.28       |
|    value_loss           | 7.12       |
----------------------------------------
----------------------------------------
| rollout/                |            |
|    ep_len_mean          | 1e+03      |
|    ep_rew_mean          | 196        |
| time/                   |            |
|    fps                  | 432        |
|    iterations           | 212        |
|    time_elapsed         | 251        |
|    total_timesteps      | 108544     |
| train/                  |            |
|    approx_kl            | 0.07507506 |
|    clip_fraction        | 0.513      |
|    clip_range           | 0.2        |
|    entropy_loss         | -0.777     |
|    explained_variance   | 0.723      |
|    learning_rate        | 0.0003     |
|    loss                 | 2.91       |
|    n_updates            | 4220       |
|    policy_gradient_loss | -0.0849    |
|    std                  | 0.278      |
|    value_loss           | 7.59       |
----------------------------------------
----------------------------------------
| rollout/                |            |
|    ep_len_mean          | 1e+03      |
|    ep_rew_mean          | 204        |
| time/                   |            |
|    fps                  | 432        |
|    iterations           | 213        |
|    time_elapsed         | 252        |
|    total_timesteps      | 109056     |
| train/                  |            |
|    approx_kl            | 0.08284034 |
|    clip_fraction        | 0.576      |
|    clip_range           | 0.2        |
|    entropy_loss         | -0.741     |
|    explained_variance   | 0.861      |
|    learning_rate        | 0.0003     |
|    loss                 | 4.24       |
|    n_updates            | 4240       |
|    policy_gradient_loss | -0.111     |
|    std                  | 0.276      |
|    value_loss           | 14.6       |
----------------------------------------
---------------------------------------
| rollout/                |           |
|    ep_len_mean          | 1e+03     |
|    ep_rew_mean          | 204       |
| time/                   |           |
|    fps                  | 432       |
|    iterations           | 214       |
|    time_elapsed         | 253       |
|    total_timesteps      | 109568    |
| train/                  |           |
|    approx_kl            | 0.0934625 |
|    clip_fraction        | 0.605     |
|    clip_range           | 0.2       |
|    entropy_loss         | -0.696    |
|    explained_variance   | 0.6       |
|    learning_rate        | 0.0003    |
|    loss                 | 2.68      |
|    n_updates            | 4260      |
|    policy_gradient_loss | -0.106    |
|    std                  | 0.274     |
|    value_loss           | 9.47      |
---------------------------------------
----------------------------------------
| rollout/                |            |
|    ep_len_mean          | 1e+03      |
|    ep_rew_mean          | 215        |
| time/                   |            |
|    fps                  | 432        |
|    iterations           | 215        |
|    time_elapsed         | 254        |
|    total_timesteps      | 110080     |
| train/                  |            |
|    approx_kl            | 0.15747094 |
|    clip_fraction        | 0.707      |
|    clip_range           | 0.2        |
|    entropy_loss         | -0.637     |
|    explained_variance   | 0.668      |
|    learning_rate        | 0.0003     |
|    loss                 | 1.75       |
|    n_updates            | 4280       |
|    policy_gradient_loss | -0.118     |
|    std                  | 0.271      |
|    value_loss           | 5.18       |
----------------------------------------
----------------------------------------
| rollout/                |            |
|    ep_len_mean          | 1e+03      |
|    ep_rew_mean          | 215        |
| time/                   |            |
|    fps                  | 432        |
|    iterations           | 216        |
|    time_elapsed         | 255        |
|    total_timesteps      | 110592     |
| train/                  |            |
|    approx_kl            | 0.08166684 |
|    clip_fraction        | 0.544      |
|    clip_range           | 0.2        |
|    entropy_loss         | -0.587     |
|    explained_variance   | 0.743      |
|    learning_rate        | 0.0003     |
|    loss                 | 2.14       |
|    n_updates            | 4300       |
|    policy_gradient_loss | -0.0975    |
|    std                  | 0.27       |
|    value_loss           | 7.55       |
----------------------------------------
----------------------------------------
| rollout/                |            |
|    ep_len_mean          | 1e+03      |
|    ep_rew_mean          | 226        |
| time/                   |            |
|    fps                  | 432        |
|    iterations           | 217        |
|    time_elapsed         | 256        |
|    total_timesteps      | 111104     |
| train/                  |            |
|    approx_kl            | 0.14363578 |
|    clip_fraction        | 0.682      |
|    clip_range           | 0.2        |
|    entropy_loss         | -0.566     |
|    explained_variance   | 0.536      |
|    learning_rate        | 0.0003     |
|    loss                 | 3.73       |
|    n_updates            | 4320       |
|    policy_gradient_loss | -0.112     |
|    std                  | 0.268      |
|    value_loss           | 6.98       |
----------------------------------------
-----------------------------------------
| rollout/                |             |
|    ep_len_mean          | 1e+03       |
|    ep_rew_mean          | 226         |
| time/                   |             |
|    fps                  | 432         |
|    iterations           | 218         |
|    time_elapsed         | 257         |
|    total_timesteps      | 111616      |
| train/                  |             |
|    approx_kl            | 0.088522665 |
|    clip_fraction        | 0.547       |
|    clip_range           | 0.2         |
|    entropy_loss         | -0.53       |
|    explained_variance   | 0.569       |
|    learning_rate        | 0.0003      |
|    loss                 | 2.76        |
|    n_updates            | 4340        |
|    policy_gradient_loss | -0.101      |
|    std                  | 0.268       |
|    value_loss           | 7.64        |
-----------------------------------------
----------------------------------------
| rollout/                |            |
|    ep_len_mean          | 1e+03      |
|    ep_rew_mean          | 235        |
| time/                   |            |
|    fps                  | 432        |
|    iterations           | 219        |
|    time_elapsed         | 259        |
|    total_timesteps      | 112128     |
| train/                  |            |
|    approx_kl            | 0.14823453 |
|    clip_fraction        | 0.665      |
|    clip_range           | 0.2        |
|    entropy_loss         | -0.479     |
|    explained_variance   | 0.443      |
|    learning_rate        | 0.0003     |
|    loss                 | 3.03       |
|    n_updates            | 4360       |
|    policy_gradient_loss | -0.117     |
|    std                  | 0.263      |
|    value_loss           | 8.57       |
----------------------------------------
----------------------------------------
| rollout/                |            |
|    ep_len_mean          | 1e+03      |
|    ep_rew_mean          | 235        |
| time/                   |            |
|    fps                  | 432        |
|    iterations           | 220        |
|    time_elapsed         | 260        |
|    total_timesteps      | 112640     |
| train/                  |            |
|    approx_kl            | 0.13144901 |
|    clip_fraction        | 0.65       |
|    clip_range           | 0.2        |
|    entropy_loss         | -0.412     |
|    explained_variance   | 0.497      |
|    learning_rate        | 0.0003     |
|    loss                 | 2.63       |
|    n_updates            | 4380       |
|    policy_gradient_loss | -0.109     |
|    std                  | 0.261      |
|    value_loss           | 6.39       |
----------------------------------------
----------------------------------------
| rollout/                |            |
|    ep_len_mean          | 1e+03      |
|    ep_rew_mean          | 245        |
| time/                   |            |
|    fps                  | 433        |
|    iterations           | 221        |
|    time_elapsed         | 261        |
|    total_timesteps      | 113152     |
| train/                  |            |
|    approx_kl            | 0.21054532 |
|    clip_fraction        | 0.691      |
|    clip_range           | 0.2        |
|    entropy_loss         | -0.369     |
|    explained_variance   | 0.375      |
|    learning_rate        | 0.0003     |
|    loss                 | 1.57       |
|    n_updates            | 4400       |
|    policy_gradient_loss | -0.112     |
|    std                  | 0.259      |
|    value_loss           | 4.13       |
----------------------------------------
----------------------------------------
| rollout/                |            |
|    ep_len_mean          | 1e+03      |
|    ep_rew_mean          | 245        |
| time/                   |            |
|    fps                  | 433        |
|    iterations           | 222        |
|    time_elapsed         | 262        |
|    total_timesteps      | 113664     |
| train/                  |            |
|    approx_kl            | 0.11743918 |
|    clip_fraction        | 0.586      |
|    clip_range           | 0.2        |
|    entropy_loss         | -0.321     |
|    explained_variance   | 0.827      |
|    learning_rate        | 0.0003     |
|    loss                 | 2.61       |
|    n_updates            | 4420       |
|    policy_gradient_loss | -0.103     |
|    std                  | 0.257      |
|    value_loss           | 8          |
----------------------------------------
----------------------------------------
| rollout/                |            |
|    ep_len_mean          | 1e+03      |
|    ep_rew_mean          | 254        |
| time/                   |            |
|    fps                  | 433        |
|    iterations           | 223        |
|    time_elapsed         | 263        |
|    total_timesteps      | 114176     |
| train/                  |            |
|    approx_kl            | 0.18734664 |
|    clip_fraction        | 0.748      |
|    clip_range           | 0.2        |
|    entropy_loss         | -0.279     |
|    explained_variance   | 0.386      |
|    learning_rate        | 0.0003     |
|    loss                 | 2.08       |
|    n_updates            | 4440       |
|    policy_gradient_loss | -0.119     |
|    std                  | 0.255      |
|    value_loss           | 4.64       |
----------------------------------------
-----------------------------------------
| rollout/                |             |
|    ep_len_mean          | 1e+03       |
|    ep_rew_mean          | 254         |
| time/                   |             |
|    fps                  | 433         |
|    iterations           | 224         |
|    time_elapsed         | 264         |
|    total_timesteps      | 114688      |
| train/                  |             |
|    approx_kl            | 0.076155305 |
|    clip_fraction        | 0.6         |
|    clip_range           | 0.2         |
|    entropy_loss         | -0.25       |
|    explained_variance   | 0.932       |
|    learning_rate        | 0.0003      |
|    loss                 | 2.9         |
|    n_updates            | 4460        |
|    policy_gradient_loss | -0.102      |
|    std                  | 0.254       |
|    value_loss           | 7.57        |
-----------------------------------------
----------------------------------------
| rollout/                |            |
|    ep_len_mean          | 1e+03      |
|    ep_rew_mean          | 263        |
| time/                   |            |
|    fps                  | 433        |
|    iterations           | 225        |
|    time_elapsed         | 265        |
|    total_timesteps      | 115200     |
| train/                  |            |
|    approx_kl            | 0.21495593 |
|    clip_fraction        | 0.641      |
|    clip_range           | 0.2        |
|    entropy_loss         | -0.224     |
|    explained_variance   | 0.739      |
|    learning_rate        | 0.0003     |
|    loss                 | 1.63       |
|    n_updates            | 4480       |
|    policy_gradient_loss | -0.111     |
|    std                  | 0.253      |
|    value_loss           | 4.54       |
----------------------------------------
----------------------------------------
| rollout/                |            |
|    ep_len_mean          | 1e+03      |
|    ep_rew_mean          | 263        |
| time/                   |            |
|    fps                  | 433        |
|    iterations           | 226        |
|    time_elapsed         | 267        |
|    total_timesteps      | 115712     |
| train/                  |            |
|    approx_kl            | 0.09043144 |
|    clip_fraction        | 0.594      |
|    clip_range           | 0.2        |
|    entropy_loss         | -0.194     |
|    explained_variance   | 0.64       |
|    learning_rate        | 0.0003     |
|    loss                 | 3.48       |
|    n_updates            | 4500       |
|    policy_gradient_loss | -0.106     |
|    std                  | 0.252      |
|    value_loss           | 8.99       |
----------------------------------------
----------------------------------------
| rollout/                |            |
|    ep_len_mean          | 1e+03      |
|    ep_rew_mean          | 272        |
| time/                   |            |
|    fps                  | 433        |
|    iterations           | 227        |
|    time_elapsed         | 268        |
|    total_timesteps      | 116224     |
| train/                  |            |
|    approx_kl            | 0.14249483 |
|    clip_fraction        | 0.666      |
|    clip_range           | 0.2        |
|    entropy_loss         | -0.139     |
|    explained_variance   | 0.426      |
|    learning_rate        | 0.0003     |
|    loss                 | 3.19       |
|    n_updates            | 4520       |
|    policy_gradient_loss | -0.108     |
|    std                  | 0.249      |
|    value_loss           | 7.1        |
----------------------------------------
----------------------------------------
| rollout/                |            |
|    ep_len_mean          | 1e+03      |
|    ep_rew_mean          | 272        |
| time/                   |            |
|    fps                  | 433        |
|    iterations           | 228        |
|    time_elapsed         | 269        |
|    total_timesteps      | 116736     |
| train/                  |            |
|    approx_kl            | 0.10189095 |
|    clip_fraction        | 0.633      |
|    clip_range           | 0.2        |
|    entropy_loss         | -0.0839    |
|    explained_variance   | 0.85       |
|    learning_rate        | 0.0003     |
|    loss                 | 2.54       |
|    n_updates            | 4540       |
|    policy_gradient_loss | -0.11      |
|    std                  | 0.248      |
|    value_loss           | 6.33       |
----------------------------------------
----------------------------------------
| rollout/                |            |
|    ep_len_mean          | 1e+03      |
|    ep_rew_mean          | 281        |
| time/                   |            |
|    fps                  | 433        |
|    iterations           | 229        |
|    time_elapsed         | 270        |
|    total_timesteps      | 117248     |
| train/                  |            |
|    approx_kl            | 0.15359011 |
|    clip_fraction        | 0.703      |
|    clip_range           | 0.2        |
|    entropy_loss         | -0.0645    |
|    explained_variance   | 0.497      |
|    learning_rate        | 0.0003     |
|    loss                 | 1.54       |
|    n_updates            | 4560       |
|    policy_gradient_loss | -0.115     |
|    std                  | 0.246      |
|    value_loss           | 4.55       |
----------------------------------------
-----------------------------------------
| rollout/                |             |
|    ep_len_mean          | 1e+03       |
|    ep_rew_mean          | 281         |
| time/                   |             |
|    fps                  | 433         |
|    iterations           | 230         |
|    time_elapsed         | 271         |
|    total_timesteps      | 117760      |
| train/                  |             |
|    approx_kl            | 0.122320995 |
|    clip_fraction        | 0.66        |
|    clip_range           | 0.2         |
|    entropy_loss         | -0.038      |
|    explained_variance   | 0.876       |
|    learning_rate        | 0.0003      |
|    loss                 | 2.57        |
|    n_updates            | 4580        |
|    policy_gradient_loss | -0.119      |
|    std                  | 0.245       |
|    value_loss           | 7.15        |
-----------------------------------------
----------------------------------------
| rollout/                |            |
|    ep_len_mean          | 1e+03      |
|    ep_rew_mean          | 290        |
| time/                   |            |
|    fps                  | 433        |
|    iterations           | 231        |
|    time_elapsed         | 272        |
|    total_timesteps      | 118272     |
| train/                  |            |
|    approx_kl            | 0.23555648 |
|    clip_fraction        | 0.701      |
|    clip_range           | 0.2        |
|    entropy_loss         | -0.0142    |
|    explained_variance   | 0.492      |
|    learning_rate        | 0.0003     |
|    loss                 | 1.49       |
|    n_updates            | 4600       |
|    policy_gradient_loss | -0.107     |
|    std                  | 0.244      |
|    value_loss           | 4.34       |
----------------------------------------
-----------------------------------------
| rollout/                |             |
|    ep_len_mean          | 1e+03       |
|    ep_rew_mean          | 290         |
| time/                   |             |
|    fps                  | 433         |
|    iterations           | 232         |
|    time_elapsed         | 273         |
|    total_timesteps      | 118784      |
| train/                  |             |
|    approx_kl            | 0.106592834 |
|    clip_fraction        | 0.652       |
|    clip_range           | 0.2         |
|    entropy_loss         | 0.0253      |
|    explained_variance   | 0.861       |
|    learning_rate        | 0.0003      |
|    loss                 | 3.02        |
|    n_updates            | 4620        |
|    policy_gradient_loss | -0.116      |
|    std                  | 0.243       |
|    value_loss           | 5.8         |
-----------------------------------------
----------------------------------------
| rollout/                |            |
|    ep_len_mean          | 1e+03      |
|    ep_rew_mean          | 300        |
| time/                   |            |
|    fps                  | 433        |
|    iterations           | 233        |
|    time_elapsed         | 274        |
|    total_timesteps      | 119296     |
| train/                  |            |
|    approx_kl            | 0.14163394 |
|    clip_fraction        | 0.648      |
|    clip_range           | 0.2        |
|    entropy_loss         | 0.0436     |
|    explained_variance   | 0.495      |
|    learning_rate        | 0.0003     |
|    loss                 | 2.83       |
|    n_updates            | 4640       |
|    policy_gradient_loss | -0.0963    |
|    std                  | 0.242      |
|    value_loss           | 6.42       |
----------------------------------------
----------------------------------------
| rollout/                |            |
|    ep_len_mean          | 1e+03      |
|    ep_rew_mean          | 300        |
| time/                   |            |
|    fps                  | 433        |
|    iterations           | 234        |
|    time_elapsed         | 276        |
|    total_timesteps      | 119808     |
| train/                  |            |
|    approx_kl            | 0.10720149 |
|    clip_fraction        | 0.617      |
|    clip_range           | 0.2        |
|    entropy_loss         | 0.0775     |
|    explained_variance   | 0.716      |
|    learning_rate        | 0.0003     |
|    loss                 | 2.5        |
|    n_updates            | 4660       |
|    policy_gradient_loss | -0.109     |
|    std                  | 0.241      |
|    value_loss           | 7.23       |
----------------------------------------
----------------------------------------
| rollout/                |            |
|    ep_len_mean          | 1e+03      |
|    ep_rew_mean          | 309        |
| time/                   |            |
|    fps                  | 433        |
|    iterations           | 235        |
|    time_elapsed         | 277        |
|    total_timesteps      | 120320     |
| train/                  |            |
|    approx_kl            | 0.13163947 |
|    clip_fraction        | 0.65       |
|    clip_range           | 0.2        |
|    entropy_loss         | 0.0976     |
|    explained_variance   | 0.342      |
|    learning_rate        | 0.0003     |
|    loss                 | 2.34       |
|    n_updates            | 4680       |
|    policy_gradient_loss | -0.103     |
|    std                  | 0.24       |
|    value_loss           | 5.38       |
----------------------------------------
----------------------------------------
| rollout/                |            |
|    ep_len_mean          | 1e+03      |
|    ep_rew_mean          | 309        |
| time/                   |            |
|    fps                  | 433        |
|    iterations           | 236        |
|    time_elapsed         | 278        |
|    total_timesteps      | 120832     |
| train/                  |            |
|    approx_kl            | 0.18167959 |
|    clip_fraction        | 0.666      |
|    clip_range           | 0.2        |
|    entropy_loss         | 0.132      |
|    explained_variance   | 0.882      |
|    learning_rate        | 0.0003     |
|    loss                 | 2.97       |
|    n_updates            | 4700       |
|    policy_gradient_loss | -0.116     |
|    std                  | 0.239      |
|    value_loss           | 8.14       |
----------------------------------------
---------------------------------------
| rollout/                |           |
|    ep_len_mean          | 1e+03     |
|    ep_rew_mean          | 318       |
| time/                   |           |
|    fps                  | 434       |
|    iterations           | 237       |
|    time_elapsed         | 279       |
|    total_timesteps      | 121344    |
| train/                  |           |
|    approx_kl            | 0.2690123 |
|    clip_fraction        | 0.698     |
|    clip_range           | 0.2       |
|    entropy_loss         | 0.176     |
|    explained_variance   | -0.201    |
|    learning_rate        | 0.0003    |
|    loss                 | 1.58      |
|    n_updates            | 4720      |
|    policy_gradient_loss | -0.11     |
|    std                  | 0.237     |
|    value_loss           | 4.51      |
---------------------------------------
----------------------------------------
| rollout/                |            |
|    ep_len_mean          | 1e+03      |
|    ep_rew_mean          | 318        |
| time/                   |            |
|    fps                  | 434        |
|    iterations           | 238        |
|    time_elapsed         | 280        |
|    total_timesteps      | 121856     |
| train/                  |            |
|    approx_kl            | 0.10820237 |
|    clip_fraction        | 0.647      |
|    clip_range           | 0.2        |
|    entropy_loss         | 0.201      |
|    explained_variance   | 0.807      |
|    learning_rate        | 0.0003     |
|    loss                 | 2.14       |
|    n_updates            | 4740       |
|    policy_gradient_loss | -0.112     |
|    std                  | 0.237      |
|    value_loss           | 7.58       |
----------------------------------------
-----------------------------------------
| rollout/                |             |
|    ep_len_mean          | 1e+03       |
|    ep_rew_mean          | 327         |
| time/                   |             |
|    fps                  | 434         |
|    iterations           | 239         |
|    time_elapsed         | 281         |
|    total_timesteps      | 122368      |
| train/                  |             |
|    approx_kl            | 0.114604995 |
|    clip_fraction        | 0.614       |
|    clip_range           | 0.2         |
|    entropy_loss         | 0.228       |
|    explained_variance   | 0.344       |
|    learning_rate        | 0.0003      |
|    loss                 | 2.09        |
|    n_updates            | 4760        |
|    policy_gradient_loss | -0.108      |
|    std                  | 0.235       |
|    value_loss           | 6.47        |
-----------------------------------------
---------------------------------------
| rollout/                |           |
|    ep_len_mean          | 1e+03     |
|    ep_rew_mean          | 327       |
| time/                   |           |
|    fps                  | 434       |
|    iterations           | 240       |
|    time_elapsed         | 282       |
|    total_timesteps      | 122880    |
| train/                  |           |
|    approx_kl            | 0.2073746 |
|    clip_fraction        | 0.724     |
|    clip_range           | 0.2       |
|    entropy_loss         | 0.269     |
|    explained_variance   | 0.854     |
|    learning_rate        | 0.0003    |
|    loss                 | 1.35      |
|    n_updates            | 4780      |
|    policy_gradient_loss | -0.124    |
|    std                  | 0.233     |
|    value_loss           | 4.65      |
---------------------------------------
----------------------------------------
| rollout/                |            |
|    ep_len_mean          | 1e+03      |
|    ep_rew_mean          | 337        |
| time/                   |            |
|    fps                  | 434        |
|    iterations           | 241        |
|    time_elapsed         | 284        |
|    total_timesteps      | 123392     |
| train/                  |            |
|    approx_kl            | 0.25638393 |
|    clip_fraction        | 0.695      |
|    clip_range           | 0.2        |
|    entropy_loss         | 0.307      |
|    explained_variance   | 0.442      |
|    learning_rate        | 0.0003     |
|    loss                 | 1.34       |
|    n_updates            | 4800       |
|    policy_gradient_loss | -0.0967    |
|    std                  | 0.232      |
|    value_loss           | 3.92       |
----------------------------------------
----------------------------------------
| rollout/                |            |
|    ep_len_mean          | 1e+03      |
|    ep_rew_mean          | 337        |
| time/                   |            |
|    fps                  | 434        |
|    iterations           | 242        |
|    time_elapsed         | 285        |
|    total_timesteps      | 123904     |
| train/                  |            |
|    approx_kl            | 0.16912332 |
|    clip_fraction        | 0.684      |
|    clip_range           | 0.2        |
|    entropy_loss         | 0.328      |
|    explained_variance   | 0.744      |
|    learning_rate        | 0.0003     |
|    loss                 | 1.22       |
|    n_updates            | 4820       |
|    policy_gradient_loss | -0.114     |
|    std                  | 0.232      |
|    value_loss           | 5.01       |
----------------------------------------
----------------------------------------
| rollout/                |            |
|    ep_len_mean          | 1e+03      |
|    ep_rew_mean          | 347        |
| time/                   |            |
|    fps                  | 434        |
|    iterations           | 243        |
|    time_elapsed         | 286        |
|    total_timesteps      | 124416     |
| train/                  |            |
|    approx_kl            | 0.15146858 |
|    clip_fraction        | 0.631      |
|    clip_range           | 0.2        |
|    entropy_loss         | 0.355      |
|    explained_variance   | 0.609      |
|    learning_rate        | 0.0003     |
|    loss                 | 1.82       |
|    n_updates            | 4840       |
|    policy_gradient_loss | -0.0943    |
|    std                  | 0.229      |
|    value_loss           | 4.48       |
----------------------------------------
---------------------------------------
| rollout/                |           |
|    ep_len_mean          | 1e+03     |
|    ep_rew_mean          | 347       |
| time/                   |           |
|    fps                  | 434       |
|    iterations           | 244       |
|    time_elapsed         | 287       |
|    total_timesteps      | 124928    |
| train/                  |           |
|    approx_kl            | 0.1457222 |
|    clip_fraction        | 0.661     |
|    clip_range           | 0.2       |
|    entropy_loss         | 0.414     |
|    explained_variance   | 0.504     |
|    learning_rate        | 0.0003    |
|    loss                 | 5.5       |
|    n_updates            | 4860      |
|    policy_gradient_loss | -0.114    |
|    std                  | 0.228     |
|    value_loss           | 10        |
---------------------------------------
---------------------------------------
| rollout/                |           |
|    ep_len_mean          | 1e+03     |
|    ep_rew_mean          | 357       |
| time/                   |           |
|    fps                  | 434       |
|    iterations           | 245       |
|    time_elapsed         | 288       |
|    total_timesteps      | 125440    |
| train/                  |           |
|    approx_kl            | 0.1214874 |
|    clip_fraction        | 0.624     |
|    clip_range           | 0.2       |
|    entropy_loss         | 0.468     |
|    explained_variance   | 0.425     |
|    learning_rate        | 0.0003    |
|    loss                 | 2.23      |
|    n_updates            | 4880      |
|    policy_gradient_loss | -0.0976   |
|    std                  | 0.226     |
|    value_loss           | 6.38      |
---------------------------------------
----------------------------------------
| rollout/                |            |
|    ep_len_mean          | 1e+03      |
|    ep_rew_mean          | 357        |
| time/                   |            |
|    fps                  | 434        |
|    iterations           | 246        |
|    time_elapsed         | 289        |
|    total_timesteps      | 125952     |
| train/                  |            |
|    approx_kl            | 0.16754943 |
|    clip_fraction        | 0.697      |
|    clip_range           | 0.2        |
|    entropy_loss         | 0.51       |
|    explained_variance   | 0.735      |
|    learning_rate        | 0.0003     |
|    loss                 | 3.43       |
|    n_updates            | 4900       |
|    policy_gradient_loss | -0.115     |
|    std                  | 0.225      |
|    value_loss           | 8.34       |
----------------------------------------
----------------------------------------
| rollout/                |            |
|    ep_len_mean          | 1e+03      |
|    ep_rew_mean          | 366        |
| time/                   |            |
|    fps                  | 434        |
|    iterations           | 247        |
|    time_elapsed         | 290        |
|    total_timesteps      | 126464     |
| train/                  |            |
|    approx_kl            | 0.12816729 |
|    clip_fraction        | 0.625      |
|    clip_range           | 0.2        |
|    entropy_loss         | 0.53       |
|    explained_variance   | 0.488      |
|    learning_rate        | 0.0003     |
|    loss                 | 2.64       |
|    n_updates            | 4920       |
|    policy_gradient_loss | -0.095     |
|    std                  | 0.224      |
|    value_loss           | 5.95       |
----------------------------------------
-----------------------------------------
| rollout/                |             |
|    ep_len_mean          | 1e+03       |
|    ep_rew_mean          | 366         |
| time/                   |             |
|    fps                  | 434         |
|    iterations           | 248         |
|    time_elapsed         | 292         |
|    total_timesteps      | 126976      |
| train/                  |             |
|    approx_kl            | 0.077561185 |
|    clip_fraction        | 0.583       |
|    clip_range           | 0.2         |
|    entropy_loss         | 0.537       |
|    explained_variance   | 0.854       |
|    learning_rate        | 0.0003      |
|    loss                 | 4.72        |
|    n_updates            | 4940        |
|    policy_gradient_loss | -0.0923     |
|    std                  | 0.224       |
|    value_loss           | 15.1        |
-----------------------------------------
----------------------------------------
| rollout/                |            |
|    ep_len_mean          | 1e+03      |
|    ep_rew_mean          | 375        |
| time/                   |            |
|    fps                  | 434        |
|    iterations           | 249        |
|    time_elapsed         | 293        |
|    total_timesteps      | 127488     |
| train/                  |            |
|    approx_kl            | 0.14967059 |
|    clip_fraction        | 0.663      |
|    clip_range           | 0.2        |
|    entropy_loss         | 0.582      |
|    explained_variance   | 0.372      |
|    learning_rate        | 0.0003     |
|    loss                 | 1.85       |
|    n_updates            | 4960       |
|    policy_gradient_loss | -0.095     |
|    std                  | 0.221      |
|    value_loss           | 5.92       |
----------------------------------------
----------------------------------------
| rollout/                |            |
|    ep_len_mean          | 1e+03      |
|    ep_rew_mean          | 385        |
| time/                   |            |
|    fps                  | 434        |
|    iterations           | 250        |
|    time_elapsed         | 294        |
|    total_timesteps      | 128000     |
| train/                  |            |
|    approx_kl            | 0.24336918 |
|    clip_fraction        | 0.718      |
|    clip_range           | 0.2        |
|    entropy_loss         | 0.622      |
|    explained_variance   | 0.865      |
|    learning_rate        | 0.0003     |
|    loss                 | 2.74       |
|    n_updates            | 4980       |
|    policy_gradient_loss | -0.119     |
|    std                  | 0.221      |
|    value_loss           | 6.09       |
----------------------------------------
-----------------------------------------
| rollout/                |             |
|    ep_len_mean          | 1e+03       |
|    ep_rew_mean          | 385         |
| time/                   |             |
|    fps                  | 434         |
|    iterations           | 251         |
|    time_elapsed         | 295         |
|    total_timesteps      | 128512      |
| train/                  |             |
|    approx_kl            | 0.119658105 |
|    clip_fraction        | 0.648       |
|    clip_range           | 0.2         |
|    entropy_loss         | 0.655       |
|    explained_variance   | 0.497       |
|    learning_rate        | 0.0003      |
|    loss                 | 2.32        |
|    n_updates            | 5000        |
|    policy_gradient_loss | -0.0986     |
|    std                  | 0.219       |
|    value_loss           | 5.26        |
-----------------------------------------
----------------------------------------
| rollout/                |            |
|    ep_len_mean          | 1e+03      |
|    ep_rew_mean          | 393        |
| time/                   |            |
|    fps                  | 434        |
|    iterations           | 252        |
|    time_elapsed         | 296        |
|    total_timesteps      | 129024     |
| train/                  |            |
|    approx_kl            | 0.20384115 |
|    clip_fraction        | 0.688      |
|    clip_range           | 0.2        |
|    entropy_loss         | 0.717      |
|    explained_variance   | 0.919      |
|    learning_rate        | 0.0003     |
|    loss                 | 1.45       |
|    n_updates            | 5020       |
|    policy_gradient_loss | -0.111     |
|    std                  | 0.217      |
|    value_loss           | 6.43       |
----------------------------------------
----------------------------------------
| rollout/                |            |
|    ep_len_mean          | 1e+03      |
|    ep_rew_mean          | 393        |
| time/                   |            |
|    fps                  | 434        |
|    iterations           | 253        |
|    time_elapsed         | 297        |
|    total_timesteps      | 129536     |
| train/                  |            |
|    approx_kl            | 0.13792393 |
|    clip_fraction        | 0.653      |
|    clip_range           | 0.2        |
|    entropy_loss         | 0.755      |
|    explained_variance   | 0.896      |
|    learning_rate        | 0.0003     |
|    loss                 | 1.89       |
|    n_updates            | 5040       |
|    policy_gradient_loss | -0.101     |
|    std                  | 0.216      |
|    value_loss           | 6.13       |
----------------------------------------
----------------------------------------
| rollout/                |            |
|    ep_len_mean          | 1e+03      |
|    ep_rew_mean          | 403        |
| time/                   |            |
|    fps                  | 435        |
|    iterations           | 254        |
|    time_elapsed         | 298        |
|    total_timesteps      | 130048     |
| train/                  |            |
|    approx_kl            | 0.20980738 |
|    clip_fraction        | 0.673      |
|    clip_range           | 0.2        |
|    entropy_loss         | 0.765      |
|    explained_variance   | 0.704      |
|    learning_rate        | 0.0003     |
|    loss                 | 2.53       |
|    n_updates            | 5060       |
|    policy_gradient_loss | -0.102     |
|    std                  | 0.216      |
|    value_loss           | 7.53       |
----------------------------------------
----------------------------------------
| rollout/                |            |
|    ep_len_mean          | 1e+03      |
|    ep_rew_mean          | 403        |
| time/                   |            |
|    fps                  | 435        |
|    iterations           | 255        |
|    time_elapsed         | 300        |
|    total_timesteps      | 130560     |
| train/                  |            |
|    approx_kl            | 0.08045281 |
|    clip_fraction        | 0.542      |
|    clip_range           | 0.2        |
|    entropy_loss         | 0.785      |
|    explained_variance   | 0.926      |
|    learning_rate        | 0.0003     |
|    loss                 | 2.54       |
|    n_updates            | 5080       |
|    policy_gradient_loss | -0.0907    |
|    std                  | 0.214      |
|    value_loss           | 7.77       |
----------------------------------------
----------------------------------------
| rollout/                |            |
|    ep_len_mean          | 1e+03      |
|    ep_rew_mean          | 412        |
| time/                   |            |
|    fps                  | 435        |
|    iterations           | 256        |
|    time_elapsed         | 301        |
|    total_timesteps      | 131072     |
| train/                  |            |
|    approx_kl            | 0.33830747 |
|    clip_fraction        | 0.731      |
|    clip_range           | 0.2        |
|    entropy_loss         | 0.84       |
|    explained_variance   | 0.832      |
|    learning_rate        | 0.0003     |
|    loss                 | 1.77       |
|    n_updates            | 5100       |
|    policy_gradient_loss | -0.104     |
|    std                  | 0.212      |
|    value_loss           | 4.93       |
----------------------------------------
----------------------------------------
| rollout/                |            |
|    ep_len_mean          | 1e+03      |
|    ep_rew_mean          | 412        |
| time/                   |            |
|    fps                  | 435        |
|    iterations           | 257        |
|    time_elapsed         | 302        |
|    total_timesteps      | 131584     |
| train/                  |            |
|    approx_kl            | 0.06820534 |
|    clip_fraction        | 0.482      |
|    clip_range           | 0.2        |
|    entropy_loss         | 0.874      |
|    explained_variance   | 0.934      |
|    learning_rate        | 0.0003     |
|    loss                 | 5.4        |
|    n_updates            | 5120       |
|    policy_gradient_loss | -0.0867    |
|    std                  | 0.212      |
|    value_loss           | 15.7       |
----------------------------------------
-----------------------------------------
| rollout/                |             |
|    ep_len_mean          | 1e+03       |
|    ep_rew_mean          | 417         |
| time/                   |             |
|    fps                  | 435         |
|    iterations           | 258         |
|    time_elapsed         | 303         |
|    total_timesteps      | 132096      |
| train/                  |             |
|    approx_kl            | 0.096626446 |
|    clip_fraction        | 0.614       |
|    clip_range           | 0.2         |
|    entropy_loss         | 0.893       |
|    explained_variance   | 0.91        |
|    learning_rate        | 0.0003      |
|    loss                 | 7.88        |
|    n_updates            | 5140        |
|    policy_gradient_loss | -0.114      |
|    std                  | 0.211       |
|    value_loss           | 26.9        |
-----------------------------------------
----------------------------------------
| rollout/                |            |
|    ep_len_mean          | 1e+03      |
|    ep_rew_mean          | 417        |
| time/                   |            |
|    fps                  | 435        |
|    iterations           | 259        |
|    time_elapsed         | 304        |
|    total_timesteps      | 132608     |
| train/                  |            |
|    approx_kl            | 0.18905148 |
|    clip_fraction        | 0.676      |
|    clip_range           | 0.2        |
|    entropy_loss         | 0.914      |
|    explained_variance   | 0.831      |
|    learning_rate        | 0.0003     |
|    loss                 | 2.1        |
|    n_updates            | 5160       |
|    policy_gradient_loss | -0.109     |
|    std                  | 0.21       |
|    value_loss           | 7.21       |
----------------------------------------
----------------------------------------
| rollout/                |            |
|    ep_len_mean          | 1e+03      |
|    ep_rew_mean          | 425        |
| time/                   |            |
|    fps                  | 435        |
|    iterations           | 260        |
|    time_elapsed         | 305        |
|    total_timesteps      | 133120     |
| train/                  |            |
|    approx_kl            | 0.29774463 |
|    clip_fraction        | 0.779      |
|    clip_range           | 0.2        |
|    entropy_loss         | 0.934      |
|    explained_variance   | 0.578      |
|    learning_rate        | 0.0003     |
|    loss                 | 1.68       |
|    n_updates            | 5180       |
|    policy_gradient_loss | -0.107     |
|    std                  | 0.209      |
|    value_loss           | 3.84       |
----------------------------------------
--------------------------------------
| rollout/                |          |
|    ep_len_mean          | 1e+03    |
|    ep_rew_mean          | 425      |
| time/                   |          |
|    fps                  | 435      |
|    iterations           | 261      |
|    time_elapsed         | 306      |
|    total_timesteps      | 133632   |
| train/                  |          |
|    approx_kl            | 0.066287 |
|    clip_fraction        | 0.531    |
|    clip_range           | 0.2      |
|    entropy_loss         | 0.974    |
|    explained_variance   | 0.919    |
|    learning_rate        | 0.0003   |
|    loss                 | 6.09     |
|    n_updates            | 5200     |
|    policy_gradient_loss | -0.0862  |
|    std                  | 0.208    |
|    value_loss           | 24.1     |
--------------------------------------
----------------------------------------
| rollout/                |            |
|    ep_len_mean          | 1e+03      |
|    ep_rew_mean          | 433        |
| time/                   |            |
|    fps                  | 435        |
|    iterations           | 262        |
|    time_elapsed         | 308        |
|    total_timesteps      | 134144     |
| train/                  |            |
|    approx_kl            | 0.18910964 |
|    clip_fraction        | 0.7        |
|    clip_range           | 0.2        |
|    entropy_loss         | 0.993      |
|    explained_variance   | 0.714      |
|    learning_rate        | 0.0003     |
|    loss                 | 3.24       |
|    n_updates            | 5220       |
|    policy_gradient_loss | -0.115     |
|    std                  | 0.208      |
|    value_loss           | 7.42       |
----------------------------------------
----------------------------------------
| rollout/                |            |
|    ep_len_mean          | 1e+03      |
|    ep_rew_mean          | 433        |
| time/                   |            |
|    fps                  | 435        |
|    iterations           | 263        |
|    time_elapsed         | 309        |
|    total_timesteps      | 134656     |
| train/                  |            |
|    approx_kl            | 0.13481359 |
|    clip_fraction        | 0.629      |
|    clip_range           | 0.2        |
|    entropy_loss         | 1.03       |
|    explained_variance   | 0.9        |
|    learning_rate        | 0.0003     |
|    loss                 | 2.57       |
|    n_updates            | 5240       |
|    policy_gradient_loss | -0.0996    |
|    std                  | 0.206      |
|    value_loss           | 8.87       |
----------------------------------------
----------------------------------------
| rollout/                |            |
|    ep_len_mean          | 1e+03      |
|    ep_rew_mean          | 442        |
| time/                   |            |
|    fps                  | 435        |
|    iterations           | 264        |
|    time_elapsed         | 310        |
|    total_timesteps      | 135168     |
| train/                  |            |
|    approx_kl            | 0.29646617 |
|    clip_fraction        | 0.777      |
|    clip_range           | 0.2        |
|    entropy_loss         | 1.05       |
|    explained_variance   | 0.644      |
|    learning_rate        | 0.0003     |
|    loss                 | 1.8        |
|    n_updates            | 5260       |
|    policy_gradient_loss | -0.111     |
|    std                  | 0.206      |
|    value_loss           | 3.84       |
----------------------------------------
----------------------------------------
| rollout/                |            |
|    ep_len_mean          | 1e+03      |
|    ep_rew_mean          | 442        |
| time/                   |            |
|    fps                  | 435        |
|    iterations           | 265        |
|    time_elapsed         | 311        |
|    total_timesteps      | 135680     |
| train/                  |            |
|    approx_kl            | 0.08219241 |
|    clip_fraction        | 0.517      |
|    clip_range           | 0.2        |
|    entropy_loss         | 1.07       |
|    explained_variance   | 0.925      |
|    learning_rate        | 0.0003     |
|    loss                 | 7.13       |
|    n_updates            | 5280       |
|    policy_gradient_loss | -0.0959    |
|    std                  | 0.206      |
|    value_loss           | 14.3       |
----------------------------------------
----------------------------------------
| rollout/                |            |
|    ep_len_mean          | 1e+03      |
|    ep_rew_mean          | 450        |
| time/                   |            |
|    fps                  | 435        |
|    iterations           | 266        |
|    time_elapsed         | 312        |
|    total_timesteps      | 136192     |
| train/                  |            |
|    approx_kl            | 0.26453602 |
|    clip_fraction        | 0.743      |
|    clip_range           | 0.2        |
|    entropy_loss         | 1.12       |
|    explained_variance   | 0.633      |
|    learning_rate        | 0.0003     |
|    loss                 | 2.72       |
|    n_updates            | 5300       |
|    policy_gradient_loss | -0.112     |
|    std                  | 0.203      |
|    value_loss           | 4.83       |
----------------------------------------
----------------------------------------
| rollout/                |            |
|    ep_len_mean          | 1e+03      |
|    ep_rew_mean          | 450        |
| time/                   |            |
|    fps                  | 435        |
|    iterations           | 267        |
|    time_elapsed         | 313        |
|    total_timesteps      | 136704     |
| train/                  |            |
|    approx_kl            | 0.09203861 |
|    clip_fraction        | 0.562      |
|    clip_range           | 0.2        |
|    entropy_loss         | 1.18       |
|    explained_variance   | 0.955      |
|    learning_rate        | 0.0003     |
|    loss                 | 3.2        |
|    n_updates            | 5320       |
|    policy_gradient_loss | -0.0995    |
|    std                  | 0.201      |
|    value_loss           | 9.53       |
----------------------------------------
----------------------------------------
| rollout/                |            |
|    ep_len_mean          | 1e+03      |
|    ep_rew_mean          | 458        |
| time/                   |            |
|    fps                  | 435        |
|    iterations           | 268        |
|    time_elapsed         | 314        |
|    total_timesteps      | 137216     |
| train/                  |            |
|    approx_kl            | 0.26428515 |
|    clip_fraction        | 0.728      |
|    clip_range           | 0.2        |
|    entropy_loss         | 1.21       |
|    explained_variance   | 0.442      |
|    learning_rate        | 0.0003     |
|    loss                 | 2.42       |
|    n_updates            | 5340       |
|    policy_gradient_loss | -0.108     |
|    std                  | 0.201      |
|    value_loss           | 4.57       |
----------------------------------------
----------------------------------------
| rollout/                |            |
|    ep_len_mean          | 1e+03      |
|    ep_rew_mean          | 458        |
| time/                   |            |
|    fps                  | 435        |
|    iterations           | 269        |
|    time_elapsed         | 316        |
|    total_timesteps      | 137728     |
| train/                  |            |
|    approx_kl            | 0.10895662 |
|    clip_fraction        | 0.596      |
|    clip_range           | 0.2        |
|    entropy_loss         | 1.22       |
|    explained_variance   | 0.953      |
|    learning_rate        | 0.0003     |
|    loss                 | 2.88       |
|    n_updates            | 5360       |
|    policy_gradient_loss | -0.105     |
|    std                  | 0.2        |
|    value_loss           | 8.63       |
----------------------------------------
----------------------------------------
| rollout/                |            |
|    ep_len_mean          | 1e+03      |
|    ep_rew_mean          | 466        |
| time/                   |            |
|    fps                  | 435        |
|    iterations           | 270        |
|    time_elapsed         | 317        |
|    total_timesteps      | 138240     |
| train/                  |            |
|    approx_kl            | 0.28315526 |
|    clip_fraction        | 0.736      |
|    clip_range           | 0.2        |
|    entropy_loss         | 1.25       |
|    explained_variance   | 0.482      |
|    learning_rate        | 0.0003     |
|    loss                 | 1.8        |
|    n_updates            | 5380       |
|    policy_gradient_loss | -0.104     |
|    std                  | 0.199      |
|    value_loss           | 4.58       |
----------------------------------------
----------------------------------------
| rollout/                |            |
|    ep_len_mean          | 1e+03      |
|    ep_rew_mean          | 466        |
| time/                   |            |
|    fps                  | 435        |
|    iterations           | 271        |
|    time_elapsed         | 318        |
|    total_timesteps      | 138752     |
| train/                  |            |
|    approx_kl            | 0.18033034 |
|    clip_fraction        | 0.692      |
|    clip_range           | 0.2        |
|    entropy_loss         | 1.29       |
|    explained_variance   | 0.695      |
|    learning_rate        | 0.0003     |
|    loss                 | 2.04       |
|    n_updates            | 5400       |
|    policy_gradient_loss | -0.101     |
|    std                  | 0.198      |
|    value_loss           | 7.6        |
----------------------------------------
----------------------------------------
| rollout/                |            |
|    ep_len_mean          | 1e+03      |
|    ep_rew_mean          | 474        |
| time/                   |            |
|    fps                  | 436        |
|    iterations           | 272        |
|    time_elapsed         | 319        |
|    total_timesteps      | 139264     |
| train/                  |            |
|    approx_kl            | 0.23853819 |
|    clip_fraction        | 0.706      |
|    clip_range           | 0.2        |
|    entropy_loss         | 1.29       |
|    explained_variance   | 0.708      |
|    learning_rate        | 0.0003     |
|    loss                 | 1.41       |
|    n_updates            | 5420       |
|    policy_gradient_loss | -0.107     |
|    std                  | 0.198      |
|    value_loss           | 3.86       |
----------------------------------------
----------------------------------------
| rollout/                |            |
|    ep_len_mean          | 1e+03      |
|    ep_rew_mean          | 474        |
| time/                   |            |
|    fps                  | 436        |
|    iterations           | 273        |
|    time_elapsed         | 320        |
|    total_timesteps      | 139776     |
| train/                  |            |
|    approx_kl            | 0.14188573 |
|    clip_fraction        | 0.632      |
|    clip_range           | 0.2        |
|    entropy_loss         | 1.32       |
|    explained_variance   | 0.781      |
|    learning_rate        | 0.0003     |
|    loss                 | 3.73       |
|    n_updates            | 5440       |
|    policy_gradient_loss | -0.108     |
|    std                  | 0.197      |
|    value_loss           | 9.63       |
----------------------------------------
----------------------------------------
| rollout/                |            |
|    ep_len_mean          | 1e+03      |
|    ep_rew_mean          | 482        |
| time/                   |            |
|    fps                  | 436        |
|    iterations           | 274        |
|    time_elapsed         | 321        |
|    total_timesteps      | 140288     |
| train/                  |            |
|    approx_kl            | 0.20235668 |
|    clip_fraction        | 0.693      |
|    clip_range           | 0.2        |
|    entropy_loss         | 1.35       |
|    explained_variance   | 0.722      |
|    learning_rate        | 0.0003     |
|    loss                 | 1.4        |
|    n_updates            | 5460       |
|    policy_gradient_loss | -0.103     |
|    std                  | 0.196      |
|    value_loss           | 3.58       |
----------------------------------------
----------------------------------------
| rollout/                |            |
|    ep_len_mean          | 1e+03      |
|    ep_rew_mean          | 482        |
| time/                   |            |
|    fps                  | 436        |
|    iterations           | 275        |
|    time_elapsed         | 322        |
|    total_timesteps      | 140800     |
| train/                  |            |
|    approx_kl            | 0.20004414 |
|    clip_fraction        | 0.719      |
|    clip_range           | 0.2        |
|    entropy_loss         | 1.36       |
|    explained_variance   | 0.434      |
|    learning_rate        | 0.0003     |
|    loss                 | 1.05       |
|    n_updates            | 5480       |
|    policy_gradient_loss | -0.108     |
|    std                  | 0.196      |
|    value_loss           | 4.68       |
----------------------------------------
----------------------------------------
| rollout/                |            |
|    ep_len_mean          | 1e+03      |
|    ep_rew_mean          | 491        |
| time/                   |            |
|    fps                  | 436        |
|    iterations           | 276        |
|    time_elapsed         | 323        |
|    total_timesteps      | 141312     |
| train/                  |            |
|    approx_kl            | 0.21183625 |
|    clip_fraction        | 0.702      |
|    clip_range           | 0.2        |
|    entropy_loss         | 1.39       |
|    explained_variance   | 0.56       |
|    learning_rate        | 0.0003     |
|    loss                 | 2.33       |
|    n_updates            | 5500       |
|    policy_gradient_loss | -0.101     |
|    std                  | 0.194      |
|    value_loss           | 4.55       |
----------------------------------------
----------------------------------------
| rollout/                |            |
|    ep_len_mean          | 1e+03      |
|    ep_rew_mean          | 491        |
| time/                   |            |
|    fps                  | 436        |
|    iterations           | 277        |
|    time_elapsed         | 324        |
|    total_timesteps      | 141824     |
| train/                  |            |
|    approx_kl            | 0.14443992 |
|    clip_fraction        | 0.62       |
|    clip_range           | 0.2        |
|    entropy_loss         | 1.43       |
|    explained_variance   | 0.838      |
|    learning_rate        | 0.0003     |
|    loss                 | 1.52       |
|    n_updates            | 5520       |
|    policy_gradient_loss | -0.0872    |
|    std                  | 0.193      |
|    value_loss           | 9.34       |
----------------------------------------
----------------------------------------
| rollout/                |            |
|    ep_len_mean          | 1e+03      |
|    ep_rew_mean          | 498        |
| time/                   |            |
|    fps                  | 436        |
|    iterations           | 278        |
|    time_elapsed         | 326        |
|    total_timesteps      | 142336     |
| train/                  |            |
|    approx_kl            | 0.24495912 |
|    clip_fraction        | 0.743      |
|    clip_range           | 0.2        |
|    entropy_loss         | 1.46       |
|    explained_variance   | 0.739      |
|    learning_rate        | 0.0003     |
|    loss                 | 1.27       |
|    n_updates            | 5540       |
|    policy_gradient_loss | -0.107     |
|    std                  | 0.192      |
|    value_loss           | 4.32       |
----------------------------------------
--------------------------------------
| rollout/                |          |
|    ep_len_mean          | 1e+03    |
|    ep_rew_mean          | 498      |
| time/                   |          |
|    fps                  | 436      |
|    iterations           | 279      |
|    time_elapsed         | 327      |
|    total_timesteps      | 142848   |
| train/                  |          |
|    approx_kl            | 0.161021 |
|    clip_fraction        | 0.659    |
|    clip_range           | 0.2      |
|    entropy_loss         | 1.48     |
|    explained_variance   | 0.719    |
|    learning_rate        | 0.0003   |
|    loss                 | 1.7      |
|    n_updates            | 5560     |
|    policy_gradient_loss | -0.102   |
|    std                  | 0.192    |
|    value_loss           | 6.49     |
--------------------------------------
----------------------------------------
| rollout/                |            |
|    ep_len_mean          | 1e+03      |
|    ep_rew_mean          | 505        |
| time/                   |            |
|    fps                  | 436        |
|    iterations           | 280        |
|    time_elapsed         | 328        |
|    total_timesteps      | 143360     |
| train/                  |            |
|    approx_kl            | 0.17287388 |
|    clip_fraction        | 0.669      |
|    clip_range           | 0.2        |
|    entropy_loss         | 1.51       |
|    explained_variance   | 0.541      |
|    learning_rate        | 0.0003     |
|    loss                 | 2.58       |
|    n_updates            | 5580       |
|    policy_gradient_loss | -0.107     |
|    std                  | 0.191      |
|    value_loss           | 5.52       |
----------------------------------------
----------------------------------------
| rollout/                |            |
|    ep_len_mean          | 1e+03      |
|    ep_rew_mean          | 505        |
| time/                   |            |
|    fps                  | 436        |
|    iterations           | 281        |
|    time_elapsed         | 329        |
|    total_timesteps      | 143872     |
| train/                  |            |
|    approx_kl            | 0.22863579 |
|    clip_fraction        | 0.708      |
|    clip_range           | 0.2        |
|    entropy_loss         | 1.55       |
|    explained_variance   | 0.874      |
|    learning_rate        | 0.0003     |
|    loss                 | 1.89       |
|    n_updates            | 5600       |
|    policy_gradient_loss | -0.114     |
|    std                  | 0.189      |
|    value_loss           | 4.75       |
----------------------------------------
----------------------------------------
| rollout/                |            |
|    ep_len_mean          | 1e+03      |
|    ep_rew_mean          | 512        |
| time/                   |            |
|    fps                  | 436        |
|    iterations           | 282        |
|    time_elapsed         | 330        |
|    total_timesteps      | 144384     |
| train/                  |            |
|    approx_kl            | 0.21968982 |
|    clip_fraction        | 0.688      |
|    clip_range           | 0.2        |
|    entropy_loss         | 1.6        |
|    explained_variance   | 0.682      |
|    learning_rate        | 0.0003     |
|    loss                 | 2.32       |
|    n_updates            | 5620       |
|    policy_gradient_loss | -0.098     |
|    std                  | 0.188      |
|    value_loss           | 4.44       |
----------------------------------------
----------------------------------------
| rollout/                |            |
|    ep_len_mean          | 1e+03      |
|    ep_rew_mean          | 512        |
| time/                   |            |
|    fps                  | 436        |
|    iterations           | 283        |
|    time_elapsed         | 331        |
|    total_timesteps      | 144896     |
| train/                  |            |
|    approx_kl            | 0.19632217 |
|    clip_fraction        | 0.746      |
|    clip_range           | 0.2        |
|    entropy_loss         | 1.62       |
|    explained_variance   | 0.599      |
|    learning_rate        | 0.0003     |
|    loss                 | 2.76       |
|    n_updates            | 5640       |
|    policy_gradient_loss | -0.116     |
|    std                  | 0.188      |
|    value_loss           | 6.14       |
----------------------------------------
----------------------------------------
| rollout/                |            |
|    ep_len_mean          | 1e+03      |
|    ep_rew_mean          | 519        |
| time/                   |            |
|    fps                  | 437        |
|    iterations           | 284        |
|    time_elapsed         | 332        |
|    total_timesteps      | 145408     |
| train/                  |            |
|    approx_kl            | 0.19029331 |
|    clip_fraction        | 0.654      |
|    clip_range           | 0.2        |
|    entropy_loss         | 1.62       |
|    explained_variance   | 0.492      |
|    learning_rate        | 0.0003     |
|    loss                 | 2.33       |
|    n_updates            | 5660       |
|    policy_gradient_loss | -0.0872    |
|    std                  | 0.188      |
|    value_loss           | 5.28       |
----------------------------------------
----------------------------------------
| rollout/                |            |
|    ep_len_mean          | 1e+03      |
|    ep_rew_mean          | 519        |
| time/                   |            |
|    fps                  | 437        |
|    iterations           | 285        |
|    time_elapsed         | 333        |
|    total_timesteps      | 145920     |
| train/                  |            |
|    approx_kl            | 0.24094576 |
|    clip_fraction        | 0.734      |
|    clip_range           | 0.2        |
|    entropy_loss         | 1.62       |
|    explained_variance   | 0.827      |
|    learning_rate        | 0.0003     |
|    loss                 | 1.68       |
|    n_updates            | 5680       |
|    policy_gradient_loss | -0.113     |
|    std                  | 0.188      |
|    value_loss           | 4.14       |
----------------------------------------
----------------------------------------
| rollout/                |            |
|    ep_len_mean          | 1e+03      |
|    ep_rew_mean          | 527        |
| time/                   |            |
|    fps                  | 437        |
|    iterations           | 286        |
|    time_elapsed         | 334        |
|    total_timesteps      | 146432     |
| train/                  |            |
|    approx_kl            | 0.19549415 |
|    clip_fraction        | 0.668      |
|    clip_range           | 0.2        |
|    entropy_loss         | 1.63       |
|    explained_variance   | 0.455      |
|    learning_rate        | 0.0003     |
|    loss                 | 2.77       |
|    n_updates            | 5700       |
|    policy_gradient_loss | -0.0937    |
|    std                  | 0.188      |
|    value_loss           | 4.92       |
----------------------------------------
-----------------------------------------
| rollout/                |             |
|    ep_len_mean          | 1e+03       |
|    ep_rew_mean          | 527         |
| time/                   |             |
|    fps                  | 437         |
|    iterations           | 287         |
|    time_elapsed         | 336         |
|    total_timesteps      | 146944      |
| train/                  |             |
|    approx_kl            | 0.096047744 |
|    clip_fraction        | 0.561       |
|    clip_range           | 0.2         |
|    entropy_loss         | 1.64        |
|    explained_variance   | 0.877       |
|    learning_rate        | 0.0003      |
|    loss                 | 2.22        |
|    n_updates            | 5720        |
|    policy_gradient_loss | -0.0876     |
|    std                  | 0.187       |
|    value_loss           | 12.4        |
-----------------------------------------
---------------------------------------
| rollout/                |           |
|    ep_len_mean          | 1e+03     |
|    ep_rew_mean          | 533       |
| time/                   |           |
|    fps                  | 437       |
|    iterations           | 288       |
|    time_elapsed         | 337       |
|    total_timesteps      | 147456    |
| train/                  |           |
|    approx_kl            | 0.1666847 |
|    clip_fraction        | 0.697     |
|    clip_range           | 0.2       |
|    entropy_loss         | 1.68      |
|    explained_variance   | 0.449     |
|    learning_rate        | 0.0003    |
|    loss                 | 2.85      |
|    n_updates            | 5740      |
|    policy_gradient_loss | -0.107    |
|    std                  | 0.185     |
|    value_loss           | 5.74      |
---------------------------------------
----------------------------------------
| rollout/                |            |
|    ep_len_mean          | 1e+03      |
|    ep_rew_mean          | 533        |
| time/                   |            |
|    fps                  | 437        |
|    iterations           | 289        |
|    time_elapsed         | 338        |
|    total_timesteps      | 147968     |
| train/                  |            |
|    approx_kl            | 0.23216052 |
|    clip_fraction        | 0.695      |
|    clip_range           | 0.2        |
|    entropy_loss         | 1.71       |
|    explained_variance   | 0.701      |
|    learning_rate        | 0.0003     |
|    loss                 | 1.58       |
|    n_updates            | 5760       |
|    policy_gradient_loss | -0.1       |
|    std                  | 0.185      |
|    value_loss           | 5.95       |
----------------------------------------
----------------------------------------
| rollout/                |            |
|    ep_len_mean          | 1e+03      |
|    ep_rew_mean          | 540        |
| time/                   |            |
|    fps                  | 437        |
|    iterations           | 290        |
|    time_elapsed         | 339        |
|    total_timesteps      | 148480     |
| train/                  |            |
|    approx_kl            | 0.22655994 |
|    clip_fraction        | 0.643      |
|    clip_range           | 0.2        |
|    entropy_loss         | 1.74       |
|    explained_variance   | 0.554      |
|    learning_rate        | 0.0003     |
|    loss                 | 1.46       |
|    n_updates            | 5780       |
|    policy_gradient_loss | -0.0772    |
|    std                  | 0.184      |
|    value_loss           | 3.49       |
----------------------------------------
----------------------------------------
| rollout/                |            |
|    ep_len_mean          | 1e+03      |
|    ep_rew_mean          | 540        |
| time/                   |            |
|    fps                  | 437        |
|    iterations           | 291        |
|    time_elapsed         | 340        |
|    total_timesteps      | 148992     |
| train/                  |            |
|    approx_kl            | 0.10743846 |
|    clip_fraction        | 0.566      |
|    clip_range           | 0.2        |
|    entropy_loss         | 1.77       |
|    explained_variance   | 0.869      |
|    learning_rate        | 0.0003     |
|    loss                 | 3.76       |
|    n_updates            | 5800       |
|    policy_gradient_loss | -0.084     |
|    std                  | 0.183      |
|    value_loss           | 17.4       |
----------------------------------------
----------------------------------------
| rollout/                |            |
|    ep_len_mean          | 1e+03      |
|    ep_rew_mean          | 545        |
| time/                   |            |
|    fps                  | 437        |
|    iterations           | 292        |
|    time_elapsed         | 341        |
|    total_timesteps      | 149504     |
| train/                  |            |
|    approx_kl            | 0.16154698 |
|    clip_fraction        | 0.671      |
|    clip_range           | 0.2        |
|    entropy_loss         | 1.79       |
|    explained_variance   | 0.448      |
|    learning_rate        | 0.0003     |
|    loss                 | 2.72       |
|    n_updates            | 5820       |
|    policy_gradient_loss | -0.0975    |
|    std                  | 0.183      |
|    value_loss           | 6.51       |
----------------------------------------
----------------------------------------
| rollout/                |            |
|    ep_len_mean          | 1e+03      |
|    ep_rew_mean          | 552        |
| time/                   |            |
|    fps                  | 437        |
|    iterations           | 293        |
|    time_elapsed         | 342        |
|    total_timesteps      | 150016     |
| train/                  |            |
|    approx_kl            | 0.21098575 |
|    clip_fraction        | 0.717      |
|    clip_range           | 0.2        |
|    entropy_loss         | 1.81       |
|    explained_variance   | 0.846      |
|    learning_rate        | 0.0003     |
|    loss                 | 2.75       |
|    n_updates            | 5840       |
|    policy_gradient_loss | -0.111     |
|    std                  | 0.182      |
|    value_loss           | 8.4        |
----------------------------------------
----------------------------------------
| rollout/                |            |
|    ep_len_mean          | 1e+03      |
|    ep_rew_mean          | 552        |
| time/                   |            |
|    fps                  | 437        |
|    iterations           | 294        |
|    time_elapsed         | 343        |
|    total_timesteps      | 150528     |
| train/                  |            |
|    approx_kl            | 0.11136029 |
|    clip_fraction        | 0.575      |
|    clip_range           | 0.2        |
|    entropy_loss         | 1.82       |
|    explained_variance   | 0.904      |
|    learning_rate        | 0.0003     |
|    loss                 | 2.59       |
|    n_updates            | 5860       |
|    policy_gradient_loss | -0.0792    |
|    std                  | 0.182      |
|    value_loss           | 7.69       |
----------------------------------------
----------------------------------------
| rollout/                |            |
|    ep_len_mean          | 1e+03      |
|    ep_rew_mean          | 558        |
| time/                   |            |
|    fps                  | 437        |
|    iterations           | 295        |
|    time_elapsed         | 344        |
|    total_timesteps      | 151040     |
| train/                  |            |
|    approx_kl            | 0.25009626 |
|    clip_fraction        | 0.693      |
|    clip_range           | 0.2        |
|    entropy_loss         | 1.83       |
|    explained_variance   | 0.905      |
|    learning_rate        | 0.0003     |
|    loss                 | 1.68       |
|    n_updates            | 5880       |
|    policy_gradient_loss | -0.112     |
|    std                  | 0.182      |
|    value_loss           | 7.97       |
----------------------------------------
----------------------------------------
| rollout/                |            |
|    ep_len_mean          | 1e+03      |
|    ep_rew_mean          | 558        |
| time/                   |            |
|    fps                  | 437        |
|    iterations           | 296        |
|    time_elapsed         | 346        |
|    total_timesteps      | 151552     |
| train/                  |            |
|    approx_kl            | 0.27608562 |
|    clip_fraction        | 0.709      |
|    clip_range           | 0.2        |
|    entropy_loss         | 1.82       |
|    explained_variance   | 0.787      |
|    learning_rate        | 0.0003     |
|    loss                 | 1.25       |
|    n_updates            | 5900       |
|    policy_gradient_loss | -0.084     |
|    std                  | 0.183      |
|    value_loss           | 5.46       |
----------------------------------------
----------------------------------------
| rollout/                |            |
|    ep_len_mean          | 1e+03      |
|    ep_rew_mean          | 565        |
| time/                   |            |
|    fps                  | 437        |
|    iterations           | 297        |
|    time_elapsed         | 347        |
|    total_timesteps      | 152064     |
| train/                  |            |
|    approx_kl            | 0.34920812 |
|    clip_fraction        | 0.759      |
|    clip_range           | 0.2        |
|    entropy_loss         | 1.85       |
|    explained_variance   | 0.795      |
|    learning_rate        | 0.0003     |
|    loss                 | 1.41       |
|    n_updates            | 5920       |
|    policy_gradient_loss | -0.111     |
|    std                  | 0.18       |
|    value_loss           | 4.32       |
----------------------------------------
---------------------------------------
| rollout/                |           |
|    ep_len_mean          | 1e+03     |
|    ep_rew_mean          | 565       |
| time/                   |           |
|    fps                  | 437       |
|    iterations           | 298       |
|    time_elapsed         | 348       |
|    total_timesteps      | 152576    |
| train/                  |           |
|    approx_kl            | 0.3196321 |
|    clip_fraction        | 0.705     |
|    clip_range           | 0.2       |
|    entropy_loss         | 1.9       |
|    explained_variance   | 0.906     |
|    learning_rate        | 0.0003    |
|    loss                 | 2.4       |
|    n_updates            | 5940      |
|    policy_gradient_loss | -0.0819   |
|    std                  | 0.179     |
|    value_loss           | 4.2       |
---------------------------------------
----------------------------------------
| rollout/                |            |
|    ep_len_mean          | 1e+03      |
|    ep_rew_mean          | 572        |
| time/                   |            |
|    fps                  | 438        |
|    iterations           | 299        |
|    time_elapsed         | 349        |
|    total_timesteps      | 153088     |
| train/                  |            |
|    approx_kl            | 0.34394503 |
|    clip_fraction        | 0.78       |
|    clip_range           | 0.2        |
|    entropy_loss         | 1.94       |
|    explained_variance   | 0.742      |
|    learning_rate        | 0.0003     |
|    loss                 | 1.85       |
|    n_updates            | 5960       |
|    policy_gradient_loss | -0.111     |
|    std                  | 0.178      |
|    value_loss           | 4.38       |
----------------------------------------
-----------------------------------------
| rollout/                |             |
|    ep_len_mean          | 1e+03       |
|    ep_rew_mean          | 572         |
| time/                   |             |
|    fps                  | 438         |
|    iterations           | 300         |
|    time_elapsed         | 350         |
|    total_timesteps      | 153600      |
| train/                  |             |
|    approx_kl            | 0.078849174 |
|    clip_fraction        | 0.464       |
|    clip_range           | 0.2         |
|    entropy_loss         | 1.96        |
|    explained_variance   | 0.933       |
|    learning_rate        | 0.0003      |
|    loss                 | 2.72        |
|    n_updates            | 5980        |
|    policy_gradient_loss | -0.0828     |
|    std                  | 0.177       |
|    value_loss           | 14          |
-----------------------------------------
---------------------------------------
| rollout/                |           |
|    ep_len_mean          | 1e+03     |
|    ep_rew_mean          | 574       |
| time/                   |           |
|    fps                  | 438       |
|    iterations           | 301       |
|    time_elapsed         | 351       |
|    total_timesteps      | 154112    |
| train/                  |           |
|    approx_kl            | 0.2711086 |
|    clip_fraction        | 0.711     |
|    clip_range           | 0.2       |
|    entropy_loss         | 2.01      |
|    explained_variance   | 0.945     |
|    learning_rate        | 0.0003    |
|    loss                 | 1.5       |
|    n_updates            | 6000      |
|    policy_gradient_loss | -0.107    |
|    std                  | 0.176     |
|    value_loss           | 6.59      |
---------------------------------------
----------------------------------------
| rollout/                |            |
|    ep_len_mean          | 1e+03      |
|    ep_rew_mean          | 574        |
| time/                   |            |
|    fps                  | 438        |
|    iterations           | 302        |
|    time_elapsed         | 352        |
|    total_timesteps      | 154624     |
| train/                  |            |
|    approx_kl            | 0.19208528 |
|    clip_fraction        | 0.599      |
|    clip_range           | 0.2        |
|    entropy_loss         | 2.03       |
|    explained_variance   | 0.743      |
|    learning_rate        | 0.0003     |
|    loss                 | 2.45       |
|    n_updates            | 6020       |
|    policy_gradient_loss | -0.088     |
|    std                  | 0.176      |
|    value_loss           | 9.92       |
----------------------------------------
---------------------------------------
| rollout/                |           |
|    ep_len_mean          | 1e+03     |
|    ep_rew_mean          | 580       |
| time/                   |           |
|    fps                  | 438       |
|    iterations           | 303       |
|    time_elapsed         | 353       |
|    total_timesteps      | 155136    |
| train/                  |           |
|    approx_kl            | 0.3182204 |
|    clip_fraction        | 0.759     |
|    clip_range           | 0.2       |
|    entropy_loss         | 2.07      |
|    explained_variance   | 0.87      |
|    learning_rate        | 0.0003    |
|    loss                 | 1.3       |
|    n_updates            | 6040      |
|    policy_gradient_loss | -0.106    |
|    std                  | 0.174     |
|    value_loss           | 3.4       |
---------------------------------------
----------------------------------------
| rollout/                |            |
|    ep_len_mean          | 1e+03      |
|    ep_rew_mean          | 580        |
| time/                   |            |
|    fps                  | 438        |
|    iterations           | 304        |
|    time_elapsed         | 355        |
|    total_timesteps      | 155648     |
| train/                  |            |
|    approx_kl            | 0.19249503 |
|    clip_fraction        | 0.703      |
|    clip_range           | 0.2        |
|    entropy_loss         | 2.13       |
|    explained_variance   | 0.783      |
|    learning_rate        | 0.0003     |
|    loss                 | 2.28       |
|    n_updates            | 6060       |
|    policy_gradient_loss | -0.095     |
|    std                  | 0.173      |
|    value_loss           | 5.94       |
----------------------------------------
---------------------------------------
| rollout/                |           |
|    ep_len_mean          | 1e+03     |
|    ep_rew_mean          | 586       |
| time/                   |           |
|    fps                  | 438       |
|    iterations           | 305       |
|    time_elapsed         | 356       |
|    total_timesteps      | 156160    |
| train/                  |           |
|    approx_kl            | 0.2653548 |
|    clip_fraction        | 0.726     |
|    clip_range           | 0.2       |
|    entropy_loss         | 2.19      |
|    explained_variance   | 0.73      |
|    learning_rate        | 0.0003    |
|    loss                 | 1.86      |
|    n_updates            | 6080      |
|    policy_gradient_loss | -0.111    |
|    std                  | 0.171     |
|    value_loss           | 5.27      |
---------------------------------------
----------------------------------------
| rollout/                |            |
|    ep_len_mean          | 1e+03      |
|    ep_rew_mean          | 586        |
| time/                   |            |
|    fps                  | 438        |
|    iterations           | 306        |
|    time_elapsed         | 357        |
|    total_timesteps      | 156672     |
| train/                  |            |
|    approx_kl            | 0.16983037 |
|    clip_fraction        | 0.67       |
|    clip_range           | 0.2        |
|    entropy_loss         | 2.25       |
|    explained_variance   | 0.917      |
|    learning_rate        | 0.0003     |
|    loss                 | 1.68       |
|    n_updates            | 6100       |
|    policy_gradient_loss | -0.1       |
|    std                  | 0.17       |
|    value_loss           | 4.81       |
----------------------------------------
----------------------------------------
| rollout/                |            |
|    ep_len_mean          | 1e+03      |
|    ep_rew_mean          | 593        |
| time/                   |            |
|    fps                  | 438        |
|    iterations           | 307        |
|    time_elapsed         | 358        |
|    total_timesteps      | 157184     |
| train/                  |            |
|    approx_kl            | 0.28647354 |
|    clip_fraction        | 0.764      |
|    clip_range           | 0.2        |
|    entropy_loss         | 2.27       |
|    explained_variance   | 0.842      |
|    learning_rate        | 0.0003     |
|    loss                 | 1.47       |
|    n_updates            | 6120       |
|    policy_gradient_loss | -0.106     |
|    std                  | 0.169      |
|    value_loss           | 4.18       |
----------------------------------------
----------------------------------------
| rollout/                |            |
|    ep_len_mean          | 1e+03      |
|    ep_rew_mean          | 593        |
| time/                   |            |
|    fps                  | 438        |
|    iterations           | 308        |
|    time_elapsed         | 359        |
|    total_timesteps      | 157696     |
| train/                  |            |
|    approx_kl            | 0.24378073 |
|    clip_fraction        | 0.737      |
|    clip_range           | 0.2        |
|    entropy_loss         | 2.3        |
|    explained_variance   | 0.915      |
|    learning_rate        | 0.0003     |
|    loss                 | 1.29       |
|    n_updates            | 6140       |
|    policy_gradient_loss | -0.115     |
|    std                  | 0.168      |
|    value_loss           | 4.48       |
----------------------------------------
---------------------------------------
| rollout/                |           |
|    ep_len_mean          | 1e+03     |
|    ep_rew_mean          | 598       |
| time/                   |           |
|    fps                  | 438       |
|    iterations           | 309       |
|    time_elapsed         | 360       |
|    total_timesteps      | 158208    |
| train/                  |           |
|    approx_kl            | 0.3137719 |
|    clip_fraction        | 0.753     |
|    clip_range           | 0.2       |
|    entropy_loss         | 2.33      |
|    explained_variance   | 0.795     |
|    learning_rate        | 0.0003    |
|    loss                 | 2.23      |
|    n_updates            | 6160      |
|    policy_gradient_loss | -0.11     |
|    std                  | 0.167     |
|    value_loss           | 4.43      |
---------------------------------------
----------------------------------------
| rollout/                |            |
|    ep_len_mean          | 1e+03      |
|    ep_rew_mean          | 598        |
| time/                   |            |
|    fps                  | 438        |
|    iterations           | 310        |
|    time_elapsed         | 361        |
|    total_timesteps      | 158720     |
| train/                  |            |
|    approx_kl            | 0.15936688 |
|    clip_fraction        | 0.643      |
|    clip_range           | 0.2        |
|    entropy_loss         | 2.37       |
|    explained_variance   | 0.949      |
|    learning_rate        | 0.0003     |
|    loss                 | 2.43       |
|    n_updates            | 6180       |
|    policy_gradient_loss | -0.0997    |
|    std                  | 0.166      |
|    value_loss           | 7.16       |
----------------------------------------
----------------------------------------
| rollout/                |            |
|    ep_len_mean          | 1e+03      |
|    ep_rew_mean          | 602        |
| time/                   |            |
|    fps                  | 438        |
|    iterations           | 311        |
|    time_elapsed         | 362        |
|    total_timesteps      | 159232     |
| train/                  |            |
|    approx_kl            | 0.33236736 |
|    clip_fraction        | 0.754      |
|    clip_range           | 0.2        |
|    entropy_loss         | 2.4        |
|    explained_variance   | 0.715      |
|    learning_rate        | 0.0003     |
|    loss                 | 1.23       |
|    n_updates            | 6200       |
|    policy_gradient_loss | -0.109     |
|    std                  | 0.165      |
|    value_loss           | 3.45       |
----------------------------------------
---------------------------------------
| rollout/                |           |
|    ep_len_mean          | 1e+03     |
|    ep_rew_mean          | 602       |
| time/                   |           |
|    fps                  | 438       |
|    iterations           | 312       |
|    time_elapsed         | 364       |
|    total_timesteps      | 159744    |
| train/                  |           |
|    approx_kl            | 0.1660794 |
|    clip_fraction        | 0.642     |
|    clip_range           | 0.2       |
|    entropy_loss         | 2.43      |
|    explained_variance   | 0.901     |
|    learning_rate        | 0.0003    |
|    loss                 | 1.77      |
|    n_updates            | 6220      |
|    policy_gradient_loss | -0.0902   |
|    std                  | 0.164     |
|    value_loss           | 6.85      |
---------------------------------------
----------------------------------------
| rollout/                |            |
|    ep_len_mean          | 1e+03      |
|    ep_rew_mean          | 607        |
| time/                   |            |
|    fps                  | 438        |
|    iterations           | 313        |
|    time_elapsed         | 365        |
|    total_timesteps      | 160256     |
| train/                  |            |
|    approx_kl            | 0.32261345 |
|    clip_fraction        | 0.759      |
|    clip_range           | 0.2        |
|    entropy_loss         | 2.46       |
|    explained_variance   | 0.646      |
|    learning_rate        | 0.0003     |
|    loss                 | 0.947      |
|    n_updates            | 6240       |
|    policy_gradient_loss | -0.0982    |
|    std                  | 0.163      |
|    value_loss           | 3.19       |
----------------------------------------
----------------------------------------
| rollout/                |            |
|    ep_len_mean          | 1e+03      |
|    ep_rew_mean          | 607        |
| time/                   |            |
|    fps                  | 438        |
|    iterations           | 314        |
|    time_elapsed         | 366        |
|    total_timesteps      | 160768     |
| train/                  |            |
|    approx_kl            | 0.21255663 |
|    clip_fraction        | 0.712      |
|    clip_range           | 0.2        |
|    entropy_loss         | 2.5        |
|    explained_variance   | 0.921      |
|    learning_rate        | 0.0003     |
|    loss                 | 0.664      |
|    n_updates            | 6260       |
|    policy_gradient_loss | -0.0964    |
|    std                  | 0.162      |
|    value_loss           | 2.96       |
----------------------------------------
----------------------------------------
| rollout/                |            |
|    ep_len_mean          | 1e+03      |
|    ep_rew_mean          | 612        |
| time/                   |            |
|    fps                  | 438        |
|    iterations           | 315        |
|    time_elapsed         | 367        |
|    total_timesteps      | 161280     |
| train/                  |            |
|    approx_kl            | 0.22565705 |
|    clip_fraction        | 0.747      |
|    clip_range           | 0.2        |
|    entropy_loss         | 2.55       |
|    explained_variance   | 0.634      |
|    learning_rate        | 0.0003     |
|    loss                 | 1.26       |
|    n_updates            | 6280       |
|    policy_gradient_loss | -0.0989    |
|    std                  | 0.161      |
|    value_loss           | 3.76       |
----------------------------------------
----------------------------------------
| rollout/                |            |
|    ep_len_mean          | 1e+03      |
|    ep_rew_mean          | 612        |
| time/                   |            |
|    fps                  | 439        |
|    iterations           | 316        |
|    time_elapsed         | 368        |
|    total_timesteps      | 161792     |
| train/                  |            |
|    approx_kl            | 0.15503491 |
|    clip_fraction        | 0.647      |
|    clip_range           | 0.2        |
|    entropy_loss         | 2.58       |
|    explained_variance   | 0.871      |
|    learning_rate        | 0.0003     |
|    loss                 | 2.61       |
|    n_updates            | 6300       |
|    policy_gradient_loss | -0.106     |
|    std                  | 0.16       |
|    value_loss           | 8.17       |
----------------------------------------
----------------------------------------
| rollout/                |            |
|    ep_len_mean          | 1e+03      |
|    ep_rew_mean          | 618        |
| time/                   |            |
|    fps                  | 439        |
|    iterations           | 317        |
|    time_elapsed         | 369        |
|    total_timesteps      | 162304     |
| train/                  |            |
|    approx_kl            | 0.31472203 |
|    clip_fraction        | 0.703      |
|    clip_range           | 0.2        |
|    entropy_loss         | 2.62       |
|    explained_variance   | 0.532      |
|    learning_rate        | 0.0003     |
|    loss                 | 0.907      |
|    n_updates            | 6320       |
|    policy_gradient_loss | -0.0963    |
|    std                  | 0.159      |
|    value_loss           | 3.03       |
----------------------------------------
----------------------------------------
| rollout/                |            |
|    ep_len_mean          | 1e+03      |
|    ep_rew_mean          | 618        |
| time/                   |            |
|    fps                  | 439        |
|    iterations           | 318        |
|    time_elapsed         | 370        |
|    total_timesteps      | 162816     |
| train/                  |            |
|    approx_kl            | 0.20784865 |
|    clip_fraction        | 0.668      |
|    clip_range           | 0.2        |
|    entropy_loss         | 2.66       |
|    explained_variance   | 0.75       |
|    learning_rate        | 0.0003     |
|    loss                 | 1.41       |
|    n_updates            | 6340       |
|    policy_gradient_loss | -0.0968    |
|    std                  | 0.158      |
|    value_loss           | 4.98       |
----------------------------------------
----------------------------------------
| rollout/                |            |
|    ep_len_mean          | 1e+03      |
|    ep_rew_mean          | 622        |
| time/                   |            |
|    fps                  | 439        |
|    iterations           | 319        |
|    time_elapsed         | 371        |
|    total_timesteps      | 163328     |
| train/                  |            |
|    approx_kl            | 0.25446048 |
|    clip_fraction        | 0.74       |
|    clip_range           | 0.2        |
|    entropy_loss         | 2.66       |
|    explained_variance   | 0.542      |
|    learning_rate        | 0.0003     |
|    loss                 | 1.29       |
|    n_updates            | 6360       |
|    policy_gradient_loss | -0.0891    |
|    std                  | 0.158      |
|    value_loss           | 3.56       |
----------------------------------------
----------------------------------------
| rollout/                |            |
|    ep_len_mean          | 1e+03      |
|    ep_rew_mean          | 622        |
| time/                   |            |
|    fps                  | 439        |
|    iterations           | 320        |
|    time_elapsed         | 372        |
|    total_timesteps      | 163840     |
| train/                  |            |
|    approx_kl            | 0.09970353 |
|    clip_fraction        | 0.641      |
|    clip_range           | 0.2        |
|    entropy_loss         | 2.68       |
|    explained_variance   | 0.898      |
|    learning_rate        | 0.0003     |
|    loss                 | 3.85       |
|    n_updates            | 6380       |
|    policy_gradient_loss | -0.107     |
|    std                  | 0.158      |
|    value_loss           | 12.3       |
----------------------------------------
----------------------------------------
| rollout/                |            |
|    ep_len_mean          | 1e+03      |
|    ep_rew_mean          | 626        |
| time/                   |            |
|    fps                  | 439        |
|    iterations           | 321        |
|    time_elapsed         | 374        |
|    total_timesteps      | 164352     |
| train/                  |            |
|    approx_kl            | 0.25778815 |
|    clip_fraction        | 0.697      |
|    clip_range           | 0.2        |
|    entropy_loss         | 2.7        |
|    explained_variance   | 0.512      |
|    learning_rate        | 0.0003     |
|    loss                 | 1.65       |
|    n_updates            | 6400       |
|    policy_gradient_loss | -0.0938    |
|    std                  | 0.157      |
|    value_loss           | 4.15       |
----------------------------------------
----------------------------------------
| rollout/                |            |
|    ep_len_mean          | 1e+03      |
|    ep_rew_mean          | 626        |
| time/                   |            |
|    fps                  | 439        |
|    iterations           | 322        |
|    time_elapsed         | 375        |
|    total_timesteps      | 164864     |
| train/                  |            |
|    approx_kl            | 0.17749529 |
|    clip_fraction        | 0.723      |
|    clip_range           | 0.2        |
|    entropy_loss         | 2.73       |
|    explained_variance   | 0.917      |
|    learning_rate        | 0.0003     |
|    loss                 | 1.32       |
|    n_updates            | 6420       |
|    policy_gradient_loss | -0.115     |
|    std                  | 0.157      |
|    value_loss           | 5.46       |
----------------------------------------
--------------------------------------
| rollout/                |          |
|    ep_len_mean          | 1e+03    |
|    ep_rew_mean          | 631      |
| time/                   |          |
|    fps                  | 439      |
|    iterations           | 323      |
|    time_elapsed         | 376      |
|    total_timesteps      | 165376   |
| train/                  |          |
|    approx_kl            | 0.250246 |
|    clip_fraction        | 0.702    |
|    clip_range           | 0.2      |
|    entropy_loss         | 2.76     |
|    explained_variance   | 0.556    |
|    learning_rate        | 0.0003   |
|    loss                 | 2.19     |
|    n_updates            | 6440     |
|    policy_gradient_loss | -0.0972  |
|    std                  | 0.156    |
|    value_loss           | 4.65     |
--------------------------------------
-----------------------------------------
| rollout/                |             |
|    ep_len_mean          | 1e+03       |
|    ep_rew_mean          | 631         |
| time/                   |             |
|    fps                  | 439         |
|    iterations           | 324         |
|    time_elapsed         | 377         |
|    total_timesteps      | 165888      |
| train/                  |             |
|    approx_kl            | 0.122820914 |
|    clip_fraction        | 0.626       |
|    clip_range           | 0.2         |
|    entropy_loss         | 2.79        |
|    explained_variance   | 0.893       |
|    learning_rate        | 0.0003      |
|    loss                 | 2.2         |
|    n_updates            | 6460        |
|    policy_gradient_loss | -0.0937     |
|    std                  | 0.155       |
|    value_loss           | 11.1        |
-----------------------------------------
----------------------------------------
| rollout/                |            |
|    ep_len_mean          | 1e+03      |
|    ep_rew_mean          | 635        |
| time/                   |            |
|    fps                  | 439        |
|    iterations           | 325        |
|    time_elapsed         | 378        |
|    total_timesteps      | 166400     |
| train/                  |            |
|    approx_kl            | 0.32679385 |
|    clip_fraction        | 0.732      |
|    clip_range           | 0.2        |
|    entropy_loss         | 2.82       |
|    explained_variance   | 0.59       |
|    learning_rate        | 0.0003     |
|    loss                 | 0.89       |
|    n_updates            | 6480       |
|    policy_gradient_loss | -0.0972    |
|    std                  | 0.154      |
|    value_loss           | 2.66       |
----------------------------------------
--------------------------------------
| rollout/                |          |
|    ep_len_mean          | 1e+03    |
|    ep_rew_mean          | 635      |
| time/                   |          |
|    fps                  | 439      |
|    iterations           | 326      |
|    time_elapsed         | 379      |
|    total_timesteps      | 166912   |
| train/                  |          |
|    approx_kl            | 0.297554 |
|    clip_fraction        | 0.747    |
|    clip_range           | 0.2      |
|    entropy_loss         | 2.86     |
|    explained_variance   | 0.797    |
|    learning_rate        | 0.0003   |
|    loss                 | 1.73     |
|    n_updates            | 6500     |
|    policy_gradient_loss | -0.111   |
|    std                  | 0.153    |
|    value_loss           | 4.68     |
--------------------------------------
----------------------------------------
| rollout/                |            |
|    ep_len_mean          | 1e+03      |
|    ep_rew_mean          | 639        |
| time/                   |            |
|    fps                  | 439        |
|    iterations           | 327        |
|    time_elapsed         | 380        |
|    total_timesteps      | 167424     |
| train/                  |            |
|    approx_kl            | 0.23542392 |
|    clip_fraction        | 0.675      |
|    clip_range           | 0.2        |
|    entropy_loss         | 2.89       |
|    explained_variance   | 0.555      |
|    learning_rate        | 0.0003     |
|    loss                 | 3.23       |
|    n_updates            | 6520       |
|    policy_gradient_loss | -0.0826    |
|    std                  | 0.153      |
|    value_loss           | 5.6        |
----------------------------------------
----------------------------------------
| rollout/                |            |
|    ep_len_mean          | 1e+03      |
|    ep_rew_mean          | 639        |
| time/                   |            |
|    fps                  | 439        |
|    iterations           | 328        |
|    time_elapsed         | 381        |
|    total_timesteps      | 167936     |
| train/                  |            |
|    approx_kl            | 0.30211064 |
|    clip_fraction        | 0.712      |
|    clip_range           | 0.2        |
|    entropy_loss         | 2.91       |
|    explained_variance   | 0.878      |
|    learning_rate        | 0.0003     |
|    loss                 | 1.59       |
|    n_updates            | 6540       |
|    policy_gradient_loss | -0.115     |
|    std                  | 0.152      |
|    value_loss           | 5.92       |
----------------------------------------
----------------------------------------
| rollout/                |            |
|    ep_len_mean          | 1e+03      |
|    ep_rew_mean          | 644        |
| time/                   |            |
|    fps                  | 439        |
|    iterations           | 329        |
|    time_elapsed         | 383        |
|    total_timesteps      | 168448     |
| train/                  |            |
|    approx_kl            | 0.24548765 |
|    clip_fraction        | 0.662      |
|    clip_range           | 0.2        |
|    entropy_loss         | 2.95       |
|    explained_variance   | 0.651      |
|    learning_rate        | 0.0003     |
|    loss                 | 1.33       |
|    n_updates            | 6560       |
|    policy_gradient_loss | -0.0877    |
|    std                  | 0.151      |
|    value_loss           | 3.7        |
----------------------------------------
----------------------------------------
| rollout/                |            |
|    ep_len_mean          | 1e+03      |
|    ep_rew_mean          | 644        |
| time/                   |            |
|    fps                  | 439        |
|    iterations           | 330        |
|    time_elapsed         | 384        |
|    total_timesteps      | 168960     |
| train/                  |            |
|    approx_kl            | 0.13502637 |
|    clip_fraction        | 0.684      |
|    clip_range           | 0.2        |
|    entropy_loss         | 3          |
|    explained_variance   | 0.916      |
|    learning_rate        | 0.0003     |
|    loss                 | 2.27       |
|    n_updates            | 6580       |
|    policy_gradient_loss | -0.111     |
|    std                  | 0.15       |
|    value_loss           | 9.39       |
----------------------------------------
----------------------------------------
| rollout/                |            |
|    ep_len_mean          | 1e+03      |
|    ep_rew_mean          | 648        |
| time/                   |            |
|    fps                  | 439        |
|    iterations           | 331        |
|    time_elapsed         | 385        |
|    total_timesteps      | 169472     |
| train/                  |            |
|    approx_kl            | 0.19884059 |
|    clip_fraction        | 0.675      |
|    clip_range           | 0.2        |
|    entropy_loss         | 3.01       |
|    explained_variance   | 0.501      |
|    learning_rate        | 0.0003     |
|    loss                 | 3.1        |
|    n_updates            | 6600       |
|    policy_gradient_loss | -0.093     |
|    std                  | 0.15       |
|    value_loss           | 6.85       |
----------------------------------------
----------------------------------------
| rollout/                |            |
|    ep_len_mean          | 1e+03      |
|    ep_rew_mean          | 648        |
| time/                   |            |
|    fps                  | 439        |
|    iterations           | 332        |
|    time_elapsed         | 386        |
|    total_timesteps      | 169984     |
| train/                  |            |
|    approx_kl            | 0.36348557 |
|    clip_fraction        | 0.741      |
|    clip_range           | 0.2        |
|    entropy_loss         | 3.02       |
|    explained_variance   | 0.903      |
|    learning_rate        | 0.0003     |
|    loss                 | 2.52       |
|    n_updates            | 6620       |
|    policy_gradient_loss | -0.11      |
|    std                  | 0.15       |
|    value_loss           | 5.89       |
----------------------------------------
----------------------------------------
| rollout/                |            |
|    ep_len_mean          | 1e+03      |
|    ep_rew_mean          | 652        |
| time/                   |            |
|    fps                  | 439        |
|    iterations           | 333        |
|    time_elapsed         | 387        |
|    total_timesteps      | 170496     |
| train/                  |            |
|    approx_kl            | 0.18350148 |
|    clip_fraction        | 0.674      |
|    clip_range           | 0.2        |
|    entropy_loss         | 3.03       |
|    explained_variance   | 0.679      |
|    learning_rate        | 0.0003     |
|    loss                 | 3.23       |
|    n_updates            | 6640       |
|    policy_gradient_loss | -0.0903    |
|    std                  | 0.15       |
|    value_loss           | 6.43       |
----------------------------------------
--------------------------------------
| rollout/                |          |
|    ep_len_mean          | 1e+03    |
|    ep_rew_mean          | 654      |
| time/                   |          |
|    fps                  | 439      |
|    iterations           | 334      |
|    time_elapsed         | 388      |
|    total_timesteps      | 171008   |
| train/                  |          |
|    approx_kl            | 0.360438 |
|    clip_fraction        | 0.733    |
|    clip_range           | 0.2      |
|    entropy_loss         | 3.05     |
|    explained_variance   | 0.917    |
|    learning_rate        | 0.0003   |
|    loss                 | 2.04     |
|    n_updates            | 6660     |
|    policy_gradient_loss | -0.108   |
|    std                  | 0.149    |
|    value_loss           | 8.42     |
--------------------------------------
----------------------------------------
| rollout/                |            |
|    ep_len_mean          | 1e+03      |
|    ep_rew_mean          | 654        |
| time/                   |            |
|    fps                  | 439        |
|    iterations           | 335        |
|    time_elapsed         | 389        |
|    total_timesteps      | 171520     |
| train/                  |            |
|    approx_kl            | 0.33385462 |
|    clip_fraction        | 0.733      |
|    clip_range           | 0.2        |
|    entropy_loss         | 3.09       |
|    explained_variance   | 0.908      |
|    learning_rate        | 0.0003     |
|    loss                 | 0.796      |
|    n_updates            | 6680       |
|    policy_gradient_loss | -0.0878    |
|    std                  | 0.147      |
|    value_loss           | 2.72       |
----------------------------------------
--------------------------------------
| rollout/                |          |
|    ep_len_mean          | 1e+03    |
|    ep_rew_mean          | 657      |
| time/                   |          |
|    fps                  | 440      |
|    iterations           | 336      |
|    time_elapsed         | 390      |
|    total_timesteps      | 172032   |
| train/                  |          |
|    approx_kl            | 0.332218 |
|    clip_fraction        | 0.77     |
|    clip_range           | 0.2      |
|    entropy_loss         | 3.13     |
|    explained_variance   | 0.879    |
|    learning_rate        | 0.0003   |
|    loss                 | 1.49     |
|    n_updates            | 6700     |
|    policy_gradient_loss | -0.106   |
|    std                  | 0.147    |
|    value_loss           | 5.32     |
--------------------------------------
--------------------------------------
| rollout/                |          |
|    ep_len_mean          | 1e+03    |
|    ep_rew_mean          | 657      |
| time/                   |          |
|    fps                  | 440      |
|    iterations           | 337      |
|    time_elapsed         | 392      |
|    total_timesteps      | 172544   |
| train/                  |          |
|    approx_kl            | 0.190646 |
|    clip_fraction        | 0.654    |
|    clip_range           | 0.2      |
|    entropy_loss         | 3.15     |
|    explained_variance   | 0.519    |
|    learning_rate        | 0.0003   |
|    loss                 | 1.98     |
|    n_updates            | 6720     |
|    policy_gradient_loss | -0.0836  |
|    std                  | 0.147    |
|    value_loss           | 7.29     |
--------------------------------------
----------------------------------------
| rollout/                |            |
|    ep_len_mean          | 1e+03      |
|    ep_rew_mean          | 661        |
| time/                   |            |
|    fps                  | 440        |
|    iterations           | 338        |
|    time_elapsed         | 393        |
|    total_timesteps      | 173056     |
| train/                  |            |
|    approx_kl            | 0.33217388 |
|    clip_fraction        | 0.775      |
|    clip_range           | 0.2        |
|    entropy_loss         | 3.16       |
|    explained_variance   | 0.742      |
|    learning_rate        | 0.0003     |
|    loss                 | 1.46       |
|    n_updates            | 6740       |
|    policy_gradient_loss | -0.11      |
|    std                  | 0.146      |
|    value_loss           | 4.31       |
----------------------------------------
----------------------------------------
| rollout/                |            |
|    ep_len_mean          | 1e+03      |
|    ep_rew_mean          | 661        |
| time/                   |            |
|    fps                  | 440        |
|    iterations           | 339        |
|    time_elapsed         | 394        |
|    total_timesteps      | 173568     |
| train/                  |            |
|    approx_kl            | 0.11731362 |
|    clip_fraction        | 0.529      |
|    clip_range           | 0.2        |
|    entropy_loss         | 3.19       |
|    explained_variance   | 0.913      |
|    learning_rate        | 0.0003     |
|    loss                 | 2.26       |
|    n_updates            | 6760       |
|    policy_gradient_loss | -0.0835    |
|    std                  | 0.145      |
|    value_loss           | 9.47       |
----------------------------------------
---------------------------------------
| rollout/                |           |
|    ep_len_mean          | 1e+03     |
|    ep_rew_mean          | 664       |
| time/                   |           |
|    fps                  | 440       |
|    iterations           | 340       |
|    time_elapsed         | 395       |
|    total_timesteps      | 174080    |
| train/                  |           |
|    approx_kl            | 0.4624371 |
|    clip_fraction        | 0.692     |
|    clip_range           | 0.2       |
|    entropy_loss         | 3.24      |
|    explained_variance   | -0.463    |
|    learning_rate        | 0.0003    |
|    loss                 | 2.5       |
|    n_updates            | 6780      |
|    policy_gradient_loss | -0.102    |
|    std                  | 0.143     |
|    value_loss           | 11.7      |
---------------------------------------
----------------------------------------
| rollout/                |            |
|    ep_len_mean          | 1e+03      |
|    ep_rew_mean          | 664        |
| time/                   |            |
|    fps                  | 440        |
|    iterations           | 341        |
|    time_elapsed         | 396        |
|    total_timesteps      | 174592     |
| train/                  |            |
|    approx_kl            | 0.24859728 |
|    clip_fraction        | 0.58       |
|    clip_range           | 0.2        |
|    entropy_loss         | 3.31       |
|    explained_variance   | 0.851      |
|    learning_rate        | 0.0003     |
|    loss                 | 1.74       |
|    n_updates            | 6800       |
|    policy_gradient_loss | -0.067     |
|    std                  | 0.142      |
|    value_loss           | 20.5       |
----------------------------------------
----------------------------------------
| rollout/                |            |
|    ep_len_mean          | 1e+03      |
|    ep_rew_mean          | 668        |
| time/                   |            |
|    fps                  | 440        |
|    iterations           | 342        |
|    time_elapsed         | 397        |
|    total_timesteps      | 175104     |
| train/                  |            |
|    approx_kl            | 0.34930977 |
|    clip_fraction        | 0.783      |
|    clip_range           | 0.2        |
|    entropy_loss         | 3.32       |
|    explained_variance   | 0.499      |
|    learning_rate        | 0.0003     |
|    loss                 | 1.51       |
|    n_updates            | 6820       |
|    policy_gradient_loss | -0.108     |
|    std                  | 0.143      |
|    value_loss           | 4.91       |
----------------------------------------
-----------------------------------------
| rollout/                |             |
|    ep_len_mean          | 1e+03       |
|    ep_rew_mean          | 668         |
| time/                   |             |
|    fps                  | 440         |
|    iterations           | 343         |
|    time_elapsed         | 398         |
|    total_timesteps      | 175616      |
| train/                  |             |
|    approx_kl            | 0.122696705 |
|    clip_fraction        | 0.551       |
|    clip_range           | 0.2         |
|    entropy_loss         | 3.33        |
|    explained_variance   | 0.874       |
|    learning_rate        | 0.0003      |
|    loss                 | 2.79        |
|    n_updates            | 6840        |
|    policy_gradient_loss | -0.08       |
|    std                  | 0.142       |
|    value_loss           | 11.3        |
-----------------------------------------
----------------------------------------
| rollout/                |            |
|    ep_len_mean          | 1e+03      |
|    ep_rew_mean          | 670        |
| time/                   |            |
|    fps                  | 440        |
|    iterations           | 344        |
|    time_elapsed         | 399        |
|    total_timesteps      | 176128     |
| train/                  |            |
|    approx_kl            | 0.49645817 |
|    clip_fraction        | 0.787      |
|    clip_range           | 0.2        |
|    entropy_loss         | 3.37       |
|    explained_variance   | 0.88       |
|    learning_rate        | 0.0003     |
|    loss                 | 0.927      |
|    n_updates            | 6860       |
|    policy_gradient_loss | -0.115     |
|    std                  | 0.141      |
|    value_loss           | 3.84       |
----------------------------------------
----------------------------------------
| rollout/                |            |
|    ep_len_mean          | 1e+03      |
|    ep_rew_mean          | 670        |
| time/                   |            |
|    fps                  | 440        |
|    iterations           | 345        |
|    time_elapsed         | 400        |
|    total_timesteps      | 176640     |
| train/                  |            |
|    approx_kl            | 0.27475122 |
|    clip_fraction        | 0.679      |
|    clip_range           | 0.2        |
|    entropy_loss         | 3.4        |
|    explained_variance   | 0.874      |
|    learning_rate        | 0.0003     |
|    loss                 | 1.55       |
|    n_updates            | 6880       |
|    policy_gradient_loss | -0.0986    |
|    std                  | 0.141      |
|    value_loss           | 5.12       |
----------------------------------------
----------------------------------------
| rollout/                |            |
|    ep_len_mean          | 1e+03      |
|    ep_rew_mean          | 674        |
| time/                   |            |
|    fps                  | 440        |
|    iterations           | 346        |
|    time_elapsed         | 402        |
|    total_timesteps      | 177152     |
| train/                  |            |
|    approx_kl            | 0.33749425 |
|    clip_fraction        | 0.777      |
|    clip_range           | 0.2        |
|    entropy_loss         | 3.44       |
|    explained_variance   | 0.722      |
|    learning_rate        | 0.0003     |
|    loss                 | 2.08       |
|    n_updates            | 6900       |
|    policy_gradient_loss | -0.102     |
|    std                  | 0.139      |
|    value_loss           | 4.65       |
----------------------------------------
---------------------------------------
| rollout/                |           |
|    ep_len_mean          | 1e+03     |
|    ep_rew_mean          | 674       |
| time/                   |           |
|    fps                  | 440       |
|    iterations           | 347       |
|    time_elapsed         | 403       |
|    total_timesteps      | 177664    |
| train/                  |           |
|    approx_kl            | 0.2123135 |
|    clip_fraction        | 0.631     |
|    clip_range           | 0.2       |
|    entropy_loss         | 3.48      |
|    explained_variance   | 0.865     |
|    learning_rate        | 0.0003    |
|    loss                 | 2.06      |
|    n_updates            | 6920      |
|    policy_gradient_loss | -0.0871   |
|    std                  | 0.138     |
|    value_loss           | 7.28      |
---------------------------------------
----------------------------------------
| rollout/                |            |
|    ep_len_mean          | 1e+03      |
|    ep_rew_mean          | 678        |
| time/                   |            |
|    fps                  | 440        |
|    iterations           | 348        |
|    time_elapsed         | 404        |
|    total_timesteps      | 178176     |
| train/                  |            |
|    approx_kl            | 0.39543223 |
|    clip_fraction        | 0.748      |
|    clip_range           | 0.2        |
|    entropy_loss         | 3.51       |
|    explained_variance   | 0.8        |
|    learning_rate        | 0.0003     |
|    loss                 | 2.57       |
|    n_updates            | 6940       |
|    policy_gradient_loss | -0.106     |
|    std                  | 0.138      |
|    value_loss           | 4.72       |
----------------------------------------
----------------------------------------
| rollout/                |            |
|    ep_len_mean          | 1e+03      |
|    ep_rew_mean          | 678        |
| time/                   |            |
|    fps                  | 440        |
|    iterations           | 349        |
|    time_elapsed         | 405        |
|    total_timesteps      | 178688     |
| train/                  |            |
|    approx_kl            | 0.30787575 |
|    clip_fraction        | 0.777      |
|    clip_range           | 0.2        |
|    entropy_loss         | 3.55       |
|    explained_variance   | 0.845      |
|    learning_rate        | 0.0003     |
|    loss                 | 2.22       |
|    n_updates            | 6960       |
|    policy_gradient_loss | -0.0983    |
|    std                  | 0.137      |
|    value_loss           | 4.75       |
----------------------------------------
----------------------------------------
| rollout/                |            |
|    ep_len_mean          | 1e+03      |
|    ep_rew_mean          | 682        |
| time/                   |            |
|    fps                  | 440        |
|    iterations           | 350        |
|    time_elapsed         | 406        |
|    total_timesteps      | 179200     |
| train/                  |            |
|    approx_kl            | 0.28550136 |
|    clip_fraction        | 0.756      |
|    clip_range           | 0.2        |
|    entropy_loss         | 3.59       |
|    explained_variance   | 0.727      |
|    learning_rate        | 0.0003     |
|    loss                 | 1.17       |
|    n_updates            | 6980       |
|    policy_gradient_loss | -0.0986    |
|    std                  | 0.136      |
|    value_loss           | 4.22       |
----------------------------------------
----------------------------------------
| rollout/                |            |
|    ep_len_mean          | 1e+03      |
|    ep_rew_mean          | 682        |
| time/                   |            |
|    fps                  | 440        |
|    iterations           | 351        |
|    time_elapsed         | 407        |
|    total_timesteps      | 179712     |
| train/                  |            |
|    approx_kl            | 0.31162655 |
|    clip_fraction        | 0.754      |
|    clip_range           | 0.2        |
|    entropy_loss         | 3.62       |
|    explained_variance   | 0.908      |
|    learning_rate        | 0.0003     |
|    loss                 | 1.37       |
|    n_updates            | 7000       |
|    policy_gradient_loss | -0.112     |
|    std                  | 0.136      |
|    value_loss           | 6.77       |
----------------------------------------
----------------------------------------
| rollout/                |            |
|    ep_len_mean          | 1e+03      |
|    ep_rew_mean          | 684        |
| time/                   |            |
|    fps                  | 440        |
|    iterations           | 352        |
|    time_elapsed         | 408        |
|    total_timesteps      | 180224     |
| train/                  |            |
|    approx_kl            | 0.71808225 |
|    clip_fraction        | 0.712      |
|    clip_range           | 0.2        |
|    entropy_loss         | 3.64       |
|    explained_variance   | 0.317      |
|    learning_rate        | 0.0003     |
|    loss                 | 1.82       |
|    n_updates            | 7020       |
|    policy_gradient_loss | -0.0766    |
|    std                  | 0.134      |
|    value_loss           | 8.48       |
----------------------------------------
----------------------------------------
| rollout/                |            |
|    ep_len_mean          | 1e+03      |
|    ep_rew_mean          | 684        |
| time/                   |            |
|    fps                  | 440        |
|    iterations           | 353        |
|    time_elapsed         | 409        |
|    total_timesteps      | 180736     |
| train/                  |            |
|    approx_kl            | 0.29509133 |
|    clip_fraction        | 0.689      |
|    clip_range           | 0.2        |
|    entropy_loss         | 3.71       |
|    explained_variance   | -0.179     |
|    learning_rate        | 0.0003     |
|    loss                 | 2.75       |
|    n_updates            | 7040       |
|    policy_gradient_loss | -0.072     |
|    std                  | 0.133      |
|    value_loss           | 8.32       |
----------------------------------------
---------------------------------------
| rollout/                |           |
|    ep_len_mean          | 1e+03     |
|    ep_rew_mean          | 686       |
| time/                   |           |
|    fps                  | 441       |
|    iterations           | 354       |
|    time_elapsed         | 410       |
|    total_timesteps      | 181248    |
| train/                  |           |
|    approx_kl            | 0.9781414 |
|    clip_fraction        | 0.808     |
|    clip_range           | 0.2       |
|    entropy_loss         | 3.74      |
|    explained_variance   | 0.177     |
|    learning_rate        | 0.0003    |
|    loss                 | 1.62      |
|    n_updates            | 7060      |
|    policy_gradient_loss | -0.0856   |
|    std                  | 0.133     |
|    value_loss           | 5.34      |
---------------------------------------
----------------------------------------
| rollout/                |            |
|    ep_len_mean          | 1e+03      |
|    ep_rew_mean          | 686        |
| time/                   |            |
|    fps                  | 441        |
|    iterations           | 355        |
|    time_elapsed         | 412        |
|    total_timesteps      | 181760     |
| train/                  |            |
|    approx_kl            | 0.39177203 |
|    clip_fraction        | 0.702      |
|    clip_range           | 0.2        |
|    entropy_loss         | 3.77       |
|    explained_variance   | 0.612      |
|    learning_rate        | 0.0003     |
|    loss                 | 2.55       |
|    n_updates            | 7080       |
|    policy_gradient_loss | -0.103     |
|    std                  | 0.132      |
|    value_loss           | 8.2        |
----------------------------------------
---------------------------------------
| rollout/                |           |
|    ep_len_mean          | 1e+03     |
|    ep_rew_mean          | 690       |
| time/                   |           |
|    fps                  | 441       |
|    iterations           | 356       |
|    time_elapsed         | 413       |
|    total_timesteps      | 182272    |
| train/                  |           |
|    approx_kl            | 0.3508291 |
|    clip_fraction        | 0.741     |
|    clip_range           | 0.2       |
|    entropy_loss         | 3.8       |
|    explained_variance   | 0.639     |
|    learning_rate        | 0.0003    |
|    loss                 | 1.62      |
|    n_updates            | 7100      |
|    policy_gradient_loss | -0.0988   |
|    std                  | 0.132     |
|    value_loss           | 4.96      |
---------------------------------------
----------------------------------------
| rollout/                |            |
|    ep_len_mean          | 1e+03      |
|    ep_rew_mean          | 690        |
| time/                   |            |
|    fps                  | 441        |
|    iterations           | 357        |
|    time_elapsed         | 414        |
|    total_timesteps      | 182784     |
| train/                  |            |
|    approx_kl            | 0.22562435 |
|    clip_fraction        | 0.733      |
|    clip_range           | 0.2        |
|    entropy_loss         | 3.81       |
|    explained_variance   | 0.917      |
|    learning_rate        | 0.0003     |
|    loss                 | 2.62       |
|    n_updates            | 7120       |
|    policy_gradient_loss | -0.116     |
|    std                  | 0.131      |
|    value_loss           | 6.49       |
----------------------------------------
----------------------------------------
| rollout/                |            |
|    ep_len_mean          | 1e+03      |
|    ep_rew_mean          | 691        |
| time/                   |            |
|    fps                  | 441        |
|    iterations           | 358        |
|    time_elapsed         | 415        |
|    total_timesteps      | 183296     |
| train/                  |            |
|    approx_kl            | 0.24317503 |
|    clip_fraction        | 0.697      |
|    clip_range           | 0.2        |
|    entropy_loss         | 3.83       |
|    explained_variance   | 0.247      |
|    learning_rate        | 0.0003     |
|    loss                 | 3.33       |
|    n_updates            | 7140       |
|    policy_gradient_loss | -0.103     |
|    std                  | 0.131      |
|    value_loss           | 6.63       |
----------------------------------------
----------------------------------------
| rollout/                |            |
|    ep_len_mean          | 1e+03      |
|    ep_rew_mean          | 691        |
| time/                   |            |
|    fps                  | 441        |
|    iterations           | 359        |
|    time_elapsed         | 416        |
|    total_timesteps      | 183808     |
| train/                  |            |
|    approx_kl            | 0.24732299 |
|    clip_fraction        | 0.715      |
|    clip_range           | 0.2        |
|    entropy_loss         | 3.86       |
|    explained_variance   | 0.853      |
|    learning_rate        | 0.0003     |
|    loss                 | 2.78       |
|    n_updates            | 7160       |
|    policy_gradient_loss | -0.109     |
|    std                  | 0.13       |
|    value_loss           | 6.91       |
----------------------------------------
----------------------------------------
| rollout/                |            |
|    ep_len_mean          | 1e+03      |
|    ep_rew_mean          | 695        |
| time/                   |            |
|    fps                  | 441        |
|    iterations           | 360        |
|    time_elapsed         | 417        |
|    total_timesteps      | 184320     |
| train/                  |            |
|    approx_kl            | 0.42061222 |
|    clip_fraction        | 0.757      |
|    clip_range           | 0.2        |
|    entropy_loss         | 3.87       |
|    explained_variance   | 0.348      |
|    learning_rate        | 0.0003     |
|    loss                 | 1.35       |
|    n_updates            | 7180       |
|    policy_gradient_loss | -0.0887    |
|    std                  | 0.13       |
|    value_loss           | 4.07       |
----------------------------------------
--------------------------------------
| rollout/                |          |
|    ep_len_mean          | 1e+03    |
|    ep_rew_mean          | 695      |
| time/                   |          |
|    fps                  | 441      |
|    iterations           | 361      |
|    time_elapsed         | 418      |
|    total_timesteps      | 184832   |
| train/                  |          |
|    approx_kl            | 0.185974 |
|    clip_fraction        | 0.683    |
|    clip_range           | 0.2      |
|    entropy_loss         | 3.88     |
|    explained_variance   | 0.919    |
|    learning_rate        | 0.0003   |
|    loss                 | 3.7      |
|    n_updates            | 7200     |
|    policy_gradient_loss | -0.107   |
|    std                  | 0.13     |
|    value_loss           | 8.79     |
--------------------------------------
----------------------------------------
| rollout/                |            |
|    ep_len_mean          | 1e+03      |
|    ep_rew_mean          | 695        |
| time/                   |            |
|    fps                  | 441        |
|    iterations           | 362        |
|    time_elapsed         | 419        |
|    total_timesteps      | 185344     |
| train/                  |            |
|    approx_kl            | 0.32758412 |
|    clip_fraction        | 0.715      |
|    clip_range           | 0.2        |
|    entropy_loss         | 3.9        |
|    explained_variance   | 0.418      |
|    learning_rate        | 0.0003     |
|    loss                 | 3.06       |
|    n_updates            | 7220       |
|    policy_gradient_loss | -0.0972    |
|    std                  | 0.13       |
|    value_loss           | 8.66       |
----------------------------------------
----------------------------------------
| rollout/                |            |
|    ep_len_mean          | 1e+03      |
|    ep_rew_mean          | 695        |
| time/                   |            |
|    fps                  | 441        |
|    iterations           | 363        |
|    time_elapsed         | 420        |
|    total_timesteps      | 185856     |
| train/                  |            |
|    approx_kl            | 0.25576955 |
|    clip_fraction        | 0.701      |
|    clip_range           | 0.2        |
|    entropy_loss         | 3.91       |
|    explained_variance   | 0.672      |
|    learning_rate        | 0.0003     |
|    loss                 | 2.88       |
|    n_updates            | 7240       |
|    policy_gradient_loss | -0.11      |
|    std                  | 0.129      |
|    value_loss           | 9.97       |
----------------------------------------
---------------------------------------
| rollout/                |           |
|    ep_len_mean          | 1e+03     |
|    ep_rew_mean          | 698       |
| time/                   |           |
|    fps                  | 441       |
|    iterations           | 364       |
|    time_elapsed         | 422       |
|    total_timesteps      | 186368    |
| train/                  |           |
|    approx_kl            | 0.2506165 |
|    clip_fraction        | 0.707     |
|    clip_range           | 0.2       |
|    entropy_loss         | 3.94      |
|    explained_variance   | 0.366     |
|    learning_rate        | 0.0003    |
|    loss                 | 1.64      |
|    n_updates            | 7260      |
|    policy_gradient_loss | -0.0916   |
|    std                  | 0.128     |
|    value_loss           | 5.62      |
---------------------------------------
----------------------------------------
| rollout/                |            |
|    ep_len_mean          | 1e+03      |
|    ep_rew_mean          | 698        |
| time/                   |            |
|    fps                  | 441        |
|    iterations           | 365        |
|    time_elapsed         | 423        |
|    total_timesteps      | 186880     |
| train/                  |            |
|    approx_kl            | 0.23673026 |
|    clip_fraction        | 0.7        |
|    clip_range           | 0.2        |
|    entropy_loss         | 3.99       |
|    explained_variance   | 0.894      |
|    learning_rate        | 0.0003     |
|    loss                 | 2.53       |
|    n_updates            | 7280       |
|    policy_gradient_loss | -0.0986    |
|    std                  | 0.128      |
|    value_loss           | 8.71       |
----------------------------------------
----------------------------------------
| rollout/                |            |
|    ep_len_mean          | 1e+03      |
|    ep_rew_mean          | 698        |
| time/                   |            |
|    fps                  | 441        |
|    iterations           | 366        |
|    time_elapsed         | 424        |
|    total_timesteps      | 187392     |
| train/                  |            |
|    approx_kl            | 0.26281428 |
|    clip_fraction        | 0.712      |
|    clip_range           | 0.2        |
|    entropy_loss         | 4          |
|    explained_variance   | 0.518      |
|    learning_rate        | 0.0003     |
|    loss                 | 2.34       |
|    n_updates            | 7300       |
|    policy_gradient_loss | -0.0924    |
|    std                  | 0.128      |
|    value_loss           | 7.16       |
----------------------------------------
---------------------------------------
| rollout/                |           |
|    ep_len_mean          | 1e+03     |
|    ep_rew_mean          | 698       |
| time/                   |           |
|    fps                  | 441       |
|    iterations           | 367       |
|    time_elapsed         | 425       |
|    total_timesteps      | 187904    |
| train/                  |           |
|    approx_kl            | 0.4777641 |
|    clip_fraction        | 0.795     |
|    clip_range           | 0.2       |
|    entropy_loss         | 4.04      |
|    explained_variance   | 0.927     |
|    learning_rate        | 0.0003    |
|    loss                 | 1.53      |
|    n_updates            | 7320      |
|    policy_gradient_loss | -0.112    |
|    std                  | 0.127     |
|    value_loss           | 4.44      |
---------------------------------------
---------------------------------------
| rollout/                |           |
|    ep_len_mean          | 1e+03     |
|    ep_rew_mean          | 700       |
| time/                   |           |
|    fps                  | 441       |
|    iterations           | 368       |
|    time_elapsed         | 426       |
|    total_timesteps      | 188416    |
| train/                  |           |
|    approx_kl            | 0.2930485 |
|    clip_fraction        | 0.753     |
|    clip_range           | 0.2       |
|    entropy_loss         | 4.09      |
|    explained_variance   | 0.603     |
|    learning_rate        | 0.0003    |
|    loss                 | 2.01      |
|    n_updates            | 7340      |
|    policy_gradient_loss | -0.0795   |
|    std                  | 0.126     |
|    value_loss           | 4.99      |
---------------------------------------
---------------------------------------
| rollout/                |           |
|    ep_len_mean          | 1e+03     |
|    ep_rew_mean          | 700       |
| time/                   |           |
|    fps                  | 441       |
|    iterations           | 369       |
|    time_elapsed         | 427       |
|    total_timesteps      | 188928    |
| train/                  |           |
|    approx_kl            | 0.5767195 |
|    clip_fraction        | 0.793     |
|    clip_range           | 0.2       |
|    entropy_loss         | 4.11      |
|    explained_variance   | 0.946     |
|    learning_rate        | 0.0003    |
|    loss                 | 1.84      |
|    n_updates            | 7360      |
|    policy_gradient_loss | -0.102    |
|    std                  | 0.125     |
|    value_loss           | 4.72      |
---------------------------------------
----------------------------------------
| rollout/                |            |
|    ep_len_mean          | 1e+03      |
|    ep_rew_mean          | 704        |
| time/                   |            |
|    fps                  | 441        |
|    iterations           | 370        |
|    time_elapsed         | 428        |
|    total_timesteps      | 189440     |
| train/                  |            |
|    approx_kl            | 0.31850997 |
|    clip_fraction        | 0.774      |
|    clip_range           | 0.2        |
|    entropy_loss         | 4.13       |
|    explained_variance   | 0.362      |
|    learning_rate        | 0.0003     |
|    loss                 | 2.44       |
|    n_updates            | 7380       |
|    policy_gradient_loss | -0.0792    |
|    std                  | 0.125      |
|    value_loss           | 5.05       |
----------------------------------------
---------------------------------------
| rollout/                |           |
|    ep_len_mean          | 1e+03     |
|    ep_rew_mean          | 704       |
| time/                   |           |
|    fps                  | 441       |
|    iterations           | 371       |
|    time_elapsed         | 429       |
|    total_timesteps      | 189952    |
| train/                  |           |
|    approx_kl            | 0.3389654 |
|    clip_fraction        | 0.771     |
|    clip_range           | 0.2       |
|    entropy_loss         | 4.16      |
|    explained_variance   | 0.95      |
|    learning_rate        | 0.0003    |
|    loss                 | 1.85      |
|    n_updates            | 7400      |
|    policy_gradient_loss | -0.106    |
|    std                  | 0.124     |
|    value_loss           | 5.64      |
---------------------------------------
----------------------------------------
| rollout/                |            |
|    ep_len_mean          | 1e+03      |
|    ep_rew_mean          | 707        |
| time/                   |            |
|    fps                  | 441        |
|    iterations           | 372        |
|    time_elapsed         | 431        |
|    total_timesteps      | 190464     |
| train/                  |            |
|    approx_kl            | 0.37977797 |
|    clip_fraction        | 0.749      |
|    clip_range           | 0.2        |
|    entropy_loss         | 4.18       |
|    explained_variance   | 0.453      |
|    learning_rate        | 0.0003     |
|    loss                 | 1.81       |
|    n_updates            | 7420       |
|    policy_gradient_loss | -0.0825    |
|    std                  | 0.123      |
|    value_loss           | 4.21       |
----------------------------------------
----------------------------------------
| rollout/                |            |
|    ep_len_mean          | 1e+03      |
|    ep_rew_mean          | 707        |
| time/                   |            |
|    fps                  | 441        |
|    iterations           | 373        |
|    time_elapsed         | 432        |
|    total_timesteps      | 190976     |
| train/                  |            |
|    approx_kl            | 0.34061727 |
|    clip_fraction        | 0.739      |
|    clip_range           | 0.2        |
|    entropy_loss         | 4.2        |
|    explained_variance   | 0.959      |
|    learning_rate        | 0.0003     |
|    loss                 | 2          |
|    n_updates            | 7440       |
|    policy_gradient_loss | -0.112     |
|    std                  | 0.123      |
|    value_loss           | 6.32       |
----------------------------------------
----------------------------------------
| rollout/                |            |
|    ep_len_mean          | 1e+03      |
|    ep_rew_mean          | 707        |
| time/                   |            |
|    fps                  | 441        |
|    iterations           | 374        |
|    time_elapsed         | 433        |
|    total_timesteps      | 191488     |
| train/                  |            |
|    approx_kl            | 0.37647718 |
|    clip_fraction        | 0.772      |
|    clip_range           | 0.2        |
|    entropy_loss         | 4.22       |
|    explained_variance   | 0.391      |
|    learning_rate        | 0.0003     |
|    loss                 | 1.42       |
|    n_updates            | 7460       |
|    policy_gradient_loss | -0.0708    |
|    std                  | 0.123      |
|    value_loss           | 4.4        |
----------------------------------------
----------------------------------------
| rollout/                |            |
|    ep_len_mean          | 1e+03      |
|    ep_rew_mean          | 710        |
| time/                   |            |
|    fps                  | 441        |
|    iterations           | 375        |
|    time_elapsed         | 434        |
|    total_timesteps      | 192000     |
| train/                  |            |
|    approx_kl            | 0.63144654 |
|    clip_fraction        | 0.785      |
|    clip_range           | 0.2        |
|    entropy_loss         | 4.24       |
|    explained_variance   | 0.71       |
|    learning_rate        | 0.0003     |
|    loss                 | 1.79       |
|    n_updates            | 7480       |
|    policy_gradient_loss | -0.106     |
|    std                  | 0.122      |
|    value_loss           | 5.9        |
----------------------------------------
----------------------------------------
| rollout/                |            |
|    ep_len_mean          | 1e+03      |
|    ep_rew_mean          | 710        |
| time/                   |            |
|    fps                  | 441        |
|    iterations           | 376        |
|    time_elapsed         | 435        |
|    total_timesteps      | 192512     |
| train/                  |            |
|    approx_kl            | 0.28539136 |
|    clip_fraction        | 0.722      |
|    clip_range           | 0.2        |
|    entropy_loss         | 4.26       |
|    explained_variance   | 0.479      |
|    learning_rate        | 0.0003     |
|    loss                 | 2.85       |
|    n_updates            | 7500       |
|    policy_gradient_loss | -0.07      |
|    std                  | 0.122      |
|    value_loss           | 5.47       |
----------------------------------------
----------------------------------------
| rollout/                |            |
|    ep_len_mean          | 1e+03      |
|    ep_rew_mean          | 712        |
| time/                   |            |
|    fps                  | 441        |
|    iterations           | 377        |
|    time_elapsed         | 436        |
|    total_timesteps      | 193024     |
| train/                  |            |
|    approx_kl            | 0.29624182 |
|    clip_fraction        | 0.711      |
|    clip_range           | 0.2        |
|    entropy_loss         | 4.28       |
|    explained_variance   | 0.922      |
|    learning_rate        | 0.0003     |
|    loss                 | 3.04       |
|    n_updates            | 7520       |
|    policy_gradient_loss | -0.113     |
|    std                  | 0.121      |
|    value_loss           | 9.51       |
----------------------------------------
----------------------------------------
| rollout/                |            |
|    ep_len_mean          | 1e+03      |
|    ep_rew_mean          | 712        |
| time/                   |            |
|    fps                  | 442        |
|    iterations           | 378        |
|    time_elapsed         | 437        |
|    total_timesteps      | 193536     |
| train/                  |            |
|    approx_kl            | 0.27797568 |
|    clip_fraction        | 0.687      |
|    clip_range           | 0.2        |
|    entropy_loss         | 4.31       |
|    explained_variance   | 0.84       |
|    learning_rate        | 0.0003     |
|    loss                 | 1.96       |
|    n_updates            | 7540       |
|    policy_gradient_loss | -0.0767    |
|    std                  | 0.121      |
|    value_loss           | 6.9        |
----------------------------------------
---------------------------------------
| rollout/                |           |
|    ep_len_mean          | 1e+03     |
|    ep_rew_mean          | 714       |
| time/                   |           |
|    fps                  | 442       |
|    iterations           | 379       |
|    time_elapsed         | 438       |
|    total_timesteps      | 194048    |
| train/                  |           |
|    approx_kl            | 0.6066371 |
|    clip_fraction        | 0.807     |
|    clip_range           | 0.2       |
|    entropy_loss         | 4.33      |
|    explained_variance   | 0.728     |
|    learning_rate        | 0.0003    |
|    loss                 | 1.34      |
|    n_updates            | 7560      |
|    policy_gradient_loss | -0.108    |
|    std                  | 0.121     |
|    value_loss           | 4.44      |
---------------------------------------
---------------------------------------
| rollout/                |           |
|    ep_len_mean          | 1e+03     |
|    ep_rew_mean          | 714       |
| time/                   |           |
|    fps                  | 442       |
|    iterations           | 380       |
|    time_elapsed         | 440       |
|    total_timesteps      | 194560    |
| train/                  |           |
|    approx_kl            | 0.3997783 |
|    clip_fraction        | 0.775     |
|    clip_range           | 0.2       |
|    entropy_loss         | 4.36      |
|    explained_variance   | 0.784     |
|    learning_rate        | 0.0003    |
|    loss                 | 2.27      |
|    n_updates            | 7580      |
|    policy_gradient_loss | -0.0866   |
|    std                  | 0.12      |
|    value_loss           | 4.63      |
---------------------------------------
---------------------------------------
| rollout/                |           |
|    ep_len_mean          | 1e+03     |
|    ep_rew_mean          | 716       |
| time/                   |           |
|    fps                  | 442       |
|    iterations           | 381       |
|    time_elapsed         | 441       |
|    total_timesteps      | 195072    |
| train/                  |           |
|    approx_kl            | 0.5038394 |
|    clip_fraction        | 0.812     |
|    clip_range           | 0.2       |
|    entropy_loss         | 4.39      |
|    explained_variance   | 0.759     |
|    learning_rate        | 0.0003    |
|    loss                 | 2.4       |
|    n_updates            | 7600      |
|    policy_gradient_loss | -0.109    |
|    std                  | 0.119     |
|    value_loss           | 5.03      |
---------------------------------------
----------------------------------------
| rollout/                |            |
|    ep_len_mean          | 1e+03      |
|    ep_rew_mean          | 716        |
| time/                   |            |
|    fps                  | 442        |
|    iterations           | 382        |
|    time_elapsed         | 442        |
|    total_timesteps      | 195584     |
| train/                  |            |
|    approx_kl            | 0.22931574 |
|    clip_fraction        | 0.688      |
|    clip_range           | 0.2        |
|    entropy_loss         | 4.43       |
|    explained_variance   | 0.866      |
|    learning_rate        | 0.0003     |
|    loss                 | 1.44       |
|    n_updates            | 7620       |
|    policy_gradient_loss | -0.0819    |
|    std                  | 0.119      |
|    value_loss           | 6.2        |
----------------------------------------
----------------------------------------
| rollout/                |            |
|    ep_len_mean          | 1e+03      |
|    ep_rew_mean          | 718        |
| time/                   |            |
|    fps                  | 442        |
|    iterations           | 383        |
|    time_elapsed         | 443        |
|    total_timesteps      | 196096     |
| train/                  |            |
|    approx_kl            | 0.38530755 |
|    clip_fraction        | 0.785      |
|    clip_range           | 0.2        |
|    entropy_loss         | 4.46       |
|    explained_variance   | 0.742      |
|    learning_rate        | 0.0003     |
|    loss                 | 2.57       |
|    n_updates            | 7640       |
|    policy_gradient_loss | -0.109     |
|    std                  | 0.118      |
|    value_loss           | 6.14       |
----------------------------------------
----------------------------------------
| rollout/                |            |
|    ep_len_mean          | 1e+03      |
|    ep_rew_mean          | 718        |
| time/                   |            |
|    fps                  | 442        |
|    iterations           | 384        |
|    time_elapsed         | 444        |
|    total_timesteps      | 196608     |
| train/                  |            |
|    approx_kl            | 0.36658165 |
|    clip_fraction        | 0.713      |
|    clip_range           | 0.2        |
|    entropy_loss         | 4.48       |
|    explained_variance   | 0.942      |
|    learning_rate        | 0.0003     |
|    loss                 | 1.53       |
|    n_updates            | 7660       |
|    policy_gradient_loss | -0.0926    |
|    std                  | 0.118      |
|    value_loss           | 5.23       |
----------------------------------------
---------------------------------------
| rollout/                |           |
|    ep_len_mean          | 1e+03     |
|    ep_rew_mean          | 718       |
| time/                   |           |
|    fps                  | 442       |
|    iterations           | 385       |
|    time_elapsed         | 445       |
|    total_timesteps      | 197120    |
| train/                  |           |
|    approx_kl            | 0.5829225 |
|    clip_fraction        | 0.803     |
|    clip_range           | 0.2       |
|    entropy_loss         | 4.49      |
|    explained_variance   | 0.59      |
|    learning_rate        | 0.0003    |
|    loss                 | 2.31      |
|    n_updates            | 7680      |
|    policy_gradient_loss | -0.112    |
|    std                  | 0.117     |
|    value_loss           | 4.78      |
---------------------------------------
----------------------------------------
| rollout/                |            |
|    ep_len_mean          | 1e+03      |
|    ep_rew_mean          | 718        |
| time/                   |            |
|    fps                  | 442        |
|    iterations           | 386        |
|    time_elapsed         | 446        |
|    total_timesteps      | 197632     |
| train/                  |            |
|    approx_kl            | 0.35206777 |
|    clip_fraction        | 0.723      |
|    clip_range           | 0.2        |
|    entropy_loss         | 4.54       |
|    explained_variance   | 0.927      |
|    learning_rate        | 0.0003     |
|    loss                 | 1.06       |
|    n_updates            | 7700       |
|    policy_gradient_loss | -0.0985    |
|    std                  | 0.116      |
|    value_loss           | 4.18       |
----------------------------------------
---------------------------------------
| rollout/                |           |
|    ep_len_mean          | 1e+03     |
|    ep_rew_mean          | 722       |
| time/                   |           |
|    fps                  | 442       |
|    iterations           | 387       |
|    time_elapsed         | 447       |
|    total_timesteps      | 198144    |
| train/                  |           |
|    approx_kl            | 0.5929202 |
|    clip_fraction        | 0.784     |
|    clip_range           | 0.2       |
|    entropy_loss         | 4.61      |
|    explained_variance   | 0.751     |
|    learning_rate        | 0.0003    |
|    loss                 | 1.7       |
|    n_updates            | 7720      |
|    policy_gradient_loss | -0.0985   |
|    std                  | 0.115     |
|    value_loss           | 4.76      |
---------------------------------------
----------------------------------------
| rollout/                |            |
|    ep_len_mean          | 1e+03      |
|    ep_rew_mean          | 722        |
| time/                   |            |
|    fps                  | 442        |
|    iterations           | 388        |
|    time_elapsed         | 448        |
|    total_timesteps      | 198656     |
| train/                  |            |
|    approx_kl            | 0.19754778 |
|    clip_fraction        | 0.674      |
|    clip_range           | 0.2        |
|    entropy_loss         | 4.65       |
|    explained_variance   | 0.911      |
|    learning_rate        | 0.0003     |
|    loss                 | 3.76       |
|    n_updates            | 7740       |
|    policy_gradient_loss | -0.0956    |
|    std                  | 0.115      |
|    value_loss           | 9.24       |
----------------------------------------
----------------------------------------
| rollout/                |            |
|    ep_len_mean          | 1e+03      |
|    ep_rew_mean          | 722        |
| time/                   |            |
|    fps                  | 442        |
|    iterations           | 389        |
|    time_elapsed         | 450        |
|    total_timesteps      | 199168     |
| train/                  |            |
|    approx_kl            | 0.49861374 |
|    clip_fraction        | 0.775      |
|    clip_range           | 0.2        |
|    entropy_loss         | 4.69       |
|    explained_variance   | 0.628      |
|    learning_rate        | 0.0003     |
|    loss                 | 2.14       |
|    n_updates            | 7760       |
|    policy_gradient_loss | -0.0942    |
|    std                  | 0.113      |
|    value_loss           | 5.61       |
----------------------------------------
----------------------------------------
| rollout/                |            |
|    ep_len_mean          | 1e+03      |
|    ep_rew_mean          | 722        |
| time/                   |            |
|    fps                  | 442        |
|    iterations           | 390        |
|    time_elapsed         | 451        |
|    total_timesteps      | 199680     |
| train/                  |            |
|    approx_kl            | 0.26602548 |
|    clip_fraction        | 0.697      |
|    clip_range           | 0.2        |
|    entropy_loss         | 4.75       |
|    explained_variance   | 0.688      |
|    learning_rate        | 0.0003     |
|    loss                 | 2.57       |
|    n_updates            | 7780       |
|    policy_gradient_loss | -0.0884    |
|    std                  | 0.113      |
|    value_loss           | 8.87       |
----------------------------------------
Eval num_timesteps=200000, episode_reward=829.37 +/- 77.43
Episode length: 1000.00 +/- 0.00
----------------------------------------
| eval/                   |            |
|    mean_ep_length       | 1e+03      |
|    mean_reward          | 829        |
| time/                   |            |
|    total_timesteps      | 200000     |
| train/                  |            |
|    approx_kl            | 0.39397663 |
|    clip_fraction        | 0.762      |
|    clip_range           | 0.2        |
|    entropy_loss         | 4.78       |
|    explained_variance   | 0.538      |
|    learning_rate        | 0.0003     |
|    loss                 | 2.7        |
|    n_updates            | 7800       |
|    policy_gradient_loss | -0.105     |
|    std                  | 0.112      |
|    value_loss           | 6.04       |
----------------------------------------
---------------------------------
| rollout/           |          |
|    ep_len_mean     | 1e+03    |
|    ep_rew_mean     | 724      |
| time/              |          |
|    fps             | 435      |
|    iterations      | 391      |
|    time_elapsed    | 459      |
|    total_timesteps | 200192   |
---------------------------------
--------------------------------------
| rollout/                |          |
|    ep_len_mean          | 1e+03    |
|    ep_rew_mean          | 724      |
| time/                   |          |
|    fps                  | 435      |
|    iterations           | 392      |
|    time_elapsed         | 460      |
|    total_timesteps      | 200704   |
| train/                  |          |
|    approx_kl            | 0.457361 |
|    clip_fraction        | 0.76     |
|    clip_range           | 0.2      |
|    entropy_loss         | 4.81     |
|    explained_variance   | 0.556    |
|    learning_rate        | 0.0003   |
|    loss                 | 2.23     |
|    n_updates            | 7820     |
|    policy_gradient_loss | -0.0936  |
|    std                  | 0.112    |
|    value_loss           | 5.46     |
--------------------------------------
---------------------------------------
| rollout/                |           |
|    ep_len_mean          | 1e+03     |
|    ep_rew_mean          | 726       |
| time/                   |           |
|    fps                  | 435       |
|    iterations           | 393       |
|    time_elapsed         | 461       |
|    total_timesteps      | 201216    |
| train/                  |           |
|    approx_kl            | 0.3809564 |
|    clip_fraction        | 0.779     |
|    clip_range           | 0.2       |
|    entropy_loss         | 4.84      |
|    explained_variance   | 0.458     |
|    learning_rate        | 0.0003    |
|    loss                 | 2.25      |
|    n_updates            | 7840      |
|    policy_gradient_loss | -0.105    |
|    std                  | 0.111     |
|    value_loss           | 6.33      |
---------------------------------------
----------------------------------------
| rollout/                |            |
|    ep_len_mean          | 1e+03      |
|    ep_rew_mean          | 726        |
| time/                   |            |
|    fps                  | 436        |
|    iterations           | 394        |
|    time_elapsed         | 462        |
|    total_timesteps      | 201728     |
| train/                  |            |
|    approx_kl            | 0.29509756 |
|    clip_fraction        | 0.694      |
|    clip_range           | 0.2        |
|    entropy_loss         | 4.87       |
|    explained_variance   | 0.856      |
|    learning_rate        | 0.0003     |
|    loss                 | 2.91       |
|    n_updates            | 7860       |
|    policy_gradient_loss | -0.0936    |
|    std                  | 0.111      |
|    value_loss           | 9.28       |
----------------------------------------
---------------------------------------
| rollout/                |           |
|    ep_len_mean          | 1e+03     |
|    ep_rew_mean          | 726       |
| time/                   |           |
|    fps                  | 436       |
|    iterations           | 395       |
|    time_elapsed         | 463       |
|    total_timesteps      | 202240    |
| train/                  |           |
|    approx_kl            | 0.6438396 |
|    clip_fraction        | 0.8       |
|    clip_range           | 0.2       |
|    entropy_loss         | 4.89      |
|    explained_variance   | 0.686     |
|    learning_rate        | 0.0003    |
|    loss                 | 2.02      |
|    n_updates            | 7880      |
|    policy_gradient_loss | -0.096    |
|    std                  | 0.11      |
|    value_loss           | 5.32      |
---------------------------------------
----------------------------------------
| rollout/                |            |
|    ep_len_mean          | 1e+03      |
|    ep_rew_mean          | 726        |
| time/                   |            |
|    fps                  | 436        |
|    iterations           | 396        |
|    time_elapsed         | 464        |
|    total_timesteps      | 202752     |
| train/                  |            |
|    approx_kl            | 0.59662247 |
|    clip_fraction        | 0.766      |
|    clip_range           | 0.2        |
|    entropy_loss         | 4.92       |
|    explained_variance   | 0.871      |
|    learning_rate        | 0.0003     |
|    loss                 | 2.22       |
|    n_updates            | 7900       |
|    policy_gradient_loss | -0.106     |
|    std                  | 0.11       |
|    value_loss           | 7.41       |
----------------------------------------
----------------------------------------
| rollout/                |            |
|    ep_len_mean          | 1e+03      |
|    ep_rew_mean          | 727        |
| time/                   |            |
|    fps                  | 436        |
|    iterations           | 397        |
|    time_elapsed         | 465        |
|    total_timesteps      | 203264     |
| train/                  |            |
|    approx_kl            | 0.50296605 |
|    clip_fraction        | 0.8        |
|    clip_range           | 0.2        |
|    entropy_loss         | 4.96       |
|    explained_variance   | 0.614      |
|    learning_rate        | 0.0003     |
|    loss                 | 1.37       |
|    n_updates            | 7920       |
|    policy_gradient_loss | -0.0922    |
|    std                  | 0.109      |
|    value_loss           | 4.46       |
----------------------------------------
----------------------------------------
| rollout/                |            |
|    ep_len_mean          | 1e+03      |
|    ep_rew_mean          | 727        |
| time/                   |            |
|    fps                  | 436        |
|    iterations           | 398        |
|    time_elapsed         | 467        |
|    total_timesteps      | 203776     |
| train/                  |            |
|    approx_kl            | 0.36447784 |
|    clip_fraction        | 0.761      |
|    clip_range           | 0.2        |
|    entropy_loss         | 4.98       |
|    explained_variance   | 0.674      |
|    learning_rate        | 0.0003     |
|    loss                 | 2.57       |
|    n_updates            | 7940       |
|    policy_gradient_loss | -0.107     |
|    std                  | 0.109      |
|    value_loss           | 8.72       |
----------------------------------------
---------------------------------------
| rollout/                |           |
|    ep_len_mean          | 1e+03     |
|    ep_rew_mean          | 730       |
| time/                   |           |
|    fps                  | 436       |
|    iterations           | 399       |
|    time_elapsed         | 468       |
|    total_timesteps      | 204288    |
| train/                  |           |
|    approx_kl            | 0.5832975 |
|    clip_fraction        | 0.765     |
|    clip_range           | 0.2       |
|    entropy_loss         | 5.02      |
|    explained_variance   | 0.447     |
|    learning_rate        | 0.0003    |
|    loss                 | 1.52      |
|    n_updates            | 7960      |
|    policy_gradient_loss | -0.0878   |
|    std                  | 0.108     |
|    value_loss           | 4.16      |
---------------------------------------
--------------------------------------
| rollout/                |          |
|    ep_len_mean          | 1e+03    |
|    ep_rew_mean          | 730      |
| time/                   |          |
|    fps                  | 436      |
|    iterations           | 400      |
|    time_elapsed         | 469      |
|    total_timesteps      | 204800   |
| train/                  |          |
|    approx_kl            | 0.337648 |
|    clip_fraction        | 0.734    |
|    clip_range           | 0.2      |
|    entropy_loss         | 5.06     |
|    explained_variance   | 0.739    |
|    learning_rate        | 0.0003   |
|    loss                 | 2.6      |
|    n_updates            | 7980     |
|    policy_gradient_loss | -0.0975  |
|    std                  | 0.107    |
|    value_loss           | 7.53     |
--------------------------------------
----------------------------------------
| rollout/                |            |
|    ep_len_mean          | 1e+03      |
|    ep_rew_mean          | 730        |
| time/                   |            |
|    fps                  | 436        |
|    iterations           | 401        |
|    time_elapsed         | 470        |
|    total_timesteps      | 205312     |
| train/                  |            |
|    approx_kl            | 0.50591475 |
|    clip_fraction        | 0.782      |
|    clip_range           | 0.2        |
|    entropy_loss         | 5.1        |
|    explained_variance   | 0.463      |
|    learning_rate        | 0.0003     |
|    loss                 | 1.51       |
|    n_updates            | 8000       |
|    policy_gradient_loss | -0.094     |
|    std                  | 0.107      |
|    value_loss           | 5.41       |
----------------------------------------
---------------------------------------
| rollout/                |           |
|    ep_len_mean          | 1e+03     |
|    ep_rew_mean          | 730       |
| time/                   |           |
|    fps                  | 436       |
|    iterations           | 402       |
|    time_elapsed         | 471       |
|    total_timesteps      | 205824    |
| train/                  |           |
|    approx_kl            | 0.4783365 |
|    clip_fraction        | 0.774     |
|    clip_range           | 0.2       |
|    entropy_loss         | 5.13      |
|    explained_variance   | 0.812     |
|    learning_rate        | 0.0003    |
|    loss                 | 1.77      |
|    n_updates            | 8020      |
|    policy_gradient_loss | -0.0995   |
|    std                  | 0.106     |
|    value_loss           | 5.73      |
---------------------------------------
--------------------------------------
| rollout/                |          |
|    ep_len_mean          | 1e+03    |
|    ep_rew_mean          | 732      |
| time/                   |          |
|    fps                  | 436      |
|    iterations           | 403      |
|    time_elapsed         | 472      |
|    total_timesteps      | 206336   |
| train/                  |          |
|    approx_kl            | 0.446804 |
|    clip_fraction        | 0.798    |
|    clip_range           | 0.2      |
|    entropy_loss         | 5.16     |
|    explained_variance   | 0.469    |
|    learning_rate        | 0.0003   |
|    loss                 | 2.84     |
|    n_updates            | 8040     |
|    policy_gradient_loss | -0.0745  |
|    std                  | 0.106    |
|    value_loss           | 5.26     |
--------------------------------------
----------------------------------------
| rollout/                |            |
|    ep_len_mean          | 1e+03      |
|    ep_rew_mean          | 732        |
| time/                   |            |
|    fps                  | 436        |
|    iterations           | 404        |
|    time_elapsed         | 473        |
|    total_timesteps      | 206848     |
| train/                  |            |
|    approx_kl            | 0.34403017 |
|    clip_fraction        | 0.755      |
|    clip_range           | 0.2        |
|    entropy_loss         | 5.2        |
|    explained_variance   | 0.881      |
|    learning_rate        | 0.0003     |
|    loss                 | 1.84       |
|    n_updates            | 8060       |
|    policy_gradient_loss | -0.0947    |
|    std                  | 0.105      |
|    value_loss           | 7.45       |
----------------------------------------
---------------------------------------
| rollout/                |           |
|    ep_len_mean          | 1e+03     |
|    ep_rew_mean          | 733       |
| time/                   |           |
|    fps                  | 436       |
|    iterations           | 405       |
|    time_elapsed         | 474       |
|    total_timesteps      | 207360    |
| train/                  |           |
|    approx_kl            | 0.6062887 |
|    clip_fraction        | 0.801     |
|    clip_range           | 0.2       |
|    entropy_loss         | 5.2       |
|    explained_variance   | 0.608     |
|    learning_rate        | 0.0003    |
|    loss                 | 1.53      |
|    n_updates            | 8080      |
|    policy_gradient_loss | -0.0682   |
|    std                  | 0.105     |
|    value_loss           | 4.17      |
---------------------------------------
---------------------------------------
| rollout/                |           |
|    ep_len_mean          | 1e+03     |
|    ep_rew_mean          | 733       |
| time/                   |           |
|    fps                  | 436       |
|    iterations           | 406       |
|    time_elapsed         | 475       |
|    total_timesteps      | 207872    |
| train/                  |           |
|    approx_kl            | 1.2582526 |
|    clip_fraction        | 0.785     |
|    clip_range           | 0.2       |
|    entropy_loss         | 5.21      |
|    explained_variance   | 0.839     |
|    learning_rate        | 0.0003    |
|    loss                 | 1.62      |
|    n_updates            | 8100      |
|    policy_gradient_loss | -0.0943   |
|    std                  | 0.105     |
|    value_loss           | 7.88      |
---------------------------------------
---------------------------------------
| rollout/                |           |
|    ep_len_mean          | 1e+03     |
|    ep_rew_mean          | 733       |
| time/                   |           |
|    fps                  | 436       |
|    iterations           | 407       |
|    time_elapsed         | 477       |
|    total_timesteps      | 208384    |
| train/                  |           |
|    approx_kl            | 1.3811672 |
|    clip_fraction        | 0.78      |
|    clip_range           | 0.2       |
|    entropy_loss         | 5.26      |
|    explained_variance   | 0.0448    |
|    learning_rate        | 0.0003    |
|    loss                 | 1.19      |
|    n_updates            | 8120      |
|    policy_gradient_loss | -0.0665   |
|    std                  | 0.103     |
|    value_loss           | 7.01      |
---------------------------------------
---------------------------------------
| rollout/                |           |
|    ep_len_mean          | 1e+03     |
|    ep_rew_mean          | 733       |
| time/                   |           |
|    fps                  | 436       |
|    iterations           | 408       |
|    time_elapsed         | 478       |
|    total_timesteps      | 208896    |
| train/                  |           |
|    approx_kl            | 0.5341956 |
|    clip_fraction        | 0.773     |
|    clip_range           | 0.2       |
|    entropy_loss         | 5.34      |
|    explained_variance   | 0.853     |
|    learning_rate        | 0.0003    |
|    loss                 | 2.06      |
|    n_updates            | 8140      |
|    policy_gradient_loss | -0.0956   |
|    std                  | 0.103     |
|    value_loss           | 5.79      |
---------------------------------------
---------------------------------------
| rollout/                |           |
|    ep_len_mean          | 1e+03     |
|    ep_rew_mean          | 736       |
| time/                   |           |
|    fps                  | 436       |
|    iterations           | 409       |
|    time_elapsed         | 479       |
|    total_timesteps      | 209408    |
| train/                  |           |
|    approx_kl            | 0.8255282 |
|    clip_fraction        | 0.779     |
|    clip_range           | 0.2       |
|    entropy_loss         | 5.36      |
|    explained_variance   | 0.597     |
|    learning_rate        | 0.0003    |
|    loss                 | 1.17      |
|    n_updates            | 8160      |
|    policy_gradient_loss | -0.0607   |
|    std                  | 0.103     |
|    value_loss           | 3.64      |
---------------------------------------
--------------------------------------
| rollout/                |          |
|    ep_len_mean          | 1e+03    |
|    ep_rew_mean          | 736      |
| time/                   |          |
|    fps                  | 436      |
|    iterations           | 410      |
|    time_elapsed         | 480      |
|    total_timesteps      | 209920   |
| train/                  |          |
|    approx_kl            | 0.353656 |
|    clip_fraction        | 0.764    |
|    clip_range           | 0.2      |
|    entropy_loss         | 5.37     |
|    explained_variance   | 0.89     |
|    learning_rate        | 0.0003   |
|    loss                 | 3.35     |
|    n_updates            | 8180     |
|    policy_gradient_loss | -0.114   |
|    std                  | 0.102    |
|    value_loss           | 7.89     |
--------------------------------------
----------------------------------------
| rollout/                |            |
|    ep_len_mean          | 1e+03      |
|    ep_rew_mean          | 736        |
| time/                   |            |
|    fps                  | 436        |
|    iterations           | 411        |
|    time_elapsed         | 481        |
|    total_timesteps      | 210432     |
| train/                  |            |
|    approx_kl            | 0.41675842 |
|    clip_fraction        | 0.753      |
|    clip_range           | 0.2        |
|    entropy_loss         | 5.42       |
|    explained_variance   | 0.533      |
|    learning_rate        | 0.0003     |
|    loss                 | 1.43       |
|    n_updates            | 8200       |
|    policy_gradient_loss | -0.0702    |
|    std                  | 0.101      |
|    value_loss           | 3.75       |
----------------------------------------
---------------------------------------
| rollout/                |           |
|    ep_len_mean          | 1e+03     |
|    ep_rew_mean          | 736       |
| time/                   |           |
|    fps                  | 437       |
|    iterations           | 412       |
|    time_elapsed         | 482       |
|    total_timesteps      | 210944    |
| train/                  |           |
|    approx_kl            | 0.5468115 |
|    clip_fraction        | 0.788     |
|    clip_range           | 0.2       |
|    entropy_loss         | 5.47      |
|    explained_variance   | 0.807     |
|    learning_rate        | 0.0003    |
|    loss                 | 1.76      |
|    n_updates            | 8220      |
|    policy_gradient_loss | -0.12     |
|    std                  | 0.1       |
|    value_loss           | 4.92      |
---------------------------------------
--------------------------------------
| rollout/                |          |
|    ep_len_mean          | 1e+03    |
|    ep_rew_mean          | 737      |
| time/                   |          |
|    fps                  | 437      |
|    iterations           | 413      |
|    time_elapsed         | 483      |
|    total_timesteps      | 211456   |
| train/                  |          |
|    approx_kl            | 0.315077 |
|    clip_fraction        | 0.727    |
|    clip_range           | 0.2      |
|    entropy_loss         | 5.51     |
|    explained_variance   | 0.612    |
|    learning_rate        | 0.0003   |
|    loss                 | 1.16     |
|    n_updates            | 8240     |
|    policy_gradient_loss | -0.0719  |
|    std                  | 0.0995   |
|    value_loss           | 4.19     |
--------------------------------------
---------------------------------------
| rollout/                |           |
|    ep_len_mean          | 1e+03     |
|    ep_rew_mean          | 737       |
| time/                   |           |
|    fps                  | 437       |
|    iterations           | 414       |
|    time_elapsed         | 484       |
|    total_timesteps      | 211968    |
| train/                  |           |
|    approx_kl            | 1.0050471 |
|    clip_fraction        | 0.818     |
|    clip_range           | 0.2       |
|    entropy_loss         | 5.55      |
|    explained_variance   | 0.616     |
|    learning_rate        | 0.0003    |
|    loss                 | 1.12      |
|    n_updates            | 8260      |
|    policy_gradient_loss | -0.11     |
|    std                  | 0.0991    |
|    value_loss           | 4.96      |
---------------------------------------
----------------------------------------
| rollout/                |            |
|    ep_len_mean          | 1e+03      |
|    ep_rew_mean          | 739        |
| time/                   |            |
|    fps                  | 437        |
|    iterations           | 415        |
|    time_elapsed         | 486        |
|    total_timesteps      | 212480     |
| train/                  |            |
|    approx_kl            | 0.39183104 |
|    clip_fraction        | 0.779      |
|    clip_range           | 0.2        |
|    entropy_loss         | 5.56       |
|    explained_variance   | 0.613      |
|    learning_rate        | 0.0003     |
|    loss                 | 1.89       |
|    n_updates            | 8280       |
|    policy_gradient_loss | -0.0348    |
|    std                  | 0.0989     |
|    value_loss           | 4.02       |
----------------------------------------
--------------------------------------
| rollout/                |          |
|    ep_len_mean          | 1e+03    |
|    ep_rew_mean          | 739      |
| time/                   |          |
|    fps                  | 437      |
|    iterations           | 416      |
|    time_elapsed         | 487      |
|    total_timesteps      | 212992   |
| train/                  |          |
|    approx_kl            | 0.523968 |
|    clip_fraction        | 0.794    |
|    clip_range           | 0.2      |
|    entropy_loss         | 5.6      |
|    explained_variance   | 0.879    |
|    learning_rate        | 0.0003   |
|    loss                 | 1.02     |
|    n_updates            | 8300     |
|    policy_gradient_loss | -0.0987  |
|    std                  | 0.098    |
|    value_loss           | 4.34     |
--------------------------------------
----------------------------------------
| rollout/                |            |
|    ep_len_mean          | 1e+03      |
|    ep_rew_mean          | 740        |
| time/                   |            |
|    fps                  | 437        |
|    iterations           | 417        |
|    time_elapsed         | 488        |
|    total_timesteps      | 213504     |
| train/                  |            |
|    approx_kl            | 0.31849003 |
|    clip_fraction        | 0.744      |
|    clip_range           | 0.2        |
|    entropy_loss         | 5.64       |
|    explained_variance   | 0.642      |
|    learning_rate        | 0.0003     |
|    loss                 | 1.94       |
|    n_updates            | 8320       |
|    policy_gradient_loss | -0.0645    |
|    std                  | 0.0974     |
|    value_loss           | 4.32       |
----------------------------------------
---------------------------------------
| rollout/                |           |
|    ep_len_mean          | 1e+03     |
|    ep_rew_mean          | 741       |
| time/                   |           |
|    fps                  | 437       |
|    iterations           | 418       |
|    time_elapsed         | 489       |
|    total_timesteps      | 214016    |
| train/                  |           |
|    approx_kl            | 0.4938419 |
|    clip_fraction        | 0.813     |
|    clip_range           | 0.2       |
|    entropy_loss         | 5.68      |
|    explained_variance   | 0.789     |
|    learning_rate        | 0.0003    |
|    loss                 | 2.06      |
|    n_updates            | 8340      |
|    policy_gradient_loss | -0.12     |
|    std                  | 0.097     |
|    value_loss           | 6.17      |
---------------------------------------
----------------------------------------
| rollout/                |            |
|    ep_len_mean          | 1e+03      |
|    ep_rew_mean          | 741        |
| time/                   |            |
|    fps                  | 437        |
|    iterations           | 419        |
|    time_elapsed         | 490        |
|    total_timesteps      | 214528     |
| train/                  |            |
|    approx_kl            | 0.28277576 |
|    clip_fraction        | 0.751      |
|    clip_range           | 0.2        |
|    entropy_loss         | 5.69       |
|    explained_variance   | 0.743      |
|    learning_rate        | 0.0003     |
|    loss                 | 1.86       |
|    n_updates            | 8360       |
|    policy_gradient_loss | -0.0709    |
|    std                  | 0.097      |
|    value_loss           | 4.37       |
----------------------------------------
---------------------------------------
| rollout/                |           |
|    ep_len_mean          | 1e+03     |
|    ep_rew_mean          | 742       |
| time/                   |           |
|    fps                  | 437       |
|    iterations           | 420       |
|    time_elapsed         | 491       |
|    total_timesteps      | 215040    |
| train/                  |           |
|    approx_kl            | 0.6360788 |
|    clip_fraction        | 0.832     |
|    clip_range           | 0.2       |
|    entropy_loss         | 5.7       |
|    explained_variance   | 0.72      |
|    learning_rate        | 0.0003    |
|    loss                 | 1.99      |
|    n_updates            | 8380      |
|    policy_gradient_loss | -0.106    |
|    std                  | 0.0965    |
|    value_loss           | 5.99      |
---------------------------------------
---------------------------------------
| rollout/                |           |
|    ep_len_mean          | 1e+03     |
|    ep_rew_mean          | 742       |
| time/                   |           |
|    fps                  | 437       |
|    iterations           | 421       |
|    time_elapsed         | 492       |
|    total_timesteps      | 215552    |
| train/                  |           |
|    approx_kl            | 0.5314262 |
|    clip_fraction        | 0.728     |
|    clip_range           | 0.2       |
|    entropy_loss         | 5.72      |
|    explained_variance   | 0.782     |
|    learning_rate        | 0.0003    |
|    loss                 | 1.42      |
|    n_updates            | 8400      |
|    policy_gradient_loss | -0.089    |
|    std                  | 0.0963    |
|    value_loss           | 4.45      |
---------------------------------------
----------------------------------------
| rollout/                |            |
|    ep_len_mean          | 1e+03      |
|    ep_rew_mean          | 743        |
| time/                   |            |
|    fps                  | 437        |
|    iterations           | 422        |
|    time_elapsed         | 493        |
|    total_timesteps      | 216064     |
| train/                  |            |
|    approx_kl            | 0.43992716 |
|    clip_fraction        | 0.813      |
|    clip_range           | 0.2        |
|    entropy_loss         | 5.75       |
|    explained_variance   | 0.525      |
|    learning_rate        | 0.0003     |
|    loss                 | 2.1        |
|    n_updates            | 8420       |
|    policy_gradient_loss | -0.092     |
|    std                  | 0.0959     |
|    value_loss           | 5.53       |
----------------------------------------
---------------------------------------
| rollout/                |           |
|    ep_len_mean          | 1e+03     |
|    ep_rew_mean          | 743       |
| time/                   |           |
|    fps                  | 437       |
|    iterations           | 423       |
|    time_elapsed         | 494       |
|    total_timesteps      | 216576    |
| train/                  |           |
|    approx_kl            | 0.3313087 |
|    clip_fraction        | 0.743     |
|    clip_range           | 0.2       |
|    entropy_loss         | 5.77      |
|    explained_variance   | 0.882     |
|    learning_rate        | 0.0003    |
|    loss                 | 0.92      |
|    n_updates            | 8440      |
|    policy_gradient_loss | -0.0841   |
|    std                  | 0.0956    |
|    value_loss           | 3.83      |
---------------------------------------
---------------------------------------
| rollout/                |           |
|    ep_len_mean          | 1e+03     |
|    ep_rew_mean          | 744       |
| time/                   |           |
|    fps                  | 437       |
|    iterations           | 424       |
|    time_elapsed         | 496       |
|    total_timesteps      | 217088    |
| train/                  |           |
|    approx_kl            | 0.7166877 |
|    clip_fraction        | 0.831     |
|    clip_range           | 0.2       |
|    entropy_loss         | 5.78      |
|    explained_variance   | 0.619     |
|    learning_rate        | 0.0003    |
|    loss                 | 2.58      |
|    n_updates            | 8460      |
|    policy_gradient_loss | -0.0972   |
|    std                  | 0.0955    |
|    value_loss           | 5.68      |
---------------------------------------
----------------------------------------
| rollout/                |            |
|    ep_len_mean          | 1e+03      |
|    ep_rew_mean          | 744        |
| time/                   |            |
|    fps                  | 437        |
|    iterations           | 425        |
|    time_elapsed         | 497        |
|    total_timesteps      | 217600     |
| train/                  |            |
|    approx_kl            | 0.26466542 |
|    clip_fraction        | 0.664      |
|    clip_range           | 0.2        |
|    entropy_loss         | 5.79       |
|    explained_variance   | 0.898      |
|    learning_rate        | 0.0003     |
|    loss                 | 1.97       |
|    n_updates            | 8480       |
|    policy_gradient_loss | -0.0902    |
|    std                  | 0.0954     |
|    value_loss           | 7.9        |
----------------------------------------
---------------------------------------
| rollout/                |           |
|    ep_len_mean          | 1e+03     |
|    ep_rew_mean          | 743       |
| time/                   |           |
|    fps                  | 437       |
|    iterations           | 426       |
|    time_elapsed         | 498       |
|    total_timesteps      | 218112    |
| train/                  |           |
|    approx_kl            | 0.8055603 |
|    clip_fraction        | 0.807     |
|    clip_range           | 0.2       |
|    entropy_loss         | 5.83      |
|    explained_variance   | 0.874     |
|    learning_rate        | 0.0003    |
|    loss                 | 2         |
|    n_updates            | 8500      |
|    policy_gradient_loss | -0.0949   |
|    std                  | 0.0946    |
|    value_loss           | 5.21      |
---------------------------------------
----------------------------------------
| rollout/                |            |
|    ep_len_mean          | 1e+03      |
|    ep_rew_mean          | 743        |
| time/                   |            |
|    fps                  | 437        |
|    iterations           | 427        |
|    time_elapsed         | 499        |
|    total_timesteps      | 218624     |
| train/                  |            |
|    approx_kl            | 0.21092445 |
|    clip_fraction        | 0.656      |
|    clip_range           | 0.2        |
|    entropy_loss         | 5.87       |
|    explained_variance   | 0.921      |
|    learning_rate        | 0.0003     |
|    loss                 | 2.44       |
|    n_updates            | 8520       |
|    policy_gradient_loss | -0.0941    |
|    std                  | 0.0941     |
|    value_loss           | 12.2       |
----------------------------------------
---------------------------------------
| rollout/                |           |
|    ep_len_mean          | 1e+03     |
|    ep_rew_mean          | 743       |
| time/                   |           |
|    fps                  | 437       |
|    iterations           | 428       |
|    time_elapsed         | 500       |
|    total_timesteps      | 219136    |
| train/                  |           |
|    approx_kl            | 0.8908981 |
|    clip_fraction        | 0.733     |
|    clip_range           | 0.2       |
|    entropy_loss         | 5.9       |
|    explained_variance   | 0.543     |
|    learning_rate        | 0.0003    |
|    loss                 | 3.27      |
|    n_updates            | 8540      |
|    policy_gradient_loss | -0.101    |
|    std                  | 0.0937    |
|    value_loss           | 11.6      |
---------------------------------------
----------------------------------------
| rollout/                |            |
|    ep_len_mean          | 1e+03      |
|    ep_rew_mean          | 743        |
| time/                   |            |
|    fps                  | 437        |
|    iterations           | 429        |
|    time_elapsed         | 501        |
|    total_timesteps      | 219648     |
| train/                  |            |
|    approx_kl            | 0.25785315 |
|    clip_fraction        | 0.667      |
|    clip_range           | 0.2        |
|    entropy_loss         | 5.92       |
|    explained_variance   | 0.926      |
|    learning_rate        | 0.0003     |
|    loss                 | 2.74       |
|    n_updates            | 8560       |
|    policy_gradient_loss | -0.0921    |
|    std                  | 0.0934     |
|    value_loss           | 12.1       |
----------------------------------------
---------------------------------------
| rollout/                |           |
|    ep_len_mean          | 1e+03     |
|    ep_rew_mean          | 741       |
| time/                   |           |
|    fps                  | 437       |
|    iterations           | 430       |
|    time_elapsed         | 502       |
|    total_timesteps      | 220160    |
| train/                  |           |
|    approx_kl            | 1.2484645 |
|    clip_fraction        | 0.853     |
|    clip_range           | 0.2       |
|    entropy_loss         | 5.94      |
|    explained_variance   | 0.85      |
|    learning_rate        | 0.0003    |
|    loss                 | 1.86      |
|    n_updates            | 8580      |
|    policy_gradient_loss | -0.103    |
|    std                  | 0.0932    |
|    value_loss           | 5.4       |
---------------------------------------
---------------------------------------
| rollout/                |           |
|    ep_len_mean          | 1e+03     |
|    ep_rew_mean          | 741       |
| time/                   |           |
|    fps                  | 438       |
|    iterations           | 431       |
|    time_elapsed         | 503       |
|    total_timesteps      | 220672    |
| train/                  |           |
|    approx_kl            | 0.5718346 |
|    clip_fraction        | 0.779     |
|    clip_range           | 0.2       |
|    entropy_loss         | 5.95      |
|    explained_variance   | 0.818     |
|    learning_rate        | 0.0003    |
|    loss                 | 1.86      |
|    n_updates            | 8600      |
|    policy_gradient_loss | -0.0957   |
|    std                  | 0.0931    |
|    value_loss           | 6.78      |
---------------------------------------
---------------------------------------
| rollout/                |           |
|    ep_len_mean          | 1e+03     |
|    ep_rew_mean          | 743       |
| time/                   |           |
|    fps                  | 438       |
|    iterations           | 432       |
|    time_elapsed         | 504       |
|    total_timesteps      | 221184    |
| train/                  |           |
|    approx_kl            | 0.8385994 |
|    clip_fraction        | 0.806     |
|    clip_range           | 0.2       |
|    entropy_loss         | 5.98      |
|    explained_variance   | 0.79      |
|    learning_rate        | 0.0003    |
|    loss                 | 1.38      |
|    n_updates            | 8620      |
|    policy_gradient_loss | -0.0857   |
|    std                  | 0.0922    |
|    value_loss           | 4.43      |
---------------------------------------
--------------------------------------
| rollout/                |          |
|    ep_len_mean          | 1e+03    |
|    ep_rew_mean          | 743      |
| time/                   |          |
|    fps                  | 438      |
|    iterations           | 433      |
|    time_elapsed         | 506      |
|    total_timesteps      | 221696   |
| train/                  |          |
|    approx_kl            | 0.593792 |
|    clip_fraction        | 0.808    |
|    clip_range           | 0.2      |
|    entropy_loss         | 6.02     |
|    explained_variance   | 0.828    |
|    learning_rate        | 0.0003   |
|    loss                 | 2.23     |
|    n_updates            | 8640     |
|    policy_gradient_loss | -0.0929  |
|    std                  | 0.0918   |
|    value_loss           | 5.42     |
--------------------------------------
----------------------------------------
| rollout/                |            |
|    ep_len_mean          | 1e+03      |
|    ep_rew_mean          | 745        |
| time/                   |            |
|    fps                  | 438        |
|    iterations           | 434        |
|    time_elapsed         | 507        |
|    total_timesteps      | 222208     |
| train/                  |            |
|    approx_kl            | 0.43252516 |
|    clip_fraction        | 0.81       |
|    clip_range           | 0.2        |
|    entropy_loss         | 6.04       |
|    explained_variance   | 0.732      |
|    learning_rate        | 0.0003     |
|    loss                 | 1.81       |
|    n_updates            | 8660       |
|    policy_gradient_loss | -0.0879    |
|    std                  | 0.0914     |
|    value_loss           | 5.1        |
----------------------------------------
--------------------------------------
| rollout/                |          |
|    ep_len_mean          | 1e+03    |
|    ep_rew_mean          | 745      |
| time/                   |          |
|    fps                  | 438      |
|    iterations           | 435      |
|    time_elapsed         | 508      |
|    total_timesteps      | 222720   |
| train/                  |          |
|    approx_kl            | 0.662861 |
|    clip_fraction        | 0.773    |
|    clip_range           | 0.2      |
|    entropy_loss         | 6.08     |
|    explained_variance   | 0.862    |
|    learning_rate        | 0.0003   |
|    loss                 | 2.32     |
|    n_updates            | 8680     |
|    policy_gradient_loss | -0.0889  |
|    std                  | 0.0908   |
|    value_loss           | 9.4      |
--------------------------------------
--------------------------------------
| rollout/                |          |
|    ep_len_mean          | 1e+03    |
|    ep_rew_mean          | 745      |
| time/                   |          |
|    fps                  | 438      |
|    iterations           | 436      |
|    time_elapsed         | 509      |
|    total_timesteps      | 223232   |
| train/                  |          |
|    approx_kl            | 0.586878 |
|    clip_fraction        | 0.813    |
|    clip_range           | 0.2      |
|    entropy_loss         | 6.11     |
|    explained_variance   | 0.637    |
|    learning_rate        | 0.0003   |
|    loss                 | 2.19     |
|    n_updates            | 8700     |
|    policy_gradient_loss | -0.079   |
|    std                  | 0.0902   |
|    value_loss           | 4.11     |
--------------------------------------
----------------------------------------
| rollout/                |            |
|    ep_len_mean          | 1e+03      |
|    ep_rew_mean          | 745        |
| time/                   |            |
|    fps                  | 438        |
|    iterations           | 437        |
|    time_elapsed         | 510        |
|    total_timesteps      | 223744     |
| train/                  |            |
|    approx_kl            | 0.71325433 |
|    clip_fraction        | 0.799      |
|    clip_range           | 0.2        |
|    entropy_loss         | 6.15       |
|    explained_variance   | 0.893      |
|    learning_rate        | 0.0003     |
|    loss                 | 1.91       |
|    n_updates            | 8720       |
|    policy_gradient_loss | -0.0946    |
|    std                  | 0.0899     |
|    value_loss           | 6.97       |
----------------------------------------
----------------------------------------
| rollout/                |            |
|    ep_len_mean          | 1e+03      |
|    ep_rew_mean          | 745        |
| time/                   |            |
|    fps                  | 438        |
|    iterations           | 438        |
|    time_elapsed         | 511        |
|    total_timesteps      | 224256     |
| train/                  |            |
|    approx_kl            | 0.86679935 |
|    clip_fraction        | 0.847      |
|    clip_range           | 0.2        |
|    entropy_loss         | 6.17       |
|    explained_variance   | 0.73       |
|    learning_rate        | 0.0003     |
|    loss                 | 1.12       |
|    n_updates            | 8740       |
|    policy_gradient_loss | -0.0764    |
|    std                  | 0.0895     |
|    value_loss           | 3.29       |
----------------------------------------
----------------------------------------
| rollout/                |            |
|    ep_len_mean          | 1e+03      |
|    ep_rew_mean          | 745        |
| time/                   |            |
|    fps                  | 438        |
|    iterations           | 439        |
|    time_elapsed         | 512        |
|    total_timesteps      | 224768     |
| train/                  |            |
|    approx_kl            | 0.49304315 |
|    clip_fraction        | 0.792      |
|    clip_range           | 0.2        |
|    entropy_loss         | 6.21       |
|    explained_variance   | 0.885      |
|    learning_rate        | 0.0003     |
|    loss                 | 2.26       |
|    n_updates            | 8760       |
|    policy_gradient_loss | -0.108     |
|    std                  | 0.0888     |
|    value_loss           | 8.64       |
----------------------------------------
--------------------------------------
| rollout/                |          |
|    ep_len_mean          | 1e+03    |
|    ep_rew_mean          | 744      |
| time/                   |          |
|    fps                  | 438      |
|    iterations           | 440      |
|    time_elapsed         | 513      |
|    total_timesteps      | 225280   |
| train/                  |          |
|    approx_kl            | 0.622661 |
|    clip_fraction        | 0.814    |
|    clip_range           | 0.2      |
|    entropy_loss         | 6.26     |
|    explained_variance   | 0.694    |
|    learning_rate        | 0.0003   |
|    loss                 | 1.96     |
|    n_updates            | 8780     |
|    policy_gradient_loss | -0.0802  |
|    std                  | 0.0879   |
|    value_loss           | 5.08     |
--------------------------------------
---------------------------------------
| rollout/                |           |
|    ep_len_mean          | 1e+03     |
|    ep_rew_mean          | 744       |
| time/                   |           |
|    fps                  | 438       |
|    iterations           | 441       |
|    time_elapsed         | 514       |
|    total_timesteps      | 225792    |
| train/                  |           |
|    approx_kl            | 0.9571561 |
|    clip_fraction        | 0.829     |
|    clip_range           | 0.2       |
|    entropy_loss         | 6.32      |
|    explained_variance   | 0.853     |
|    learning_rate        | 0.0003    |
|    loss                 | 1.61      |
|    n_updates            | 8800      |
|    policy_gradient_loss | -0.0896   |
|    std                  | 0.0873    |
|    value_loss           | 5.54      |
---------------------------------------
----------------------------------------
| rollout/                |            |
|    ep_len_mean          | 1e+03      |
|    ep_rew_mean          | 745        |
| time/                   |            |
|    fps                  | 438        |
|    iterations           | 442        |
|    time_elapsed         | 516        |
|    total_timesteps      | 226304     |
| train/                  |            |
|    approx_kl            | 0.54518133 |
|    clip_fraction        | 0.813      |
|    clip_range           | 0.2        |
|    entropy_loss         | 6.34       |
|    explained_variance   | 0.476      |
|    learning_rate        | 0.0003     |
|    loss                 | 2.95       |
|    n_updates            | 8820       |
|    policy_gradient_loss | -0.0775    |
|    std                  | 0.087      |
|    value_loss           | 6.56       |
----------------------------------------
---------------------------------------
| rollout/                |           |
|    ep_len_mean          | 1e+03     |
|    ep_rew_mean          | 745       |
| time/                   |           |
|    fps                  | 438       |
|    iterations           | 443       |
|    time_elapsed         | 517       |
|    total_timesteps      | 226816    |
| train/                  |           |
|    approx_kl            | 0.4595789 |
|    clip_fraction        | 0.817     |
|    clip_range           | 0.2       |
|    entropy_loss         | 6.37      |
|    explained_variance   | 0.862     |
|    learning_rate        | 0.0003    |
|    loss                 | 1.88      |
|    n_updates            | 8840      |
|    policy_gradient_loss | -0.112    |
|    std                  | 0.0868    |
|    value_loss           | 6.06      |
---------------------------------------
----------------------------------------
| rollout/                |            |
|    ep_len_mean          | 1e+03      |
|    ep_rew_mean          | 746        |
| time/                   |            |
|    fps                  | 438        |
|    iterations           | 444        |
|    time_elapsed         | 518        |
|    total_timesteps      | 227328     |
| train/                  |            |
|    approx_kl            | 0.60474455 |
|    clip_fraction        | 0.792      |
|    clip_range           | 0.2        |
|    entropy_loss         | 6.38       |
|    explained_variance   | 0.428      |
|    learning_rate        | 0.0003     |
|    loss                 | 2.65       |
|    n_updates            | 8860       |
|    policy_gradient_loss | -0.0799    |
|    std                  | 0.0867     |
|    value_loss           | 6.16       |
----------------------------------------
----------------------------------------
| rollout/                |            |
|    ep_len_mean          | 1e+03      |
|    ep_rew_mean          | 746        |
| time/                   |            |
|    fps                  | 438        |
|    iterations           | 445        |
|    time_elapsed         | 519        |
|    total_timesteps      | 227840     |
| train/                  |            |
|    approx_kl            | 0.62150514 |
|    clip_fraction        | 0.794      |
|    clip_range           | 0.2        |
|    entropy_loss         | 6.39       |
|    explained_variance   | 0.556      |
|    learning_rate        | 0.0003     |
|    loss                 | 1.64       |
|    n_updates            | 8880       |
|    policy_gradient_loss | -0.104     |
|    std                  | 0.0863     |
|    value_loss           | 6.93       |
----------------------------------------
---------------------------------------
| rollout/                |           |
|    ep_len_mean          | 1e+03     |
|    ep_rew_mean          | 746       |
| time/                   |           |
|    fps                  | 438       |
|    iterations           | 446       |
|    time_elapsed         | 520       |
|    total_timesteps      | 228352    |
| train/                  |           |
|    approx_kl            | 0.5262991 |
|    clip_fraction        | 0.785     |
|    clip_range           | 0.2       |
|    entropy_loss         | 6.41      |
|    explained_variance   | 0.463     |
|    learning_rate        | 0.0003    |
|    loss                 | 1.69      |
|    n_updates            | 8900      |
|    policy_gradient_loss | -0.0775   |
|    std                  | 0.0861    |
|    value_loss           | 5.27      |
---------------------------------------
----------------------------------------
| rollout/                |            |
|    ep_len_mean          | 1e+03      |
|    ep_rew_mean          | 746        |
| time/                   |            |
|    fps                  | 438        |
|    iterations           | 447        |
|    time_elapsed         | 521        |
|    total_timesteps      | 228864     |
| train/                  |            |
|    approx_kl            | 0.65366524 |
|    clip_fraction        | 0.817      |
|    clip_range           | 0.2        |
|    entropy_loss         | 6.43       |
|    explained_variance   | 0.715      |
|    learning_rate        | 0.0003     |
|    loss                 | 3.7        |
|    n_updates            | 8920       |
|    policy_gradient_loss | -0.099     |
|    std                  | 0.086      |
|    value_loss           | 8.8        |
----------------------------------------
----------------------------------------
| rollout/                |            |
|    ep_len_mean          | 1e+03      |
|    ep_rew_mean          | 747        |
| time/                   |            |
|    fps                  | 438        |
|    iterations           | 448        |
|    time_elapsed         | 522        |
|    total_timesteps      | 229376     |
| train/                  |            |
|    approx_kl            | 0.56016016 |
|    clip_fraction        | 0.774      |
|    clip_range           | 0.2        |
|    entropy_loss         | 6.45       |
|    explained_variance   | 0.472      |
|    learning_rate        | 0.0003     |
|    loss                 | 1.54       |
|    n_updates            | 8940       |
|    policy_gradient_loss | -0.0735    |
|    std                  | 0.0857     |
|    value_loss           | 4.49       |
----------------------------------------
---------------------------------------
| rollout/                |           |
|    ep_len_mean          | 1e+03     |
|    ep_rew_mean          | 747       |
| time/                   |           |
|    fps                  | 438       |
|    iterations           | 449       |
|    time_elapsed         | 523       |
|    total_timesteps      | 229888    |
| train/                  |           |
|    approx_kl            | 0.7558101 |
|    clip_fraction        | 0.828     |
|    clip_range           | 0.2       |
|    entropy_loss         | 6.49      |
|    explained_variance   | 0.871     |
|    learning_rate        | 0.0003    |
|    loss                 | 1.71      |
|    n_updates            | 8960      |
|    policy_gradient_loss | -0.0961   |
|    std                  | 0.085     |
|    value_loss           | 6.78      |
---------------------------------------
---------------------------------------
| rollout/                |           |
|    ep_len_mean          | 1e+03     |
|    ep_rew_mean          | 746       |
| time/                   |           |
|    fps                  | 438       |
|    iterations           | 450       |
|    time_elapsed         | 524       |
|    total_timesteps      | 230400    |
| train/                  |           |
|    approx_kl            | 0.7607254 |
|    clip_fraction        | 0.826     |
|    clip_range           | 0.2       |
|    entropy_loss         | 6.51      |
|    explained_variance   | 0.464     |
|    learning_rate        | 0.0003    |
|    loss                 | 1.19      |
|    n_updates            | 8980      |
|    policy_gradient_loss | -0.0599   |
|    std                  | 0.0847    |
|    value_loss           | 4.39      |
---------------------------------------
---------------------------------------
| rollout/                |           |
|    ep_len_mean          | 1e+03     |
|    ep_rew_mean          | 746       |
| time/                   |           |
|    fps                  | 439       |
|    iterations           | 451       |
|    time_elapsed         | 525       |
|    total_timesteps      | 230912    |
| train/                  |           |
|    approx_kl            | 1.1825622 |
|    clip_fraction        | 0.856     |
|    clip_range           | 0.2       |
|    entropy_loss         | 6.53      |
|    explained_variance   | 0.863     |
|    learning_rate        | 0.0003    |
|    loss                 | 1.35      |
|    n_updates            | 9000      |
|    policy_gradient_loss | -0.0954   |
|    std                  | 0.0841    |
|    value_loss           | 4.15      |
---------------------------------------
----------------------------------------
| rollout/                |            |
|    ep_len_mean          | 1e+03      |
|    ep_rew_mean          | 746        |
| time/                   |            |
|    fps                  | 439        |
|    iterations           | 452        |
|    time_elapsed         | 527        |
|    total_timesteps      | 231424     |
| train/                  |            |
|    approx_kl            | 0.84601676 |
|    clip_fraction        | 0.821      |
|    clip_range           | 0.2        |
|    entropy_loss         | 6.55       |
|    explained_variance   | 0.294      |
|    learning_rate        | 0.0003     |
|    loss                 | 1.22       |
|    n_updates            | 9020       |
|    policy_gradient_loss | -0.0627    |
|    std                  | 0.0842     |
|    value_loss           | 3.99       |
----------------------------------------
--------------------------------------
| rollout/                |          |
|    ep_len_mean          | 1e+03    |
|    ep_rew_mean          | 746      |
| time/                   |          |
|    fps                  | 439      |
|    iterations           | 453      |
|    time_elapsed         | 528      |
|    total_timesteps      | 231936   |
| train/                  |          |
|    approx_kl            | 0.447858 |
|    clip_fraction        | 0.825    |
|    clip_range           | 0.2      |
|    entropy_loss         | 6.56     |
|    explained_variance   | 0.765    |
|    learning_rate        | 0.0003   |
|    loss                 | 3.94     |
|    n_updates            | 9040     |
|    policy_gradient_loss | -0.0926  |
|    std                  | 0.0837   |
|    value_loss           | 8.27     |
--------------------------------------
----------------------------------------
| rollout/                |            |
|    ep_len_mean          | 1e+03      |
|    ep_rew_mean          | 751        |
| time/                   |            |
|    fps                  | 439        |
|    iterations           | 454        |
|    time_elapsed         | 529        |
|    total_timesteps      | 232448     |
| train/                  |            |
|    approx_kl            | 0.81281817 |
|    clip_fraction        | 0.825      |
|    clip_range           | 0.2        |
|    entropy_loss         | 6.6        |
|    explained_variance   | 0.509      |
|    learning_rate        | 0.0003     |
|    loss                 | 1.62       |
|    n_updates            | 9060       |
|    policy_gradient_loss | -0.0545    |
|    std                  | 0.0833     |
|    value_loss           | 3.5        |
----------------------------------------
----------------------------------------
| rollout/                |            |
|    ep_len_mean          | 1e+03      |
|    ep_rew_mean          | 751        |
| time/                   |            |
|    fps                  | 439        |
|    iterations           | 455        |
|    time_elapsed         | 530        |
|    total_timesteps      | 232960     |
| train/                  |            |
|    approx_kl            | 0.79554945 |
|    clip_fraction        | 0.838      |
|    clip_range           | 0.2        |
|    entropy_loss         | 6.64       |
|    explained_variance   | 0.9        |
|    learning_rate        | 0.0003     |
|    loss                 | 1.51       |
|    n_updates            | 9080       |
|    policy_gradient_loss | -0.0748    |
|    std                  | 0.0825     |
|    value_loss           | 4.88       |
----------------------------------------
---------------------------------------
| rollout/                |           |
|    ep_len_mean          | 1e+03     |
|    ep_rew_mean          | 751       |
| time/                   |           |
|    fps                  | 439       |
|    iterations           | 456       |
|    time_elapsed         | 531       |
|    total_timesteps      | 233472    |
| train/                  |           |
|    approx_kl            | 0.7437619 |
|    clip_fraction        | 0.815     |
|    clip_range           | 0.2       |
|    entropy_loss         | 6.68      |
|    explained_variance   | 0.501     |
|    learning_rate        | 0.0003    |
|    loss                 | 1.09      |
|    n_updates            | 9100      |
|    policy_gradient_loss | -0.051    |
|    std                  | 0.082     |
|    value_loss           | 3.09      |
---------------------------------------
---------------------------------------
| rollout/                |           |
|    ep_len_mean          | 1e+03     |
|    ep_rew_mean          | 751       |
| time/                   |           |
|    fps                  | 439       |
|    iterations           | 457       |
|    time_elapsed         | 532       |
|    total_timesteps      | 233984    |
| train/                  |           |
|    approx_kl            | 16.544157 |
|    clip_fraction        | 0.843     |
|    clip_range           | 0.2       |
|    entropy_loss         | 6.72      |
|    explained_variance   | 0.906     |
|    learning_rate        | 0.0003    |
|    loss                 | 1.38      |
|    n_updates            | 9120      |
|    policy_gradient_loss | -0.0988   |
|    std                  | 0.0814    |
|    value_loss           | 4.43      |
---------------------------------------
----------------------------------------
| rollout/                |            |
|    ep_len_mean          | 1e+03      |
|    ep_rew_mean          | 753        |
| time/                   |            |
|    fps                  | 439        |
|    iterations           | 458        |
|    time_elapsed         | 533        |
|    total_timesteps      | 234496     |
| train/                  |            |
|    approx_kl            | 0.55575603 |
|    clip_fraction        | 0.802      |
|    clip_range           | 0.2        |
|    entropy_loss         | 6.75       |
|    explained_variance   | 0.39       |
|    learning_rate        | 0.0003     |
|    loss                 | 1.89       |
|    n_updates            | 9140       |
|    policy_gradient_loss | -0.0361    |
|    std                  | 0.081      |
|    value_loss           | 4.38       |
----------------------------------------
---------------------------------------
| rollout/                |           |
|    ep_len_mean          | 1e+03     |
|    ep_rew_mean          | 752       |
| time/                   |           |
|    fps                  | 439       |
|    iterations           | 459       |
|    time_elapsed         | 534       |
|    total_timesteps      | 235008    |
| train/                  |           |
|    approx_kl            | 0.5929873 |
|    clip_fraction        | 0.797     |
|    clip_range           | 0.2       |
|    entropy_loss         | 6.8       |
|    explained_variance   | 0.915     |
|    learning_rate        | 0.0003    |
|    loss                 | 2.15      |
|    n_updates            | 9160      |
|    policy_gradient_loss | -0.104    |
|    std                  | 0.0799    |
|    value_loss           | 6.9       |
---------------------------------------
---------------------------------------
| rollout/                |           |
|    ep_len_mean          | 1e+03     |
|    ep_rew_mean          | 752       |
| time/                   |           |
|    fps                  | 439       |
|    iterations           | 460       |
|    time_elapsed         | 535       |
|    total_timesteps      | 235520    |
| train/                  |           |
|    approx_kl            | 0.8911214 |
|    clip_fraction        | 0.796     |
|    clip_range           | 0.2       |
|    entropy_loss         | 6.84      |
|    explained_variance   | 0.823     |
|    learning_rate        | 0.0003    |
|    loss                 | 1.38      |
|    n_updates            | 9180      |
|    policy_gradient_loss | -0.0621   |
|    std                  | 0.08      |
|    value_loss           | 3.76      |
---------------------------------------
----------------------------------------
| rollout/                |            |
|    ep_len_mean          | 1e+03      |
|    ep_rew_mean          | 752        |
| time/                   |            |
|    fps                  | 439        |
|    iterations           | 461        |
|    time_elapsed         | 536        |
|    total_timesteps      | 236032     |
| train/                  |            |
|    approx_kl            | 0.77979326 |
|    clip_fraction        | 0.809      |
|    clip_range           | 0.2        |
|    entropy_loss         | 6.86       |
|    explained_variance   | 0.891      |
|    learning_rate        | 0.0003     |
|    loss                 | 1.94       |
|    n_updates            | 9200       |
|    policy_gradient_loss | -0.0992    |
|    std                  | 0.0795     |
|    value_loss           | 7.53       |
----------------------------------------
---------------------------------------
| rollout/                |           |
|    ep_len_mean          | 1e+03     |
|    ep_rew_mean          | 752       |
| time/                   |           |
|    fps                  | 439       |
|    iterations           | 462       |
|    time_elapsed         | 538       |
|    total_timesteps      | 236544    |
| train/                  |           |
|    approx_kl            | 0.4729709 |
|    clip_fraction        | 0.761     |
|    clip_range           | 0.2       |
|    entropy_loss         | 6.87      |
|    explained_variance   | 0.845     |
|    learning_rate        | 0.0003    |
|    loss                 | 2.19      |
|    n_updates            | 9220      |
|    policy_gradient_loss | -0.0749   |
|    std                  | 0.0794    |
|    value_loss           | 6.17      |
---------------------------------------
----------------------------------------
| rollout/                |            |
|    ep_len_mean          | 1e+03      |
|    ep_rew_mean          | 753        |
| time/                   |            |
|    fps                  | 439        |
|    iterations           | 463        |
|    time_elapsed         | 539        |
|    total_timesteps      | 237056     |
| train/                  |            |
|    approx_kl            | 0.63240707 |
|    clip_fraction        | 0.825      |
|    clip_range           | 0.2        |
|    entropy_loss         | 6.91       |
|    explained_variance   | 0.629      |
|    learning_rate        | 0.0003     |
|    loss                 | 2.21       |
|    n_updates            | 9240       |
|    policy_gradient_loss | -0.108     |
|    std                  | 0.0787     |
|    value_loss           | 5.32       |
----------------------------------------
----------------------------------------
| rollout/                |            |
|    ep_len_mean          | 1e+03      |
|    ep_rew_mean          | 753        |
| time/                   |            |
|    fps                  | 439        |
|    iterations           | 464        |
|    time_elapsed         | 540        |
|    total_timesteps      | 237568     |
| train/                  |            |
|    approx_kl            | 0.26446706 |
|    clip_fraction        | 0.714      |
|    clip_range           | 0.2        |
|    entropy_loss         | 6.94       |
|    explained_variance   | 0.937      |
|    learning_rate        | 0.0003     |
|    loss                 | 2.72       |
|    n_updates            | 9260       |
|    policy_gradient_loss | -0.0671    |
|    std                  | 0.0785     |
|    value_loss           | 7.85       |
----------------------------------------
---------------------------------------
| rollout/                |           |
|    ep_len_mean          | 1e+03     |
|    ep_rew_mean          | 753       |
| time/                   |           |
|    fps                  | 439       |
|    iterations           | 465       |
|    time_elapsed         | 541       |
|    total_timesteps      | 238080    |
| train/                  |           |
|    approx_kl            | 1.2049463 |
|    clip_fraction        | 0.811     |
|    clip_range           | 0.2       |
|    entropy_loss         | 7         |
|    explained_variance   | 0.401     |
|    learning_rate        | 0.0003    |
|    loss                 | 1.88      |
|    n_updates            | 9280      |
|    policy_gradient_loss | -0.0827   |
|    std                  | 0.0772    |
|    value_loss           | 7.68      |
---------------------------------------
----------------------------------------
| rollout/                |            |
|    ep_len_mean          | 1e+03      |
|    ep_rew_mean          | 753        |
| time/                   |            |
|    fps                  | 439        |
|    iterations           | 466        |
|    time_elapsed         | 542        |
|    total_timesteps      | 238592     |
| train/                  |            |
|    approx_kl            | 0.40791893 |
|    clip_fraction        | 0.725      |
|    clip_range           | 0.2        |
|    entropy_loss         | 7.07       |
|    explained_variance   | 0.55       |
|    learning_rate        | 0.0003     |
|    loss                 | 2.34       |
|    n_updates            | 9300       |
|    policy_gradient_loss | -0.068     |
|    std                  | 0.0768     |
|    value_loss           | 10.4       |
----------------------------------------
----------------------------------------
| rollout/                |            |
|    ep_len_mean          | 1e+03      |
|    ep_rew_mean          | 753        |
| time/                   |            |
|    fps                  | 439        |
|    iterations           | 467        |
|    time_elapsed         | 543        |
|    total_timesteps      | 239104     |
| train/                  |            |
|    approx_kl            | 0.72905517 |
|    clip_fraction        | 0.773      |
|    clip_range           | 0.2        |
|    entropy_loss         | 7.1        |
|    explained_variance   | 0.671      |
|    learning_rate        | 0.0003     |
|    loss                 | 2.31       |
|    n_updates            | 9320       |
|    policy_gradient_loss | -0.0885    |
|    std                  | 0.0764     |
|    value_loss           | 8.93       |
----------------------------------------
----------------------------------------
| rollout/                |            |
|    ep_len_mean          | 1e+03      |
|    ep_rew_mean          | 753        |
| time/                   |            |
|    fps                  | 439        |
|    iterations           | 468        |
|    time_elapsed         | 544        |
|    total_timesteps      | 239616     |
| train/                  |            |
|    approx_kl            | 0.57182884 |
|    clip_fraction        | 0.773      |
|    clip_range           | 0.2        |
|    entropy_loss         | 7.14       |
|    explained_variance   | 0.947      |
|    learning_rate        | 0.0003     |
|    loss                 | 3.17       |
|    n_updates            | 9340       |
|    policy_gradient_loss | -0.0939    |
|    std                  | 0.0758     |
|    value_loss           | 6.44       |
----------------------------------------
--------------------------------------
| rollout/                |          |
|    ep_len_mean          | 1e+03    |
|    ep_rew_mean          | 753      |
| time/                   |          |
|    fps                  | 439      |
|    iterations           | 469      |
|    time_elapsed         | 545      |
|    total_timesteps      | 240128   |
| train/                  |          |
|    approx_kl            | 1.187183 |
|    clip_fraction        | 0.876    |
|    clip_range           | 0.2      |
|    entropy_loss         | 7.17     |
|    explained_variance   | 0.8      |
|    learning_rate        | 0.0003   |
|    loss                 | 1.68     |
|    n_updates            | 9360     |
|    policy_gradient_loss | -0.0831  |
|    std                  | 0.0755   |
|    value_loss           | 4.14     |
--------------------------------------
---------------------------------------
| rollout/                |           |
|    ep_len_mean          | 1e+03     |
|    ep_rew_mean          | 753       |
| time/                   |           |
|    fps                  | 440       |
|    iterations           | 470       |
|    time_elapsed         | 546       |
|    total_timesteps      | 240640    |
| train/                  |           |
|    approx_kl            | 1.0038431 |
|    clip_fraction        | 0.764     |
|    clip_range           | 0.2       |
|    entropy_loss         | 7.19      |
|    explained_variance   | 0.948     |
|    learning_rate        | 0.0003    |
|    loss                 | 1.69      |
|    n_updates            | 9380      |
|    policy_gradient_loss | -0.0844   |
|    std                  | 0.0752    |
|    value_loss           | 5.18      |
---------------------------------------
---------------------------------------
| rollout/                |           |
|    ep_len_mean          | 1e+03     |
|    ep_rew_mean          | 752       |
| time/                   |           |
|    fps                  | 440       |
|    iterations           | 471       |
|    time_elapsed         | 548       |
|    total_timesteps      | 241152    |
| train/                  |           |
|    approx_kl            | 2.1711278 |
|    clip_fraction        | 0.861     |
|    clip_range           | 0.2       |
|    entropy_loss         | 7.2       |
|    explained_variance   | -0.409    |
|    learning_rate        | 0.0003    |
|    loss                 | 0.835     |
|    n_updates            | 9400      |
|    policy_gradient_loss | -0.0429   |
|    std                  | 0.0752    |
|    value_loss           | 3.46      |
---------------------------------------
---------------------------------------
| rollout/                |           |
|    ep_len_mean          | 1e+03     |
|    ep_rew_mean          | 752       |
| time/                   |           |
|    fps                  | 440       |
|    iterations           | 472       |
|    time_elapsed         | 549       |
|    total_timesteps      | 241664    |
| train/                  |           |
|    approx_kl            | 1.1695431 |
|    clip_fraction        | 0.785     |
|    clip_range           | 0.2       |
|    entropy_loss         | 7.24      |
|    explained_variance   | -0.701    |
|    learning_rate        | 0.0003    |
|    loss                 | 1.24      |
|    n_updates            | 9420      |
|    policy_gradient_loss | -0.0623   |
|    std                  | 0.0745    |
|    value_loss           | 5.1       |
---------------------------------------
---------------------------------------
| rollout/                |           |
|    ep_len_mean          | 1e+03     |
|    ep_rew_mean          | 754       |
| time/                   |           |
|    fps                  | 440       |
|    iterations           | 473       |
|    time_elapsed         | 550       |
|    total_timesteps      | 242176    |
| train/                  |           |
|    approx_kl            | 1.0790799 |
|    clip_fraction        | 0.813     |
|    clip_range           | 0.2       |
|    entropy_loss         | 7.28      |
|    explained_variance   | 0.731     |
|    learning_rate        | 0.0003    |
|    loss                 | 1.91      |
|    n_updates            | 9440      |
|    policy_gradient_loss | -0.0982   |
|    std                  | 0.0744    |
|    value_loss           | 5.42      |
---------------------------------------
----------------------------------------
| rollout/                |            |
|    ep_len_mean          | 1e+03      |
|    ep_rew_mean          | 754        |
| time/                   |            |
|    fps                  | 440        |
|    iterations           | 474        |
|    time_elapsed         | 551        |
|    total_timesteps      | 242688     |
| train/                  |            |
|    approx_kl            | 0.60456663 |
|    clip_fraction        | 0.816      |
|    clip_range           | 0.2        |
|    entropy_loss         | 7.31       |
|    explained_variance   | 0.861      |
|    learning_rate        | 0.0003     |
|    loss                 | 0.857      |
|    n_updates            | 9460       |
|    policy_gradient_loss | -0.0843    |
|    std                  | 0.0738     |
|    value_loss           | 3.98       |
----------------------------------------
----------------------------------------
| rollout/                |            |
|    ep_len_mean          | 1e+03      |
|    ep_rew_mean          | 755        |
| time/                   |            |
|    fps                  | 440        |
|    iterations           | 475        |
|    time_elapsed         | 552        |
|    total_timesteps      | 243200     |
| train/                  |            |
|    approx_kl            | 0.41332313 |
|    clip_fraction        | 0.755      |
|    clip_range           | 0.2        |
|    entropy_loss         | 7.32       |
|    explained_variance   | 0.593      |
|    learning_rate        | 0.0003     |
|    loss                 | 2.37       |
|    n_updates            | 9480       |
|    policy_gradient_loss | -0.0919    |
|    std                  | 0.0739     |
|    value_loss           | 7.01       |
----------------------------------------
----------------------------------------
| rollout/                |            |
|    ep_len_mean          | 1e+03      |
|    ep_rew_mean          | 755        |
| time/                   |            |
|    fps                  | 440        |
|    iterations           | 476        |
|    time_elapsed         | 553        |
|    total_timesteps      | 243712     |
| train/                  |            |
|    approx_kl            | 0.91747975 |
|    clip_fraction        | 0.815      |
|    clip_range           | 0.2        |
|    entropy_loss         | 7.35       |
|    explained_variance   | 0.935      |
|    learning_rate        | 0.0003     |
|    loss                 | 0.976      |
|    n_updates            | 9500       |
|    policy_gradient_loss | -0.0799    |
|    std                  | 0.0733     |
|    value_loss           | 4.61       |
----------------------------------------
----------------------------------------
| rollout/                |            |
|    ep_len_mean          | 1e+03      |
|    ep_rew_mean          | 756        |
| time/                   |            |
|    fps                  | 440        |
|    iterations           | 477        |
|    time_elapsed         | 554        |
|    total_timesteps      | 244224     |
| train/                  |            |
|    approx_kl            | 0.68089557 |
|    clip_fraction        | 0.839      |
|    clip_range           | 0.2        |
|    entropy_loss         | 7.38       |
|    explained_variance   | 0.813      |
|    learning_rate        | 0.0003     |
|    loss                 | 2.59       |
|    n_updates            | 9520       |
|    policy_gradient_loss | -0.0811    |
|    std                  | 0.0732     |
|    value_loss           | 5.12       |
----------------------------------------
---------------------------------------
| rollout/                |           |
|    ep_len_mean          | 1e+03     |
|    ep_rew_mean          | 756       |
| time/                   |           |
|    fps                  | 440       |
|    iterations           | 478       |
|    time_elapsed         | 555       |
|    total_timesteps      | 244736    |
| train/                  |           |
|    approx_kl            | 0.5540746 |
|    clip_fraction        | 0.778     |
|    clip_range           | 0.2       |
|    entropy_loss         | 7.38      |
|    explained_variance   | 0.941     |
|    learning_rate        | 0.0003    |
|    loss                 | 1.5       |
|    n_updates            | 9540      |
|    policy_gradient_loss | -0.101    |
|    std                  | 0.0731    |
|    value_loss           | 6.06      |
---------------------------------------
----------------------------------------
| rollout/                |            |
|    ep_len_mean          | 1e+03      |
|    ep_rew_mean          | 756        |
| time/                   |            |
|    fps                  | 440        |
|    iterations           | 479        |
|    time_elapsed         | 556        |
|    total_timesteps      | 245248     |
| train/                  |            |
|    approx_kl            | 0.47696072 |
|    clip_fraction        | 0.784      |
|    clip_range           | 0.2        |
|    entropy_loss         | 7.39       |
|    explained_variance   | 0.818      |
|    learning_rate        | 0.0003     |
|    loss                 | 3.76       |
|    n_updates            | 9560       |
|    policy_gradient_loss | -0.0931    |
|    std                  | 0.073      |
|    value_loss           | 7.53       |
----------------------------------------
---------------------------------------
| rollout/                |           |
|    ep_len_mean          | 1e+03     |
|    ep_rew_mean          | 756       |
| time/                   |           |
|    fps                  | 440       |
|    iterations           | 480       |
|    time_elapsed         | 558       |
|    total_timesteps      | 245760    |
| train/                  |           |
|    approx_kl            | 0.6080953 |
|    clip_fraction        | 0.741     |
|    clip_range           | 0.2       |
|    entropy_loss         | 7.41      |
|    explained_variance   | 0.936     |
|    learning_rate        | 0.0003    |
|    loss                 | 2.39      |
|    n_updates            | 9580      |
|    policy_gradient_loss | -0.0872   |
|    std                  | 0.0727    |
|    value_loss           | 9.12      |
---------------------------------------
----------------------------------------
| rollout/                |            |
|    ep_len_mean          | 1e+03      |
|    ep_rew_mean          | 754        |
| time/                   |            |
|    fps                  | 440        |
|    iterations           | 481        |
|    time_elapsed         | 559        |
|    total_timesteps      | 246272     |
| train/                  |            |
|    approx_kl            | 0.82692695 |
|    clip_fraction        | 0.814      |
|    clip_range           | 0.2        |
|    entropy_loss         | 7.42       |
|    explained_variance   | 0.832      |
|    learning_rate        | 0.0003     |
|    loss                 | 1.92       |
|    n_updates            | 9600       |
|    policy_gradient_loss | -0.0885    |
|    std                  | 0.0726     |
|    value_loss           | 5.31       |
----------------------------------------
---------------------------------------
| rollout/                |           |
|    ep_len_mean          | 1e+03     |
|    ep_rew_mean          | 754       |
| time/                   |           |
|    fps                  | 440       |
|    iterations           | 482       |
|    time_elapsed         | 560       |
|    total_timesteps      | 246784    |
| train/                  |           |
|    approx_kl            | 0.6359365 |
|    clip_fraction        | 0.819     |
|    clip_range           | 0.2       |
|    entropy_loss         | 7.44      |
|    explained_variance   | 0.94      |
|    learning_rate        | 0.0003    |
|    loss                 | 1.81      |
|    n_updates            | 9620      |
|    policy_gradient_loss | -0.0939   |
|    std                  | 0.0724    |
|    value_loss           | 7.01      |
---------------------------------------
----------------------------------------
| rollout/                |            |
|    ep_len_mean          | 1e+03      |
|    ep_rew_mean          | 755        |
| time/                   |            |
|    fps                  | 440        |
|    iterations           | 483        |
|    time_elapsed         | 561        |
|    total_timesteps      | 247296     |
| train/                  |            |
|    approx_kl            | 0.50538516 |
|    clip_fraction        | 0.802      |
|    clip_range           | 0.2        |
|    entropy_loss         | 7.47       |
|    explained_variance   | 0.742      |
|    learning_rate        | 0.0003     |
|    loss                 | 2.24       |
|    n_updates            | 9640       |
|    policy_gradient_loss | -0.0986    |
|    std                  | 0.0721     |
|    value_loss           | 6.24       |
----------------------------------------
---------------------------------------
| rollout/                |           |
|    ep_len_mean          | 1e+03     |
|    ep_rew_mean          | 755       |
| time/                   |           |
|    fps                  | 440       |
|    iterations           | 484       |
|    time_elapsed         | 562       |
|    total_timesteps      | 247808    |
| train/                  |           |
|    approx_kl            | 0.6030505 |
|    clip_fraction        | 0.76      |
|    clip_range           | 0.2       |
|    entropy_loss         | 7.5       |
|    explained_variance   | 0.949     |
|    learning_rate        | 0.0003    |
|    loss                 | 1.38      |
|    n_updates            | 9660      |
|    policy_gradient_loss | -0.0984   |
|    std                  | 0.0715    |
|    value_loss           | 6.84      |
---------------------------------------
----------------------------------------
| rollout/                |            |
|    ep_len_mean          | 1e+03      |
|    ep_rew_mean          | 753        |
| time/                   |            |
|    fps                  | 440        |
|    iterations           | 485        |
|    time_elapsed         | 563        |
|    total_timesteps      | 248320     |
| train/                  |            |
|    approx_kl            | 0.81938446 |
|    clip_fraction        | 0.838      |
|    clip_range           | 0.2        |
|    entropy_loss         | 7.54       |
|    explained_variance   | 0.785      |
|    learning_rate        | 0.0003     |
|    loss                 | 2.15       |
|    n_updates            | 9680       |
|    policy_gradient_loss | -0.0699    |
|    std                  | 0.0712     |
|    value_loss           | 4.36       |
----------------------------------------
---------------------------------------
| rollout/                |           |
|    ep_len_mean          | 1e+03     |
|    ep_rew_mean          | 753       |
| time/                   |           |
|    fps                  | 440       |
|    iterations           | 486       |
|    time_elapsed         | 564       |
|    total_timesteps      | 248832    |
| train/                  |           |
|    approx_kl            | 1.6044763 |
|    clip_fraction        | 0.83      |
|    clip_range           | 0.2       |
|    entropy_loss         | 7.55      |
|    explained_variance   | 0.944     |
|    learning_rate        | 0.0003    |
|    loss                 | 1.07      |
|    n_updates            | 9700      |
|    policy_gradient_loss | -0.0957   |
|    std                  | 0.0711    |
|    value_loss           | 6.33      |
---------------------------------------
--------------------------------------
| rollout/                |          |
|    ep_len_mean          | 1e+03    |
|    ep_rew_mean          | 756      |
| time/                   |          |
|    fps                  | 440      |
|    iterations           | 487      |
|    time_elapsed         | 565      |
|    total_timesteps      | 249344   |
| train/                  |          |
|    approx_kl            | 1.047597 |
|    clip_fraction        | 0.845    |
|    clip_range           | 0.2      |
|    entropy_loss         | 7.6      |
|    explained_variance   | 0.72     |
|    learning_rate        | 0.0003   |
|    loss                 | 1.31     |
|    n_updates            | 9720     |
|    policy_gradient_loss | -0.0654  |
|    std                  | 0.0701   |
|    value_loss           | 4.22     |
--------------------------------------
---------------------------------------
| rollout/                |           |
|    ep_len_mean          | 1e+03     |
|    ep_rew_mean          | 756       |
| time/                   |           |
|    fps                  | 440       |
|    iterations           | 488       |
|    time_elapsed         | 566       |
|    total_timesteps      | 249856    |
| train/                  |           |
|    approx_kl            | 1.0028787 |
|    clip_fraction        | 0.817     |
|    clip_range           | 0.2       |
|    entropy_loss         | 7.67      |
|    explained_variance   | 0.919     |
|    learning_rate        | 0.0003    |
|    loss                 | 1.4       |
|    n_updates            | 9740      |
|    policy_gradient_loss | -0.0906   |
|    std                  | 0.0694    |
|    value_loss           | 4.53      |
---------------------------------------
---------------------------------------
| rollout/                |           |
|    ep_len_mean          | 1e+03     |
|    ep_rew_mean          | 757       |
| time/                   |           |
|    fps                  | 440       |
|    iterations           | 489       |
|    time_elapsed         | 568       |
|    total_timesteps      | 250368    |
| train/                  |           |
|    approx_kl            | 0.5578095 |
|    clip_fraction        | 0.824     |
|    clip_range           | 0.2       |
|    entropy_loss         | 7.7       |
|    explained_variance   | 0.635     |
|    learning_rate        | 0.0003    |
|    loss                 | 1.97      |
|    n_updates            | 9760      |
|    policy_gradient_loss | -0.0457   |
|    std                  | 0.0693    |
|    value_loss           | 4.51      |
---------------------------------------
---------------------------------------
| rollout/                |           |
|    ep_len_mean          | 1e+03     |
|    ep_rew_mean          | 757       |
| time/                   |           |
|    fps                  | 440       |
|    iterations           | 490       |
|    time_elapsed         | 569       |
|    total_timesteps      | 250880    |
| train/                  |           |
|    approx_kl            | 0.7341192 |
|    clip_fraction        | 0.777     |
|    clip_range           | 0.2       |
|    entropy_loss         | 7.72      |
|    explained_variance   | 0.914     |
|    learning_rate        | 0.0003    |
|    loss                 | 2.48      |
|    n_updates            | 9780      |
|    policy_gradient_loss | -0.103    |
|    std                  | 0.0688    |
|    value_loss           | 9.85      |
---------------------------------------
---------------------------------------
| rollout/                |           |
|    ep_len_mean          | 1e+03     |
|    ep_rew_mean          | 755       |
| time/                   |           |
|    fps                  | 440       |
|    iterations           | 491       |
|    time_elapsed         | 570       |
|    total_timesteps      | 251392    |
| train/                  |           |
|    approx_kl            | 1.4318705 |
|    clip_fraction        | 0.861     |
|    clip_range           | 0.2       |
|    entropy_loss         | 7.73      |
|    explained_variance   | 0.83      |
|    learning_rate        | 0.0003    |
|    loss                 | 0.984     |
|    n_updates            | 9800      |
|    policy_gradient_loss | -0.0674   |
|    std                  | 0.069     |
|    value_loss           | 3.17      |
---------------------------------------
---------------------------------------
| rollout/                |           |
|    ep_len_mean          | 1e+03     |
|    ep_rew_mean          | 755       |
| time/                   |           |
|    fps                  | 440       |
|    iterations           | 492       |
|    time_elapsed         | 571       |
|    total_timesteps      | 251904    |
| train/                  |           |
|    approx_kl            | 1.0052202 |
|    clip_fraction        | 0.825     |
|    clip_range           | 0.2       |
|    entropy_loss         | 7.74      |
|    explained_variance   | 0.725     |
|    learning_rate        | 0.0003    |
|    loss                 | 1.18      |
|    n_updates            | 9820      |
|    policy_gradient_loss | -0.0897   |
|    std                  | 0.0689    |
|    value_loss           | 8.48      |
---------------------------------------
----------------------------------------
| rollout/                |            |
|    ep_len_mean          | 1e+03      |
|    ep_rew_mean          | 756        |
| time/                   |            |
|    fps                  | 440        |
|    iterations           | 493        |
|    time_elapsed         | 572        |
|    total_timesteps      | 252416     |
| train/                  |            |
|    approx_kl            | 0.83851457 |
|    clip_fraction        | 0.851      |
|    clip_range           | 0.2        |
|    entropy_loss         | 7.71       |
|    explained_variance   | 0.443      |
|    learning_rate        | 0.0003     |
|    loss                 | 2          |
|    n_updates            | 9840       |
|    policy_gradient_loss | -0.022     |
|    std                  | 0.0693     |
|    value_loss           | 4.4        |
----------------------------------------
---------------------------------------
| rollout/                |           |
|    ep_len_mean          | 1e+03     |
|    ep_rew_mean          | 756       |
| time/                   |           |
|    fps                  | 440       |
|    iterations           | 494       |
|    time_elapsed         | 573       |
|    total_timesteps      | 252928    |
| train/                  |           |
|    approx_kl            | 0.8561739 |
|    clip_fraction        | 0.846     |
|    clip_range           | 0.2       |
|    entropy_loss         | 7.72      |
|    explained_variance   | 0.935     |
|    learning_rate        | 0.0003    |
|    loss                 | 1.73      |
|    n_updates            | 9860      |
|    policy_gradient_loss | -0.0957   |
|    std                  | 0.0692    |
|    value_loss           | 5.65      |
---------------------------------------
---------------------------------------
| rollout/                |           |
|    ep_len_mean          | 1e+03     |
|    ep_rew_mean          | 755       |
| time/                   |           |
|    fps                  | 440       |
|    iterations           | 495       |
|    time_elapsed         | 574       |
|    total_timesteps      | 253440    |
| train/                  |           |
|    approx_kl            | 0.9243978 |
|    clip_fraction        | 0.846     |
|    clip_range           | 0.2       |
|    entropy_loss         | 7.73      |
|    explained_variance   | 0.665     |
|    learning_rate        | 0.0003    |
|    loss                 | 1.52      |
|    n_updates            | 9880      |
|    policy_gradient_loss | -0.0335   |
|    std                  | 0.069     |
|    value_loss           | 3.72      |
---------------------------------------
----------------------------------------
| rollout/                |            |
|    ep_len_mean          | 1e+03      |
|    ep_rew_mean          | 755        |
| time/                   |            |
|    fps                  | 440        |
|    iterations           | 496        |
|    time_elapsed         | 575        |
|    total_timesteps      | 253952     |
| train/                  |            |
|    approx_kl            | 0.95316887 |
|    clip_fraction        | 0.841      |
|    clip_range           | 0.2        |
|    entropy_loss         | 7.76       |
|    explained_variance   | 0.926      |
|    learning_rate        | 0.0003     |
|    loss                 | 2.05       |
|    n_updates            | 9900       |
|    policy_gradient_loss | -0.0884    |
|    std                  | 0.0685     |
|    value_loss           | 5.47       |
----------------------------------------
----------------------------------------
| rollout/                |            |
|    ep_len_mean          | 1e+03      |
|    ep_rew_mean          | 759        |
| time/                   |            |
|    fps                  | 441        |
|    iterations           | 497        |
|    time_elapsed         | 576        |
|    total_timesteps      | 254464     |
| train/                  |            |
|    approx_kl            | 0.87332696 |
|    clip_fraction        | 0.82       |
|    clip_range           | 0.2        |
|    entropy_loss         | 7.77       |
|    explained_variance   | 0.516      |
|    learning_rate        | 0.0003     |
|    loss                 | 1.66       |
|    n_updates            | 9920       |
|    policy_gradient_loss | -0.0352    |
|    std                  | 0.0684     |
|    value_loss           | 3.62       |
----------------------------------------
---------------------------------------
| rollout/                |           |
|    ep_len_mean          | 1e+03     |
|    ep_rew_mean          | 759       |
| time/                   |           |
|    fps                  | 441       |
|    iterations           | 498       |
|    time_elapsed         | 578       |
|    total_timesteps      | 254976    |
| train/                  |           |
|    approx_kl            | 0.7132393 |
|    clip_fraction        | 0.808     |
|    clip_range           | 0.2       |
|    entropy_loss         | 7.8       |
|    explained_variance   | 0.926     |
|    learning_rate        | 0.0003    |
|    loss                 | 1.95      |
|    n_updates            | 9940      |
|    policy_gradient_loss | -0.0984   |
|    std                  | 0.068     |
|    value_loss           | 7.25      |
---------------------------------------
---------------------------------------
| rollout/                |           |
|    ep_len_mean          | 1e+03     |
|    ep_rew_mean          | 759       |
| time/                   |           |
|    fps                  | 441       |
|    iterations           | 499       |
|    time_elapsed         | 579       |
|    total_timesteps      | 255488    |
| train/                  |           |
|    approx_kl            | 0.9355134 |
|    clip_fraction        | 0.857     |
|    clip_range           | 0.2       |
|    entropy_loss         | 7.81      |
|    explained_variance   | 0.378     |
|    learning_rate        | 0.0003    |
|    loss                 | 1.94      |
|    n_updates            | 9960      |
|    policy_gradient_loss | -0.0164   |
|    std                  | 0.0681    |
|    value_loss           | 5.14      |
---------------------------------------
---------------------------------------
| rollout/                |           |
|    ep_len_mean          | 1e+03     |
|    ep_rew_mean          | 759       |
| time/                   |           |
|    fps                  | 441       |
|    iterations           | 500       |
|    time_elapsed         | 580       |
|    total_timesteps      | 256000    |
| train/                  |           |
|    approx_kl            | 1.4503013 |
|    clip_fraction        | 0.85      |
|    clip_range           | 0.2       |
|    entropy_loss         | 7.82      |
|    explained_variance   | 0.89      |
|    learning_rate        | 0.0003    |
|    loss                 | 2.04      |
|    n_updates            | 9980      |
|    policy_gradient_loss | -0.0975   |
|    std                  | 0.0676    |
|    value_loss           | 5.33      |
---------------------------------------
---------------------------------------
| rollout/                |           |
|    ep_len_mean          | 1e+03     |
|    ep_rew_mean          | 759       |
| time/                   |           |
|    fps                  | 441       |
|    iterations           | 501       |
|    time_elapsed         | 581       |
|    total_timesteps      | 256512    |
| train/                  |           |
|    approx_kl            | 0.7195263 |
|    clip_fraction        | 0.819     |
|    clip_range           | 0.2       |
|    entropy_loss         | 7.84      |
|    explained_variance   | 0.386     |
|    learning_rate        | 0.0003    |
|    loss                 | 1.11      |
|    n_updates            | 10000     |
|    policy_gradient_loss | -0.0471   |
|    std                  | 0.0676    |
|    value_loss           | 3.35      |
---------------------------------------
---------------------------------------
| rollout/                |           |
|    ep_len_mean          | 1e+03     |
|    ep_rew_mean          | 759       |
| time/                   |           |
|    fps                  | 441       |
|    iterations           | 502       |
|    time_elapsed         | 582       |
|    total_timesteps      | 257024    |
| train/                  |           |
|    approx_kl            | 0.6857739 |
|    clip_fraction        | 0.818     |
|    clip_range           | 0.2       |
|    entropy_loss         | 7.87      |
|    explained_variance   | 0.912     |
|    learning_rate        | 0.0003    |
|    loss                 | 1.86      |
|    n_updates            | 10020     |
|    policy_gradient_loss | -0.1      |
|    std                  | 0.0672    |
|    value_loss           | 7.46      |
---------------------------------------
---------------------------------------
| rollout/                |           |
|    ep_len_mean          | 1e+03     |
|    ep_rew_mean          | 759       |
| time/                   |           |
|    fps                  | 441       |
|    iterations           | 503       |
|    time_elapsed         | 583       |
|    total_timesteps      | 257536    |
| train/                  |           |
|    approx_kl            | 1.2608621 |
|    clip_fraction        | 0.839     |
|    clip_range           | 0.2       |
|    entropy_loss         | 7.9       |
|    explained_variance   | 0.782     |
|    learning_rate        | 0.0003    |
|    loss                 | 1.91      |
|    n_updates            | 10040     |
|    policy_gradient_loss | -0.0349   |
|    std                  | 0.0668    |
|    value_loss           | 4.48      |
---------------------------------------
---------------------------------------
| rollout/                |           |
|    ep_len_mean          | 1e+03     |
|    ep_rew_mean          | 759       |
| time/                   |           |
|    fps                  | 441       |
|    iterations           | 504       |
|    time_elapsed         | 584       |
|    total_timesteps      | 258048    |
| train/                  |           |
|    approx_kl            | 1.1672364 |
|    clip_fraction        | 0.86      |
|    clip_range           | 0.2       |
|    entropy_loss         | 7.94      |
|    explained_variance   | 0.845     |
|    learning_rate        | 0.0003    |
|    loss                 | 1.39      |
|    n_updates            | 10060     |
|    policy_gradient_loss | -0.0817   |
|    std                  | 0.0663    |
|    value_loss           | 4.79      |
---------------------------------------
---------------------------------------
| rollout/                |           |
|    ep_len_mean          | 1e+03     |
|    ep_rew_mean          | 759       |
| time/                   |           |
|    fps                  | 441       |
|    iterations           | 505       |
|    time_elapsed         | 585       |
|    total_timesteps      | 258560    |
| train/                  |           |
|    approx_kl            | 0.6158649 |
|    clip_fraction        | 0.775     |
|    clip_range           | 0.2       |
|    entropy_loss         | 7.99      |
|    explained_variance   | 0.933     |
|    learning_rate        | 0.0003    |
|    loss                 | 1.02      |
|    n_updates            | 10080     |
|    policy_gradient_loss | -0.0539   |
|    std                  | 0.0657    |
|    value_loss           | 4.23      |
---------------------------------------
----------------------------------------
| rollout/                |            |
|    ep_len_mean          | 1e+03      |
|    ep_rew_mean          | 760        |
| time/                   |            |
|    fps                  | 441        |
|    iterations           | 506        |
|    time_elapsed         | 587        |
|    total_timesteps      | 259072     |
| train/                  |            |
|    approx_kl            | 0.88762075 |
|    clip_fraction        | 0.848      |
|    clip_range           | 0.2        |
|    entropy_loss         | 8.03       |
|    explained_variance   | 0.848      |
|    learning_rate        | 0.0003     |
|    loss                 | 1.39       |
|    n_updates            | 10100      |
|    policy_gradient_loss | -0.0959    |
|    std                  | 0.0654     |
|    value_loss           | 7.14       |
----------------------------------------
----------------------------------------
| rollout/                |            |
|    ep_len_mean          | 1e+03      |
|    ep_rew_mean          | 760        |
| time/                   |            |
|    fps                  | 441        |
|    iterations           | 507        |
|    time_elapsed         | 588        |
|    total_timesteps      | 259584     |
| train/                  |            |
|    approx_kl            | 0.89716345 |
|    clip_fraction        | 0.835      |
|    clip_range           | 0.2        |
|    entropy_loss         | 8.07       |
|    explained_variance   | 0.961      |
|    learning_rate        | 0.0003     |
|    loss                 | 1.28       |
|    n_updates            | 10120      |
|    policy_gradient_loss | -0.06      |
|    std                  | 0.0648     |
|    value_loss           | 3.69       |
----------------------------------------
----------------------------------------
| rollout/                |            |
|    ep_len_mean          | 1e+03      |
|    ep_rew_mean          | 759        |
| time/                   |            |
|    fps                  | 441        |
|    iterations           | 508        |
|    time_elapsed         | 589        |
|    total_timesteps      | 260096     |
| train/                  |            |
|    approx_kl            | 0.89872414 |
|    clip_fraction        | 0.848      |
|    clip_range           | 0.2        |
|    entropy_loss         | 8.11       |
|    explained_variance   | 0.791      |
|    learning_rate        | 0.0003     |
|    loss                 | 2.05       |
|    n_updates            | 10140      |
|    policy_gradient_loss | -0.0932    |
|    std                  | 0.0644     |
|    value_loss           | 6.07       |
----------------------------------------
--------------------------------------
| rollout/                |          |
|    ep_len_mean          | 1e+03    |
|    ep_rew_mean          | 759      |
| time/                   |          |
|    fps                  | 441      |
|    iterations           | 509      |
|    time_elapsed         | 590      |
|    total_timesteps      | 260608   |
| train/                  |          |
|    approx_kl            | 1.140589 |
|    clip_fraction        | 0.823    |
|    clip_range           | 0.2      |
|    entropy_loss         | 8.14     |
|    explained_variance   | 0.945    |
|    learning_rate        | 0.0003   |
|    loss                 | 1.76     |
|    n_updates            | 10160    |
|    policy_gradient_loss | -0.051   |
|    std                  | 0.0643   |
|    value_loss           | 4.09     |
--------------------------------------
---------------------------------------
| rollout/                |           |
|    ep_len_mean          | 1e+03     |
|    ep_rew_mean          | 759       |
| time/                   |           |
|    fps                  | 441       |
|    iterations           | 510       |
|    time_elapsed         | 591       |
|    total_timesteps      | 261120    |
| train/                  |           |
|    approx_kl            | 1.2886423 |
|    clip_fraction        | 0.85      |
|    clip_range           | 0.2       |
|    entropy_loss         | 8.15      |
|    explained_variance   | 0.752     |
|    learning_rate        | 0.0003    |
|    loss                 | 2.19      |
|    n_updates            | 10180     |
|    policy_gradient_loss | -0.0622   |
|    std                  | 0.0641    |
|    value_loss           | 6.06      |
---------------------------------------
---------------------------------------
| rollout/                |           |
|    ep_len_mean          | 1e+03     |
|    ep_rew_mean          | 759       |
| time/                   |           |
|    fps                  | 441       |
|    iterations           | 511       |
|    time_elapsed         | 592       |
|    total_timesteps      | 261632    |
| train/                  |           |
|    approx_kl            | 1.6955501 |
|    clip_fraction        | 0.837     |
|    clip_range           | 0.2       |
|    entropy_loss         | 8.17      |
|    explained_variance   | 0.901     |
|    learning_rate        | 0.0003    |
|    loss                 | 1.43      |
|    n_updates            | 10200     |
|    policy_gradient_loss | -0.0709   |
|    std                  | 0.0639    |
|    value_loss           | 3.86      |
---------------------------------------
---------------------------------------
| rollout/                |           |
|    ep_len_mean          | 1e+03     |
|    ep_rew_mean          | 759       |
| time/                   |           |
|    fps                  | 441       |
|    iterations           | 512       |
|    time_elapsed         | 593       |
|    total_timesteps      | 262144    |
| train/                  |           |
|    approx_kl            | 1.0383347 |
|    clip_fraction        | 0.857     |
|    clip_range           | 0.2       |
|    entropy_loss         | 8.2       |
|    explained_variance   | 0.852     |
|    learning_rate        | 0.0003    |
|    loss                 | 1.79      |
|    n_updates            | 10220     |
|    policy_gradient_loss | -0.0671   |
|    std                  | 0.0635    |
|    value_loss           | 4.02      |
---------------------------------------
---------------------------------------
| rollout/                |           |
|    ep_len_mean          | 1e+03     |
|    ep_rew_mean          | 759       |
| time/                   |           |
|    fps                  | 441       |
|    iterations           | 513       |
|    time_elapsed         | 594       |
|    total_timesteps      | 262656    |
| train/                  |           |
|    approx_kl            | 0.8134188 |
|    clip_fraction        | 0.825     |
|    clip_range           | 0.2       |
|    entropy_loss         | 8.23      |
|    explained_variance   | 0.937     |
|    learning_rate        | 0.0003    |
|    loss                 | 1.12      |
|    n_updates            | 10240     |
|    policy_gradient_loss | -0.0841   |
|    std                  | 0.0634    |
|    value_loss           | 4.74      |
---------------------------------------
---------------------------------------
| rollout/                |           |
|    ep_len_mean          | 1e+03     |
|    ep_rew_mean          | 759       |
| time/                   |           |
|    fps                  | 441       |
|    iterations           | 514       |
|    time_elapsed         | 596       |
|    total_timesteps      | 263168    |
| train/                  |           |
|    approx_kl            | 1.0352867 |
|    clip_fraction        | 0.865     |
|    clip_range           | 0.2       |
|    entropy_loss         | 8.24      |
|    explained_variance   | 0.714     |
|    learning_rate        | 0.0003    |
|    loss                 | 1.37      |
|    n_updates            | 10260     |
|    policy_gradient_loss | -0.0632   |
|    std                  | 0.0633    |
|    value_loss           | 3.7       |
---------------------------------------
---------------------------------------
| rollout/                |           |
|    ep_len_mean          | 1e+03     |
|    ep_rew_mean          | 759       |
| time/                   |           |
|    fps                  | 441       |
|    iterations           | 515       |
|    time_elapsed         | 597       |
|    total_timesteps      | 263680    |
| train/                  |           |
|    approx_kl            | 2.0562382 |
|    clip_fraction        | 0.832     |
|    clip_range           | 0.2       |
|    entropy_loss         | 8.25      |
|    explained_variance   | 0.855     |
|    learning_rate        | 0.0003    |
|    loss                 | 1.51      |
|    n_updates            | 10280     |
|    policy_gradient_loss | -0.0816   |
|    std                  | 0.063     |
|    value_loss           | 4.61      |
---------------------------------------
---------------------------------------
| rollout/                |           |
|    ep_len_mean          | 1e+03     |
|    ep_rew_mean          | 760       |
| time/                   |           |
|    fps                  | 441       |
|    iterations           | 516       |
|    time_elapsed         | 598       |
|    total_timesteps      | 264192    |
| train/                  |           |
|    approx_kl            | 0.8278476 |
|    clip_fraction        | 0.83      |
|    clip_range           | 0.2       |
|    entropy_loss         | 8.26      |
|    explained_variance   | 0.288     |
|    learning_rate        | 0.0003    |
|    loss                 | 1.65      |
|    n_updates            | 10300     |
|    policy_gradient_loss | -0.07     |
|    std                  | 0.063     |
|    value_loss           | 4.42      |
---------------------------------------
---------------------------------------
| rollout/                |           |
|    ep_len_mean          | 1e+03     |
|    ep_rew_mean          | 760       |
| time/                   |           |
|    fps                  | 441       |
|    iterations           | 517       |
|    time_elapsed         | 599       |
|    total_timesteps      | 264704    |
| train/                  |           |
|    approx_kl            | 0.9564253 |
|    clip_fraction        | 0.821     |
|    clip_range           | 0.2       |
|    entropy_loss         | 8.27      |
|    explained_variance   | 0.886     |
|    learning_rate        | 0.0003    |
|    loss                 | 3.01      |
|    n_updates            | 10320     |
|    policy_gradient_loss | -0.0795   |
|    std                  | 0.0629    |
|    value_loss           | 4.84      |
---------------------------------------
---------------------------------------
| rollout/                |           |
|    ep_len_mean          | 1e+03     |
|    ep_rew_mean          | 761       |
| time/                   |           |
|    fps                  | 441       |
|    iterations           | 518       |
|    time_elapsed         | 600       |
|    total_timesteps      | 265216    |
| train/                  |           |
|    approx_kl            | 1.0076748 |
|    clip_fraction        | 0.846     |
|    clip_range           | 0.2       |
|    entropy_loss         | 8.29      |
|    explained_variance   | 0.692     |
|    learning_rate        | 0.0003    |
|    loss                 | 2.59      |
|    n_updates            | 10340     |
|    policy_gradient_loss | -0.0829   |
|    std                  | 0.0626    |
|    value_loss           | 3.94      |
---------------------------------------
----------------------------------------
| rollout/                |            |
|    ep_len_mean          | 1e+03      |
|    ep_rew_mean          | 761        |
| time/                   |            |
|    fps                  | 441        |
|    iterations           | 519        |
|    time_elapsed         | 601        |
|    total_timesteps      | 265728     |
| train/                  |            |
|    approx_kl            | 0.97425646 |
|    clip_fraction        | 0.827      |
|    clip_range           | 0.2        |
|    entropy_loss         | 8.31       |
|    explained_variance   | 0.903      |
|    learning_rate        | 0.0003     |
|    loss                 | 1.27       |
|    n_updates            | 10360      |
|    policy_gradient_loss | -0.0767    |
|    std                  | 0.0624     |
|    value_loss           | 4.11       |
----------------------------------------
----------------------------------------
| rollout/                |            |
|    ep_len_mean          | 1e+03      |
|    ep_rew_mean          | 761        |
| time/                   |            |
|    fps                  | 441        |
|    iterations           | 520        |
|    time_elapsed         | 602        |
|    total_timesteps      | 266240     |
| train/                  |            |
|    approx_kl            | 0.97601014 |
|    clip_fraction        | 0.855      |
|    clip_range           | 0.2        |
|    entropy_loss         | 8.3        |
|    explained_variance   | 0.524      |
|    learning_rate        | 0.0003     |
|    loss                 | 1.36       |
|    n_updates            | 10380      |
|    policy_gradient_loss | -0.0583    |
|    std                  | 0.0626     |
|    value_loss           | 3.76       |
----------------------------------------
---------------------------------------
| rollout/                |           |
|    ep_len_mean          | 1e+03     |
|    ep_rew_mean          | 761       |
| time/                   |           |
|    fps                  | 441       |
|    iterations           | 521       |
|    time_elapsed         | 603       |
|    total_timesteps      | 266752    |
| train/                  |           |
|    approx_kl            | 0.4806978 |
|    clip_fraction        | 0.781     |
|    clip_range           | 0.2       |
|    entropy_loss         | 8.29      |
|    explained_variance   | 0.666     |
|    learning_rate        | 0.0003    |
|    loss                 | 2.19      |
|    n_updates            | 10400     |
|    policy_gradient_loss | -0.0935   |
|    std                  | 0.0627    |
|    value_loss           | 9.65      |
---------------------------------------
---------------------------------------
| rollout/                |           |
|    ep_len_mean          | 1e+03     |
|    ep_rew_mean          | 762       |
| time/                   |           |
|    fps                  | 441       |
|    iterations           | 522       |
|    time_elapsed         | 604       |
|    total_timesteps      | 267264    |
| train/                  |           |
|    approx_kl            | 1.1799742 |
|    clip_fraction        | 0.855     |
|    clip_range           | 0.2       |
|    entropy_loss         | 8.3       |
|    explained_variance   | 0.513     |
|    learning_rate        | 0.0003    |
|    loss                 | 1.11      |
|    n_updates            | 10420     |
|    policy_gradient_loss | -0.0384   |
|    std                  | 0.0626    |
|    value_loss           | 3.55      |
---------------------------------------
----------------------------------------
| rollout/                |            |
|    ep_len_mean          | 1e+03      |
|    ep_rew_mean          | 762        |
| time/                   |            |
|    fps                  | 441        |
|    iterations           | 523        |
|    time_elapsed         | 606        |
|    total_timesteps      | 267776     |
| train/                  |            |
|    approx_kl            | 0.93864334 |
|    clip_fraction        | 0.86       |
|    clip_range           | 0.2        |
|    entropy_loss         | 8.32       |
|    explained_variance   | 0.818      |
|    learning_rate        | 0.0003     |
|    loss                 | 1.28       |
|    n_updates            | 10440      |
|    policy_gradient_loss | -0.0569    |
|    std                  | 0.0623     |
|    value_loss           | 3.51       |
----------------------------------------
----------------------------------------
| rollout/                |            |
|    ep_len_mean          | 1e+03      |
|    ep_rew_mean          | 763        |
| time/                   |            |
|    fps                  | 441        |
|    iterations           | 524        |
|    time_elapsed         | 607        |
|    total_timesteps      | 268288     |
| train/                  |            |
|    approx_kl            | 0.77706337 |
|    clip_fraction        | 0.842      |
|    clip_range           | 0.2        |
|    entropy_loss         | 8.34       |
|    explained_variance   | 0.632      |
|    learning_rate        | 0.0003     |
|    loss                 | 1.08       |
|    n_updates            | 10460      |
|    policy_gradient_loss | -0.0428    |
|    std                  | 0.0623     |
|    value_loss           | 3.2        |
----------------------------------------
----------------------------------------
| rollout/                |            |
|    ep_len_mean          | 1e+03      |
|    ep_rew_mean          | 763        |
| time/                   |            |
|    fps                  | 441        |
|    iterations           | 525        |
|    time_elapsed         | 608        |
|    total_timesteps      | 268800     |
| train/                  |            |
|    approx_kl            | 0.92797256 |
|    clip_fraction        | 0.826      |
|    clip_range           | 0.2        |
|    entropy_loss         | 8.38       |
|    explained_variance   | 0.888      |
|    learning_rate        | 0.0003     |
|    loss                 | 2.23       |
|    n_updates            | 10480      |
|    policy_gradient_loss | -0.0827    |
|    std                  | 0.0617     |
|    value_loss           | 5.25       |
----------------------------------------
----------------------------------------
| rollout/                |            |
|    ep_len_mean          | 1e+03      |
|    ep_rew_mean          | 763        |
| time/                   |            |
|    fps                  | 441        |
|    iterations           | 526        |
|    time_elapsed         | 609        |
|    total_timesteps      | 269312     |
| train/                  |            |
|    approx_kl            | 0.96707624 |
|    clip_fraction        | 0.832      |
|    clip_range           | 0.2        |
|    entropy_loss         | 8.4        |
|    explained_variance   | 0.67       |
|    learning_rate        | 0.0003     |
|    loss                 | 1.01       |
|    n_updates            | 10500      |
|    policy_gradient_loss | -0.0701    |
|    std                  | 0.0616     |
|    value_loss           | 3.74       |
----------------------------------------
---------------------------------------
| rollout/                |           |
|    ep_len_mean          | 1e+03     |
|    ep_rew_mean          | 763       |
| time/                   |           |
|    fps                  | 441       |
|    iterations           | 527       |
|    time_elapsed         | 610       |
|    total_timesteps      | 269824    |
| train/                  |           |
|    approx_kl            | 0.9157208 |
|    clip_fraction        | 0.82      |
|    clip_range           | 0.2       |
|    entropy_loss         | 8.43      |
|    explained_variance   | 0.92      |
|    learning_rate        | 0.0003    |
|    loss                 | 2.05      |
|    n_updates            | 10520     |
|    policy_gradient_loss | -0.0902   |
|    std                  | 0.0614    |
|    value_loss           | 6.56      |
---------------------------------------
---------------------------------------
| rollout/                |           |
|    ep_len_mean          | 1e+03     |
|    ep_rew_mean          | 762       |
| time/                   |           |
|    fps                  | 441       |
|    iterations           | 528       |
|    time_elapsed         | 611       |
|    total_timesteps      | 270336    |
| train/                  |           |
|    approx_kl            | 0.8321719 |
|    clip_fraction        | 0.844     |
|    clip_range           | 0.2       |
|    entropy_loss         | 8.44      |
|    explained_variance   | 0.676     |
|    learning_rate        | 0.0003    |
|    loss                 | 2.69      |
|    n_updates            | 10540     |
|    policy_gradient_loss | -0.0524   |
|    std                  | 0.0612    |
|    value_loss           | 6.01      |
---------------------------------------
----------------------------------------
| rollout/                |            |
|    ep_len_mean          | 1e+03      |
|    ep_rew_mean          | 762        |
| time/                   |            |
|    fps                  | 441        |
|    iterations           | 529        |
|    time_elapsed         | 612        |
|    total_timesteps      | 270848     |
| train/                  |            |
|    approx_kl            | 0.62328017 |
|    clip_fraction        | 0.814      |
|    clip_range           | 0.2        |
|    entropy_loss         | 8.47       |
|    explained_variance   | 0.878      |
|    learning_rate        | 0.0003     |
|    loss                 | 2.3        |
|    n_updates            | 10560      |
|    policy_gradient_loss | -0.0977    |
|    std                  | 0.061      |
|    value_loss           | 7.37       |
----------------------------------------
----------------------------------------
| rollout/                |            |
|    ep_len_mean          | 1e+03      |
|    ep_rew_mean          | 763        |
| time/                   |            |
|    fps                  | 442        |
|    iterations           | 530        |
|    time_elapsed         | 613        |
|    total_timesteps      | 271360     |
| train/                  |            |
|    approx_kl            | 0.83628446 |
|    clip_fraction        | 0.845      |
|    clip_range           | 0.2        |
|    entropy_loss         | 8.5        |
|    explained_variance   | 0.472      |
|    learning_rate        | 0.0003     |
|    loss                 | 1.21       |
|    n_updates            | 10580      |
|    policy_gradient_loss | -0.049     |
|    std                  | 0.0605     |
|    value_loss           | 3.39       |
----------------------------------------
--------------------------------------
| rollout/                |          |
|    ep_len_mean          | 1e+03    |
|    ep_rew_mean          | 763      |
| time/                   |          |
|    fps                  | 442      |
|    iterations           | 531      |
|    time_elapsed         | 615      |
|    total_timesteps      | 271872   |
| train/                  |          |
|    approx_kl            | 2.046978 |
|    clip_fraction        | 0.875    |
|    clip_range           | 0.2      |
|    entropy_loss         | 8.52     |
|    explained_variance   | 0.889    |
|    learning_rate        | 0.0003   |
|    loss                 | 0.907    |
|    n_updates            | 10600    |
|    policy_gradient_loss | -0.0821  |
|    std                  | 0.0606   |
|    value_loss           | 3.42     |
--------------------------------------
--------------------------------------
| rollout/                |          |
|    ep_len_mean          | 1e+03    |
|    ep_rew_mean          | 764      |
| time/                   |          |
|    fps                  | 442      |
|    iterations           | 532      |
|    time_elapsed         | 616      |
|    total_timesteps      | 272384   |
| train/                  |          |
|    approx_kl            | 0.75114  |
|    clip_fraction        | 0.814    |
|    clip_range           | 0.2      |
|    entropy_loss         | 8.53     |
|    explained_variance   | 0.595    |
|    learning_rate        | 0.0003   |
|    loss                 | 1.9      |
|    n_updates            | 10620    |
|    policy_gradient_loss | -0.0255  |
|    std                  | 0.0603   |
|    value_loss           | 4.26     |
--------------------------------------
---------------------------------------
| rollout/                |           |
|    ep_len_mean          | 1e+03     |
|    ep_rew_mean          | 764       |
| time/                   |           |
|    fps                  | 442       |
|    iterations           | 533       |
|    time_elapsed         | 617       |
|    total_timesteps      | 272896    |
| train/                  |           |
|    approx_kl            | 1.1946001 |
|    clip_fraction        | 0.837     |
|    clip_range           | 0.2       |
|    entropy_loss         | 8.56      |
|    explained_variance   | 0.799     |
|    learning_rate        | 0.0003    |
|    loss                 | 1.46      |
|    n_updates            | 10640     |
|    policy_gradient_loss | -0.0836   |
|    std                  | 0.06      |
|    value_loss           | 4.76      |
---------------------------------------
---------------------------------------
| rollout/                |           |
|    ep_len_mean          | 1e+03     |
|    ep_rew_mean          | 763       |
| time/                   |           |
|    fps                  | 442       |
|    iterations           | 534       |
|    time_elapsed         | 618       |
|    total_timesteps      | 273408    |
| train/                  |           |
|    approx_kl            | 1.3529142 |
|    clip_fraction        | 0.856     |
|    clip_range           | 0.2       |
|    entropy_loss         | 8.55      |
|    explained_variance   | 0.429     |
|    learning_rate        | 0.0003    |
|    loss                 | 3.45      |
|    n_updates            | 10660     |
|    policy_gradient_loss | -0.00195  |
|    std                  | 0.0604    |
|    value_loss           | 4.94      |
---------------------------------------
----------------------------------------
| rollout/                |            |
|    ep_len_mean          | 1e+03      |
|    ep_rew_mean          | 763        |
| time/                   |            |
|    fps                  | 442        |
|    iterations           | 535        |
|    time_elapsed         | 619        |
|    total_timesteps      | 273920     |
| train/                  |            |
|    approx_kl            | 0.95551693 |
|    clip_fraction        | 0.838      |
|    clip_range           | 0.2        |
|    entropy_loss         | 8.55       |
|    explained_variance   | 0.848      |
|    learning_rate        | 0.0003     |
|    loss                 | 2.04       |
|    n_updates            | 10680      |
|    policy_gradient_loss | -0.0996    |
|    std                  | 0.0601     |
|    value_loss           | 7.19       |
----------------------------------------
---------------------------------------
| rollout/                |           |
|    ep_len_mean          | 1e+03     |
|    ep_rew_mean          | 764       |
| time/                   |           |
|    fps                  | 442       |
|    iterations           | 536       |
|    time_elapsed         | 620       |
|    total_timesteps      | 274432    |
| train/                  |           |
|    approx_kl            | 0.9386133 |
|    clip_fraction        | 0.83      |
|    clip_range           | 0.2       |
|    entropy_loss         | 8.58      |
|    explained_variance   | 0.626     |
|    learning_rate        | 0.0003    |
|    loss                 | 1.17      |
|    n_updates            | 10700     |
|    policy_gradient_loss | -0.0582   |
|    std                  | 0.0598    |
|    value_loss           | 2.99      |
---------------------------------------
---------------------------------------
| rollout/                |           |
|    ep_len_mean          | 1e+03     |
|    ep_rew_mean          | 764       |
| time/                   |           |
|    fps                  | 442       |
|    iterations           | 537       |
|    time_elapsed         | 621       |
|    total_timesteps      | 274944    |
| train/                  |           |
|    approx_kl            | 1.3398607 |
|    clip_fraction        | 0.848     |
|    clip_range           | 0.2       |
|    entropy_loss         | 8.61      |
|    explained_variance   | 0.813     |
|    learning_rate        | 0.0003    |
|    loss                 | 1.12      |
|    n_updates            | 10720     |
|    policy_gradient_loss | -0.0727   |
|    std                  | 0.0594    |
|    value_loss           | 4.63      |
---------------------------------------
---------------------------------------
| rollout/                |           |
|    ep_len_mean          | 1e+03     |
|    ep_rew_mean          | 763       |
| time/                   |           |
|    fps                  | 442       |
|    iterations           | 538       |
|    time_elapsed         | 622       |
|    total_timesteps      | 275456    |
| train/                  |           |
|    approx_kl            | 0.9775921 |
|    clip_fraction        | 0.853     |
|    clip_range           | 0.2       |
|    entropy_loss         | 8.64      |
|    explained_variance   | 0.499     |
|    learning_rate        | 0.0003    |
|    loss                 | 1.32      |
|    n_updates            | 10740     |
|    policy_gradient_loss | -0.0192   |
|    std                  | 0.0593    |
|    value_loss           | 3.08      |
---------------------------------------
---------------------------------------
| rollout/                |           |
|    ep_len_mean          | 1e+03     |
|    ep_rew_mean          | 763       |
| time/                   |           |
|    fps                  | 442       |
|    iterations           | 539       |
|    time_elapsed         | 623       |
|    total_timesteps      | 275968    |
| train/                  |           |
|    approx_kl            | 1.5865028 |
|    clip_fraction        | 0.858     |
|    clip_range           | 0.2       |
|    entropy_loss         | 8.67      |
|    explained_variance   | 0.868     |
|    learning_rate        | 0.0003    |
|    loss                 | 1.55      |
|    n_updates            | 10760     |
|    policy_gradient_loss | -0.0976   |
|    std                  | 0.0589    |
|    value_loss           | 5.04      |
---------------------------------------
---------------------------------------
| rollout/                |           |
|    ep_len_mean          | 1e+03     |
|    ep_rew_mean          | 766       |
| time/                   |           |
|    fps                  | 442       |
|    iterations           | 540       |
|    time_elapsed         | 625       |
|    total_timesteps      | 276480    |
| train/                  |           |
|    approx_kl            | 0.5819422 |
|    clip_fraction        | 0.847     |
|    clip_range           | 0.2       |
|    entropy_loss         | 8.69      |
|    explained_variance   | 0.544     |
|    learning_rate        | 0.0003    |
|    loss                 | 2.26      |
|    n_updates            | 10780     |
|    policy_gradient_loss | 0.00345   |
|    std                  | 0.0588    |
|    value_loss           | 4.52      |
---------------------------------------
---------------------------------------
| rollout/                |           |
|    ep_len_mean          | 1e+03     |
|    ep_rew_mean          | 766       |
| time/                   |           |
|    fps                  | 442       |
|    iterations           | 541       |
|    time_elapsed         | 626       |
|    total_timesteps      | 276992    |
| train/                  |           |
|    approx_kl            | 0.6474357 |
|    clip_fraction        | 0.836     |
|    clip_range           | 0.2       |
|    entropy_loss         | 8.72      |
|    explained_variance   | 0.579     |
|    learning_rate        | 0.0003    |
|    loss                 | 3.64      |
|    n_updates            | 10800     |
|    policy_gradient_loss | -0.089    |
|    std                  | 0.0587    |
|    value_loss           | 10.6      |
---------------------------------------
---------------------------------------
| rollout/                |           |
|    ep_len_mean          | 1e+03     |
|    ep_rew_mean          | 765       |
| time/                   |           |
|    fps                  | 442       |
|    iterations           | 542       |
|    time_elapsed         | 627       |
|    total_timesteps      | 277504    |
| train/                  |           |
|    approx_kl            | 0.6468164 |
|    clip_fraction        | 0.799     |
|    clip_range           | 0.2       |
|    entropy_loss         | 8.72      |
|    explained_variance   | 0.637     |
|    learning_rate        | 0.0003    |
|    loss                 | 1.48      |
|    n_updates            | 10820     |
|    policy_gradient_loss | -0.0577   |
|    std                  | 0.0586    |
|    value_loss           | 4.22      |
---------------------------------------
---------------------------------------
| rollout/                |           |
|    ep_len_mean          | 1e+03     |
|    ep_rew_mean          | 765       |
| time/                   |           |
|    fps                  | 442       |
|    iterations           | 543       |
|    time_elapsed         | 628       |
|    total_timesteps      | 278016    |
| train/                  |           |
|    approx_kl            | 1.6443043 |
|    clip_fraction        | 0.844     |
|    clip_range           | 0.2       |
|    entropy_loss         | 8.74      |
|    explained_variance   | 0.851     |
|    learning_rate        | 0.0003    |
|    loss                 | 1.43      |
|    n_updates            | 10840     |
|    policy_gradient_loss | -0.0795   |
|    std                  | 0.058     |
|    value_loss           | 3.91      |
---------------------------------------
----------------------------------------
| rollout/                |            |
|    ep_len_mean          | 1e+03      |
|    ep_rew_mean          | 765        |
| time/                   |            |
|    fps                  | 442        |
|    iterations           | 544        |
|    time_elapsed         | 629        |
|    total_timesteps      | 278528     |
| train/                  |            |
|    approx_kl            | 0.49252018 |
|    clip_fraction        | 0.803      |
|    clip_range           | 0.2        |
|    entropy_loss         | 8.8        |
|    explained_variance   | 0.853      |
|    learning_rate        | 0.0003     |
|    loss                 | 4.56       |
|    n_updates            | 10860      |
|    policy_gradient_loss | -0.0508    |
|    std                  | 0.058      |
|    value_loss           | 7.91       |
----------------------------------------
----------------------------------------
| rollout/                |            |
|    ep_len_mean          | 1e+03      |
|    ep_rew_mean          | 764        |
| time/                   |            |
|    fps                  | 442        |
|    iterations           | 545        |
|    time_elapsed         | 630        |
|    total_timesteps      | 279040     |
| train/                  |            |
|    approx_kl            | 0.99389416 |
|    clip_fraction        | 0.813      |
|    clip_range           | 0.2        |
|    entropy_loss         | 8.81       |
|    explained_variance   | 0.889      |
|    learning_rate        | 0.0003     |
|    loss                 | 1.55       |
|    n_updates            | 10880      |
|    policy_gradient_loss | -0.0836    |
|    std                  | 0.0577     |
|    value_loss           | 7.51       |
----------------------------------------
----------------------------------------
| rollout/                |            |
|    ep_len_mean          | 1e+03      |
|    ep_rew_mean          | 764        |
| time/                   |            |
|    fps                  | 442        |
|    iterations           | 546        |
|    time_elapsed         | 631        |
|    total_timesteps      | 279552     |
| train/                  |            |
|    approx_kl            | 0.57440925 |
|    clip_fraction        | 0.792      |
|    clip_range           | 0.2        |
|    entropy_loss         | 8.85       |
|    explained_variance   | 0.521      |
|    learning_rate        | 0.0003     |
|    loss                 | 2.95       |
|    n_updates            | 10900      |
|    policy_gradient_loss | -0.0708    |
|    std                  | 0.0573     |
|    value_loss           | 7.37       |
----------------------------------------
--------------------------------------
| rollout/                |          |
|    ep_len_mean          | 1e+03    |
|    ep_rew_mean          | 764      |
| time/                   |          |
|    fps                  | 442      |
|    iterations           | 547      |
|    time_elapsed         | 632      |
|    total_timesteps      | 280064   |
| train/                  |          |
|    approx_kl            | 1.421548 |
|    clip_fraction        | 0.88     |
|    clip_range           | 0.2      |
|    entropy_loss         | 8.88     |
|    explained_variance   | 0.542    |
|    learning_rate        | 0.0003   |
|    loss                 | 2.03     |
|    n_updates            | 10920    |
|    policy_gradient_loss | -0.0798  |
|    std                  | 0.057    |
|    value_loss           | 4.73     |
--------------------------------------
---------------------------------------
| rollout/                |           |
|    ep_len_mean          | 1e+03     |
|    ep_rew_mean          | 764       |
| time/                   |           |
|    fps                  | 442       |
|    iterations           | 548       |
|    time_elapsed         | 634       |
|    total_timesteps      | 280576    |
| train/                  |           |
|    approx_kl            | 0.5963783 |
|    clip_fraction        | 0.781     |
|    clip_range           | 0.2       |
|    entropy_loss         | 8.9       |
|    explained_variance   | 0.86      |
|    learning_rate        | 0.0003    |
|    loss                 | 2.03      |
|    n_updates            | 10940     |
|    policy_gradient_loss | -0.0633   |
|    std                  | 0.057     |
|    value_loss           | 7.02      |
---------------------------------------
--------------------------------------
| rollout/                |          |
|    ep_len_mean          | 1e+03    |
|    ep_rew_mean          | 765      |
| time/                   |          |
|    fps                  | 442      |
|    iterations           | 549      |
|    time_elapsed         | 635      |
|    total_timesteps      | 281088   |
| train/                  |          |
|    approx_kl            | 1.434589 |
|    clip_fraction        | 0.885    |
|    clip_range           | 0.2      |
|    entropy_loss         | 8.9      |
|    explained_variance   | 0.699    |
|    learning_rate        | 0.0003   |
|    loss                 | 2.06     |
|    n_updates            | 10960    |
|    policy_gradient_loss | -0.0589  |
|    std                  | 0.0569   |
|    value_loss           | 5.15     |
--------------------------------------
---------------------------------------
| rollout/                |           |
|    ep_len_mean          | 1e+03     |
|    ep_rew_mean          | 765       |
| time/                   |           |
|    fps                  | 442       |
|    iterations           | 550       |
|    time_elapsed         | 636       |
|    total_timesteps      | 281600    |
| train/                  |           |
|    approx_kl            | 1.1681697 |
|    clip_fraction        | 0.857     |
|    clip_range           | 0.2       |
|    entropy_loss         | 8.91      |
|    explained_variance   | 0.761     |
|    learning_rate        | 0.0003    |
|    loss                 | 2.02      |
|    n_updates            | 10980     |
|    policy_gradient_loss | -0.0262   |
|    std                  | 0.057     |
|    value_loss           | 5.88      |
---------------------------------------
---------------------------------------
| rollout/                |           |
|    ep_len_mean          | 1e+03     |
|    ep_rew_mean          | 766       |
| time/                   |           |
|    fps                  | 442       |
|    iterations           | 551       |
|    time_elapsed         | 637       |
|    total_timesteps      | 282112    |
| train/                  |           |
|    approx_kl            | 1.1131468 |
|    clip_fraction        | 0.86      |
|    clip_range           | 0.2       |
|    entropy_loss         | 8.9       |
|    explained_variance   | 0.723     |
|    learning_rate        | 0.0003    |
|    loss                 | 1.8       |
|    n_updates            | 11000     |
|    policy_gradient_loss | -0.0715   |
|    std                  | 0.057     |
|    value_loss           | 5.38      |
---------------------------------------
----------------------------------------
| rollout/                |            |
|    ep_len_mean          | 1e+03      |
|    ep_rew_mean          | 766        |
| time/                   |            |
|    fps                  | 442        |
|    iterations           | 552        |
|    time_elapsed         | 638        |
|    total_timesteps      | 282624     |
| train/                  |            |
|    approx_kl            | 0.45514947 |
|    clip_fraction        | 0.71       |
|    clip_range           | 0.2        |
|    entropy_loss         | 8.92       |
|    explained_variance   | 0.873      |
|    learning_rate        | 0.0003     |
|    loss                 | 3.11       |
|    n_updates            | 11020      |
|    policy_gradient_loss | -0.0746    |
|    std                  | 0.0567     |
|    value_loss           | 11.8       |
----------------------------------------
--------------------------------------
| rollout/                |          |
|    ep_len_mean          | 1e+03    |
|    ep_rew_mean          | 765      |
| time/                   |          |
|    fps                  | 442      |
|    iterations           | 553      |
|    time_elapsed         | 639      |
|    total_timesteps      | 283136   |
| train/                  |          |
|    approx_kl            | 1.992817 |
|    clip_fraction        | 0.875    |
|    clip_range           | 0.2      |
|    entropy_loss         | 8.95     |
|    explained_variance   | 0.856    |
|    learning_rate        | 0.0003   |
|    loss                 | 2.06     |
|    n_updates            | 11040    |
|    policy_gradient_loss | -0.0772  |
|    std                  | 0.0562   |
|    value_loss           | 4.24     |
--------------------------------------
---------------------------------------
| rollout/                |           |
|    ep_len_mean          | 1e+03     |
|    ep_rew_mean          | 765       |
| time/                   |           |
|    fps                  | 442       |
|    iterations           | 554       |
|    time_elapsed         | 640       |
|    total_timesteps      | 283648    |
| train/                  |           |
|    approx_kl            | 1.2604781 |
|    clip_fraction        | 0.783     |
|    clip_range           | 0.2       |
|    entropy_loss         | 8.99      |
|    explained_variance   | 0.907     |
|    learning_rate        | 0.0003    |
|    loss                 | 3.03      |
|    n_updates            | 11060     |
|    policy_gradient_loss | -0.0811   |
|    std                  | 0.0559    |
|    value_loss           | 8.15      |
---------------------------------------
---------------------------------------
| rollout/                |           |
|    ep_len_mean          | 1e+03     |
|    ep_rew_mean          | 764       |
| time/                   |           |
|    fps                  | 442       |
|    iterations           | 555       |
|    time_elapsed         | 641       |
|    total_timesteps      | 284160    |
| train/                  |           |
|    approx_kl            | 2.2087293 |
|    clip_fraction        | 0.89      |
|    clip_range           | 0.2       |
|    entropy_loss         | 9.01      |
|    explained_variance   | 0.881     |
|    learning_rate        | 0.0003    |
|    loss                 | 1.13      |
|    n_updates            | 11080     |
|    policy_gradient_loss | -0.0674   |
|    std                  | 0.0556    |
|    value_loss           | 2.5       |
---------------------------------------
---------------------------------------
| rollout/                |           |
|    ep_len_mean          | 1e+03     |
|    ep_rew_mean          | 764       |
| time/                   |           |
|    fps                  | 442       |
|    iterations           | 556       |
|    time_elapsed         | 642       |
|    total_timesteps      | 284672    |
| train/                  |           |
|    approx_kl            | 0.9846576 |
|    clip_fraction        | 0.846     |
|    clip_range           | 0.2       |
|    entropy_loss         | 9.05      |
|    explained_variance   | 0.936     |
|    learning_rate        | 0.0003    |
|    loss                 | 1.64      |
|    n_updates            | 11100     |
|    policy_gradient_loss | -0.0584   |
|    std                  | 0.0553    |
|    value_loss           | 5.53      |
---------------------------------------
---------------------------------------
| rollout/                |           |
|    ep_len_mean          | 1e+03     |
|    ep_rew_mean          | 765       |
| time/                   |           |
|    fps                  | 442       |
|    iterations           | 557       |
|    time_elapsed         | 644       |
|    total_timesteps      | 285184    |
| train/                  |           |
|    approx_kl            | 1.1074344 |
|    clip_fraction        | 0.862     |
|    clip_range           | 0.2       |
|    entropy_loss         | 9.06      |
|    explained_variance   | 0.536     |
|    learning_rate        | 0.0003    |
|    loss                 | 1.48      |
|    n_updates            | 11120     |
|    policy_gradient_loss | -0.0671   |
|    std                  | 0.0552    |
|    value_loss           | 4.44      |
---------------------------------------
---------------------------------------
| rollout/                |           |
|    ep_len_mean          | 1e+03     |
|    ep_rew_mean          | 765       |
| time/                   |           |
|    fps                  | 442       |
|    iterations           | 558       |
|    time_elapsed         | 645       |
|    total_timesteps      | 285696    |
| train/                  |           |
|    approx_kl            | 0.8022876 |
|    clip_fraction        | 0.834     |
|    clip_range           | 0.2       |
|    entropy_loss         | 9.09      |
|    explained_variance   | 0.934     |
|    learning_rate        | 0.0003    |
|    loss                 | 1.66      |
|    n_updates            | 11140     |
|    policy_gradient_loss | -0.0799   |
|    std                  | 0.055     |
|    value_loss           | 7.01      |
---------------------------------------
--------------------------------------
| rollout/                |          |
|    ep_len_mean          | 1e+03    |
|    ep_rew_mean          | 763      |
| time/                   |          |
|    fps                  | 442      |
|    iterations           | 559      |
|    time_elapsed         | 646      |
|    total_timesteps      | 286208   |
| train/                  |          |
|    approx_kl            | 3.744024 |
|    clip_fraction        | 0.855    |
|    clip_range           | 0.2      |
|    entropy_loss         | 9.12     |
|    explained_variance   | -0.309   |
|    learning_rate        | 0.0003   |
|    loss                 | 1.2      |
|    n_updates            | 11160    |
|    policy_gradient_loss | -0.0361  |
|    std                  | 0.0544   |
|    value_loss           | 4.75     |
--------------------------------------
---------------------------------------
| rollout/                |           |
|    ep_len_mean          | 1e+03     |
|    ep_rew_mean          | 763       |
| time/                   |           |
|    fps                  | 442       |
|    iterations           | 560       |
|    time_elapsed         | 647       |
|    total_timesteps      | 286720    |
| train/                  |           |
|    approx_kl            | 2.2507093 |
|    clip_fraction        | 0.844     |
|    clip_range           | 0.2       |
|    entropy_loss         | 9.18      |
|    explained_variance   | 0.76      |
|    learning_rate        | 0.0003    |
|    loss                 | 1.22      |
|    n_updates            | 11180     |
|    policy_gradient_loss | -0.0402   |
|    std                  | 0.054     |
|    value_loss           | 4.49      |
---------------------------------------
---------------------------------------
| rollout/                |           |
|    ep_len_mean          | 1e+03     |
|    ep_rew_mean          | 766       |
| time/                   |           |
|    fps                  | 442       |
|    iterations           | 561       |
|    time_elapsed         | 648       |
|    total_timesteps      | 287232    |
| train/                  |           |
|    approx_kl            | 1.0477009 |
|    clip_fraction        | 0.859     |
|    clip_range           | 0.2       |
|    entropy_loss         | 9.21      |
|    explained_variance   | 0.733     |
|    learning_rate        | 0.0003    |
|    loss                 | 1.51      |
|    n_updates            | 11200     |
|    policy_gradient_loss | -0.0683   |
|    std                  | 0.0537    |
|    value_loss           | 4.3       |
---------------------------------------
---------------------------------------
| rollout/                |           |
|    ep_len_mean          | 1e+03     |
|    ep_rew_mean          | 766       |
| time/                   |           |
|    fps                  | 442       |
|    iterations           | 562       |
|    time_elapsed         | 649       |
|    total_timesteps      | 287744    |
| train/                  |           |
|    approx_kl            | 1.6998205 |
|    clip_fraction        | 0.866     |
|    clip_range           | 0.2       |
|    entropy_loss         | 9.22      |
|    explained_variance   | 0.949     |
|    learning_rate        | 0.0003    |
|    loss                 | 0.972     |
|    n_updates            | 11220     |
|    policy_gradient_loss | -0.0646   |
|    std                  | 0.0537    |
|    value_loss           | 3.4       |
---------------------------------------
---------------------------------------
| rollout/                |           |
|    ep_len_mean          | 1e+03     |
|    ep_rew_mean          | 767       |
| time/                   |           |
|    fps                  | 443       |
|    iterations           | 563       |
|    time_elapsed         | 650       |
|    total_timesteps      | 288256    |
| train/                  |           |
|    approx_kl            | 1.2939844 |
|    clip_fraction        | 0.864     |
|    clip_range           | 0.2       |
|    entropy_loss         | 9.26      |
|    explained_variance   | 0.685     |
|    learning_rate        | 0.0003    |
|    loss                 | 1.35      |
|    n_updates            | 11240     |
|    policy_gradient_loss | -0.0559   |
|    std                  | 0.0533    |
|    value_loss           | 3.61      |
---------------------------------------
---------------------------------------
| rollout/                |           |
|    ep_len_mean          | 1e+03     |
|    ep_rew_mean          | 767       |
| time/                   |           |
|    fps                  | 443       |
|    iterations           | 564       |
|    time_elapsed         | 651       |
|    total_timesteps      | 288768    |
| train/                  |           |
|    approx_kl            | 1.0565451 |
|    clip_fraction        | 0.844     |
|    clip_range           | 0.2       |
|    entropy_loss         | 9.3       |
|    explained_variance   | 0.918     |
|    learning_rate        | 0.0003    |
|    loss                 | 1.67      |
|    n_updates            | 11260     |
|    policy_gradient_loss | -0.0684   |
|    std                  | 0.053     |
|    value_loss           | 4.43      |
---------------------------------------
---------------------------------------
| rollout/                |           |
|    ep_len_mean          | 1e+03     |
|    ep_rew_mean          | 768       |
| time/                   |           |
|    fps                  | 443       |
|    iterations           | 565       |
|    time_elapsed         | 652       |
|    total_timesteps      | 289280    |
| train/                  |           |
|    approx_kl            | 1.2063471 |
|    clip_fraction        | 0.853     |
|    clip_range           | 0.2       |
|    entropy_loss         | 9.33      |
|    explained_variance   | 0.698     |
|    learning_rate        | 0.0003    |
|    loss                 | 1.19      |
|    n_updates            | 11280     |
|    policy_gradient_loss | -0.0432   |
|    std                  | 0.0528    |
|    value_loss           | 3.51      |
---------------------------------------
---------------------------------------
| rollout/                |           |
|    ep_len_mean          | 1e+03     |
|    ep_rew_mean          | 768       |
| time/                   |           |
|    fps                  | 443       |
|    iterations           | 566       |
|    time_elapsed         | 654       |
|    total_timesteps      | 289792    |
| train/                  |           |
|    approx_kl            | 1.6253543 |
|    clip_fraction        | 0.866     |
|    clip_range           | 0.2       |
|    entropy_loss         | 9.36      |
|    explained_variance   | 0.92      |
|    learning_rate        | 0.0003    |
|    loss                 | 1.79      |
|    n_updates            | 11300     |
|    policy_gradient_loss | -0.0731   |
|    std                  | 0.0525    |
|    value_loss           | 4.19      |
---------------------------------------
---------------------------------------
| rollout/                |           |
|    ep_len_mean          | 1e+03     |
|    ep_rew_mean          | 768       |
| time/                   |           |
|    fps                  | 443       |
|    iterations           | 567       |
|    time_elapsed         | 655       |
|    total_timesteps      | 290304    |
| train/                  |           |
|    approx_kl            | 0.7091571 |
|    clip_fraction        | 0.831     |
|    clip_range           | 0.2       |
|    entropy_loss         | 9.39      |
|    explained_variance   | 0.516     |
|    learning_rate        | 0.0003    |
|    loss                 | 2.25      |
|    n_updates            | 11320     |
|    policy_gradient_loss | -0.0669   |
|    std                  | 0.0523    |
|    value_loss           | 6.21      |
---------------------------------------
---------------------------------------
| rollout/                |           |
|    ep_len_mean          | 1e+03     |
|    ep_rew_mean          | 768       |
| time/                   |           |
|    fps                  | 443       |
|    iterations           | 568       |
|    time_elapsed         | 656       |
|    total_timesteps      | 290816    |
| train/                  |           |
|    approx_kl            | 0.9400768 |
|    clip_fraction        | 0.767     |
|    clip_range           | 0.2       |
|    entropy_loss         | 9.42      |
|    explained_variance   | 0.911     |
|    learning_rate        | 0.0003    |
|    loss                 | 2.19      |
|    n_updates            | 11340     |
|    policy_gradient_loss | -0.0876   |
|    std                  | 0.0519    |
|    value_loss           | 10.5      |
---------------------------------------
---------------------------------------
| rollout/                |           |
|    ep_len_mean          | 1e+03     |
|    ep_rew_mean          | 766       |
| time/                   |           |
|    fps                  | 443       |
|    iterations           | 569       |
|    time_elapsed         | 657       |
|    total_timesteps      | 291328    |
| train/                  |           |
|    approx_kl            | 1.1769764 |
|    clip_fraction        | 0.866     |
|    clip_range           | 0.2       |
|    entropy_loss         | 9.44      |
|    explained_variance   | 0.78      |
|    learning_rate        | 0.0003    |
|    loss                 | 2.68      |
|    n_updates            | 11360     |
|    policy_gradient_loss | -0.074    |
|    std                  | 0.052     |
|    value_loss           | 7.75      |
---------------------------------------
---------------------------------------
| rollout/                |           |
|    ep_len_mean          | 1e+03     |
|    ep_rew_mean          | 766       |
| time/                   |           |
|    fps                  | 443       |
|    iterations           | 570       |
|    time_elapsed         | 658       |
|    total_timesteps      | 291840    |
| train/                  |           |
|    approx_kl            | 1.7416776 |
|    clip_fraction        | 0.86      |
|    clip_range           | 0.2       |
|    entropy_loss         | 9.44      |
|    explained_variance   | 0.918     |
|    learning_rate        | 0.0003    |
|    loss                 | 1.17      |
|    n_updates            | 11380     |
|    policy_gradient_loss | -0.0844   |
|    std                  | 0.0518    |
|    value_loss           | 4.27      |
---------------------------------------
--------------------------------------
| rollout/                |          |
|    ep_len_mean          | 1e+03    |
|    ep_rew_mean          | 765      |
| time/                   |          |
|    fps                  | 443      |
|    iterations           | 571      |
|    time_elapsed         | 659      |
|    total_timesteps      | 292352   |
| train/                  |          |
|    approx_kl            | 1.309367 |
|    clip_fraction        | 0.857    |
|    clip_range           | 0.2      |
|    entropy_loss         | 9.47     |
|    explained_variance   | 0.56     |
|    learning_rate        | 0.0003   |
|    loss                 | 2.93     |
|    n_updates            | 11400    |
|    policy_gradient_loss | -0.0295  |
|    std                  | 0.0516   |
|    value_loss           | 5.78     |
--------------------------------------
---------------------------------------
| rollout/                |           |
|    ep_len_mean          | 1e+03     |
|    ep_rew_mean          | 765       |
| time/                   |           |
|    fps                  | 443       |
|    iterations           | 572       |
|    time_elapsed         | 660       |
|    total_timesteps      | 292864    |
| train/                  |           |
|    approx_kl            | 1.0148369 |
|    clip_fraction        | 0.829     |
|    clip_range           | 0.2       |
|    entropy_loss         | 9.48      |
|    explained_variance   | 0.945     |
|    learning_rate        | 0.0003    |
|    loss                 | 1.67      |
|    n_updates            | 11420     |
|    policy_gradient_loss | -0.0887   |
|    std                  | 0.0514    |
|    value_loss           | 5.41      |
---------------------------------------
---------------------------------------
| rollout/                |           |
|    ep_len_mean          | 1e+03     |
|    ep_rew_mean          | 764       |
| time/                   |           |
|    fps                  | 443       |
|    iterations           | 573       |
|    time_elapsed         | 661       |
|    total_timesteps      | 293376    |
| train/                  |           |
|    approx_kl            | 1.2475495 |
|    clip_fraction        | 0.855     |
|    clip_range           | 0.2       |
|    entropy_loss         | 9.49      |
|    explained_variance   | 0.695     |
|    learning_rate        | 0.0003    |
|    loss                 | 1.54      |
|    n_updates            | 11440     |
|    policy_gradient_loss | -0.0363   |
|    std                  | 0.0515    |
|    value_loss           | 3.78      |
---------------------------------------
---------------------------------------
| rollout/                |           |
|    ep_len_mean          | 1e+03     |
|    ep_rew_mean          | 764       |
| time/                   |           |
|    fps                  | 443       |
|    iterations           | 574       |
|    time_elapsed         | 662       |
|    total_timesteps      | 293888    |
| train/                  |           |
|    approx_kl            | 0.3548128 |
|    clip_fraction        | 0.744     |
|    clip_range           | 0.2       |
|    entropy_loss         | 9.5       |
|    explained_variance   | 0.881     |
|    learning_rate        | 0.0003    |
|    loss                 | 3.3       |
|    n_updates            | 11460     |
|    policy_gradient_loss | -0.0927   |
|    std                  | 0.0512    |
|    value_loss           | 23.9      |
---------------------------------------
--------------------------------------
| rollout/                |          |
|    ep_len_mean          | 1e+03    |
|    ep_rew_mean          | 762      |
| time/                   |          |
|    fps                  | 443      |
|    iterations           | 575      |
|    time_elapsed         | 664      |
|    total_timesteps      | 294400   |
| train/                  |          |
|    approx_kl            | 1.24429  |
|    clip_fraction        | 0.861    |
|    clip_range           | 0.2      |
|    entropy_loss         | 9.51     |
|    explained_variance   | 0.516    |
|    learning_rate        | 0.0003   |
|    loss                 | 2.14     |
|    n_updates            | 11480    |
|    policy_gradient_loss | -0.0665  |
|    std                  | 0.0513   |
|    value_loss           | 4.78     |
--------------------------------------
---------------------------------------
| rollout/                |           |
|    ep_len_mean          | 1e+03     |
|    ep_rew_mean          | 762       |
| time/                   |           |
|    fps                  | 443       |
|    iterations           | 576       |
|    time_elapsed         | 665       |
|    total_timesteps      | 294912    |
| train/                  |           |
|    approx_kl            | 1.9679585 |
|    clip_fraction        | 0.876     |
|    clip_range           | 0.2       |
|    entropy_loss         | 9.51      |
|    explained_variance   | 0.929     |
|    learning_rate        | 0.0003    |
|    loss                 | 1.24      |
|    n_updates            | 11500     |
|    policy_gradient_loss | -0.0792   |
|    std                  | 0.051     |
|    value_loss           | 4.02      |
---------------------------------------
---------------------------------------
| rollout/                |           |
|    ep_len_mean          | 1e+03     |
|    ep_rew_mean          | 761       |
| time/                   |           |
|    fps                  | 443       |
|    iterations           | 577       |
|    time_elapsed         | 666       |
|    total_timesteps      | 295424    |
| train/                  |           |
|    approx_kl            | 1.0237381 |
|    clip_fraction        | 0.849     |
|    clip_range           | 0.2       |
|    entropy_loss         | 9.53      |
|    explained_variance   | 0.74      |
|    learning_rate        | 0.0003    |
|    loss                 | 1.45      |
|    n_updates            | 11520     |
|    policy_gradient_loss | -0.0328   |
|    std                  | 0.0511    |
|    value_loss           | 4.21      |
---------------------------------------
---------------------------------------
| rollout/                |           |
|    ep_len_mean          | 1e+03     |
|    ep_rew_mean          | 761       |
| time/                   |           |
|    fps                  | 443       |
|    iterations           | 578       |
|    time_elapsed         | 667       |
|    total_timesteps      | 295936    |
| train/                  |           |
|    approx_kl            | 2.2527685 |
|    clip_fraction        | 0.863     |
|    clip_range           | 0.2       |
|    entropy_loss         | 9.54      |
|    explained_variance   | 0.907     |
|    learning_rate        | 0.0003    |
|    loss                 | 1.15      |
|    n_updates            | 11540     |
|    policy_gradient_loss | -0.0804   |
|    std                  | 0.0507    |
|    value_loss           | 4.2       |
---------------------------------------
---------------------------------------
| rollout/                |           |
|    ep_len_mean          | 1e+03     |
|    ep_rew_mean          | 761       |
| time/                   |           |
|    fps                  | 443       |
|    iterations           | 579       |
|    time_elapsed         | 668       |
|    total_timesteps      | 296448    |
| train/                  |           |
|    approx_kl            | 1.0518368 |
|    clip_fraction        | 0.842     |
|    clip_range           | 0.2       |
|    entropy_loss         | 9.57      |
|    explained_variance   | 0.744     |
|    learning_rate        | 0.0003    |
|    loss                 | 1.69      |
|    n_updates            | 11560     |
|    policy_gradient_loss | -0.0366   |
|    std                  | 0.0507    |
|    value_loss           | 3.94      |
---------------------------------------
---------------------------------------
| rollout/                |           |
|    ep_len_mean          | 1e+03     |
|    ep_rew_mean          | 761       |
| time/                   |           |
|    fps                  | 443       |
|    iterations           | 580       |
|    time_elapsed         | 669       |
|    total_timesteps      | 296960    |
| train/                  |           |
|    approx_kl            | 0.7708302 |
|    clip_fraction        | 0.805     |
|    clip_range           | 0.2       |
|    entropy_loss         | 9.59      |
|    explained_variance   | 0.918     |
|    learning_rate        | 0.0003    |
|    loss                 | 2.47      |
|    n_updates            | 11580     |
|    policy_gradient_loss | -0.08     |
|    std                  | 0.0503    |
|    value_loss           | 8.76      |
---------------------------------------
---------------------------------------
| rollout/                |           |
|    ep_len_mean          | 1e+03     |
|    ep_rew_mean          | 760       |
| time/                   |           |
|    fps                  | 443       |
|    iterations           | 581       |
|    time_elapsed         | 670       |
|    total_timesteps      | 297472    |
| train/                  |           |
|    approx_kl            | 0.8388564 |
|    clip_fraction        | 0.85      |
|    clip_range           | 0.2       |
|    entropy_loss         | 9.62      |
|    explained_variance   | 0.65      |
|    learning_rate        | 0.0003    |
|    loss                 | 2.28      |
|    n_updates            | 11600     |
|    policy_gradient_loss | -0.0316   |
|    std                  | 0.0502    |
|    value_loss           | 5.61      |
---------------------------------------
---------------------------------------
| rollout/                |           |
|    ep_len_mean          | 1e+03     |
|    ep_rew_mean          | 760       |
| time/                   |           |
|    fps                  | 443       |
|    iterations           | 582       |
|    time_elapsed         | 671       |
|    total_timesteps      | 297984    |
| train/                  |           |
|    approx_kl            | 1.6174921 |
|    clip_fraction        | 0.841     |
|    clip_range           | 0.2       |
|    entropy_loss         | 9.66      |
|    explained_variance   | 0.928     |
|    learning_rate        | 0.0003    |
|    loss                 | 1.13      |
|    n_updates            | 11620     |
|    policy_gradient_loss | -0.0873   |
|    std                  | 0.0497    |
|    value_loss           | 6.88      |
---------------------------------------
---------------------------------------
| rollout/                |           |
|    ep_len_mean          | 1e+03     |
|    ep_rew_mean          | 757       |
| time/                   |           |
|    fps                  | 443       |
|    iterations           | 583       |
|    time_elapsed         | 672       |
|    total_timesteps      | 298496    |
| train/                  |           |
|    approx_kl            | 1.2132584 |
|    clip_fraction        | 0.862     |
|    clip_range           | 0.2       |
|    entropy_loss         | 9.69      |
|    explained_variance   | 0.705     |
|    learning_rate        | 0.0003    |
|    loss                 | 2.43      |
|    n_updates            | 11640     |
|    policy_gradient_loss | -0.0665   |
|    std                  | 0.0496    |
|    value_loss           | 5.42      |
---------------------------------------
---------------------------------------
| rollout/                |           |
|    ep_len_mean          | 1e+03     |
|    ep_rew_mean          | 757       |
| time/                   |           |
|    fps                  | 443       |
|    iterations           | 584       |
|    time_elapsed         | 674       |
|    total_timesteps      | 299008    |
| train/                  |           |
|    approx_kl            | 1.6114258 |
|    clip_fraction        | 0.869     |
|    clip_range           | 0.2       |
|    entropy_loss         | 9.72      |
|    explained_variance   | 0.793     |
|    learning_rate        | 0.0003    |
|    loss                 | 1.3       |
|    n_updates            | 11660     |
|    policy_gradient_loss | -0.0737   |
|    std                  | 0.0493    |
|    value_loss           | 6.1       |
---------------------------------------
---------------------------------------
| rollout/                |           |
|    ep_len_mean          | 1e+03     |
|    ep_rew_mean          | 757       |
| time/                   |           |
|    fps                  | 443       |
|    iterations           | 585       |
|    time_elapsed         | 675       |
|    total_timesteps      | 299520    |
| train/                  |           |
|    approx_kl            | 1.2502192 |
|    clip_fraction        | 0.865     |
|    clip_range           | 0.2       |
|    entropy_loss         | 9.74      |
|    explained_variance   | 0.888     |
|    learning_rate        | 0.0003    |
|    loss                 | 1.43      |
|    n_updates            | 11680     |
|    policy_gradient_loss | 0.00819   |
|    std                  | 0.0491    |
|    value_loss           | 3.18      |
---------------------------------------
Eval num_timesteps=300000, episode_reward=743.98 +/- 68.00
Episode length: 1000.00 +/- 0.00
---------------------------------------
| eval/                   |           |
|    mean_ep_length       | 1e+03     |
|    mean_reward          | 744       |
| time/                   |           |
|    total_timesteps      | 300000    |
| train/                  |           |
|    approx_kl            | 1.3608925 |
|    clip_fraction        | 0.848     |
|    clip_range           | 0.2       |
|    entropy_loss         | 9.78      |
|    explained_variance   | 0.93      |
|    learning_rate        | 0.0003    |
|    loss                 | 1.36      |
|    n_updates            | 11700     |
|    policy_gradient_loss | -0.0587   |
|    std                  | 0.0487    |
|    value_loss           | 6         |
---------------------------------------
---------------------------------
| rollout/           |          |
|    ep_len_mean     | 1e+03    |
|    ep_rew_mean     | 756      |
| time/              |          |
|    fps             | 439      |
|    iterations      | 586      |
|    time_elapsed    | 683      |
|    total_timesteps | 300032   |
---------------------------------
---------------------------------------
| rollout/                |           |
|    ep_len_mean          | 1e+03     |
|    ep_rew_mean          | 756       |
| time/                   |           |
|    fps                  | 439       |
|    iterations           | 587       |
|    time_elapsed         | 684       |
|    total_timesteps      | 300544    |
| train/                  |           |
|    approx_kl            | 1.3653023 |
|    clip_fraction        | 0.855     |
|    clip_range           | 0.2       |
|    entropy_loss         | 9.78      |
|    explained_variance   | 0.965     |
|    learning_rate        | 0.0003    |
|    loss                 | 1.4       |
|    n_updates            | 11720     |
|    policy_gradient_loss | -0.0339   |
|    std                  | 0.049     |
|    value_loss           | 3.72      |
---------------------------------------
---------------------------------------
| rollout/                |           |
|    ep_len_mean          | 1e+03     |
|    ep_rew_mean          | 756       |
| time/                   |           |
|    fps                  | 439       |
|    iterations           | 588       |
|    time_elapsed         | 685       |
|    total_timesteps      | 301056    |
| train/                  |           |
|    approx_kl            | 1.2730153 |
|    clip_fraction        | 0.856     |
|    clip_range           | 0.2       |
|    entropy_loss         | 9.78      |
|    explained_variance   | 0.943     |
|    learning_rate        | 0.0003    |
|    loss                 | 2.33      |
|    n_updates            | 11740     |
|    policy_gradient_loss | -0.0852   |
|    std                  | 0.0487    |
|    value_loss           | 6.77      |
---------------------------------------
---------------------------------------
| rollout/                |           |
|    ep_len_mean          | 1e+03     |
|    ep_rew_mean          | 756       |
| time/                   |           |
|    fps                  | 439       |
|    iterations           | 589       |
|    time_elapsed         | 686       |
|    total_timesteps      | 301568    |
| train/                  |           |
|    approx_kl            | 1.1636997 |
|    clip_fraction        | 0.843     |
|    clip_range           | 0.2       |
|    entropy_loss         | 9.8       |
|    explained_variance   | 0.96      |
|    learning_rate        | 0.0003    |
|    loss                 | 1.68      |
|    n_updates            | 11760     |
|    policy_gradient_loss | -0.0468   |
|    std                  | 0.0485    |
|    value_loss           | 4.69      |
---------------------------------------
---------------------------------------
| rollout/                |           |
|    ep_len_mean          | 1e+03     |
|    ep_rew_mean          | 756       |
| time/                   |           |
|    fps                  | 439       |
|    iterations           | 590       |
|    time_elapsed         | 687       |
|    total_timesteps      | 302080    |
| train/                  |           |
|    approx_kl            | 1.8070989 |
|    clip_fraction        | 0.89      |
|    clip_range           | 0.2       |
|    entropy_loss         | 9.81      |
|    explained_variance   | 0.801     |
|    learning_rate        | 0.0003    |
|    loss                 | 1.83      |
|    n_updates            | 11780     |
|    policy_gradient_loss | -0.049    |
|    std                  | 0.0486    |
|    value_loss           | 4.51      |
---------------------------------------
---------------------------------------
| rollout/                |           |
|    ep_len_mean          | 1e+03     |
|    ep_rew_mean          | 756       |
| time/                   |           |
|    fps                  | 439       |
|    iterations           | 591       |
|    time_elapsed         | 688       |
|    total_timesteps      | 302592    |
| train/                  |           |
|    approx_kl            | 2.2663505 |
|    clip_fraction        | 0.893     |
|    clip_range           | 0.2       |
|    entropy_loss         | 9.81      |
|    explained_variance   | 0.968     |
|    learning_rate        | 0.0003    |
|    loss                 | 1.89      |
|    n_updates            | 11800     |
|    policy_gradient_loss | -0.0035   |
|    std                  | 0.0485    |
|    value_loss           | 5.78      |
---------------------------------------
---------------------------------------
| rollout/                |           |
|    ep_len_mean          | 1e+03     |
|    ep_rew_mean          | 756       |
| time/                   |           |
|    fps                  | 439       |
|    iterations           | 592       |
|    time_elapsed         | 689       |
|    total_timesteps      | 303104    |
| train/                  |           |
|    approx_kl            | 2.6563168 |
|    clip_fraction        | 0.89      |
|    clip_range           | 0.2       |
|    entropy_loss         | 9.81      |
|    explained_variance   | 0.00748   |
|    learning_rate        | 0.0003    |
|    loss                 | 1.39      |
|    n_updates            | 11820     |
|    policy_gradient_loss | -0.00516  |
|    std                  | 0.0484    |
|    value_loss           | 4.7       |
---------------------------------------
---------------------------------------
| rollout/                |           |
|    ep_len_mean          | 1e+03     |
|    ep_rew_mean          | 756       |
| time/                   |           |
|    fps                  | 439       |
|    iterations           | 593       |
|    time_elapsed         | 690       |
|    total_timesteps      | 303616    |
| train/                  |           |
|    approx_kl            | 1.8138497 |
|    clip_fraction        | 0.834     |
|    clip_range           | 0.2       |
|    entropy_loss         | 9.83      |
|    explained_variance   | 0.514     |
|    learning_rate        | 0.0003    |
|    loss                 | 1.72      |
|    n_updates            | 11840     |
|    policy_gradient_loss | -0.00963  |
|    std                  | 0.0482    |
|    value_loss           | 7.9       |
---------------------------------------
---------------------------------------
| rollout/                |           |
|    ep_len_mean          | 1e+03     |
|    ep_rew_mean          | 754       |
| time/                   |           |
|    fps                  | 439       |
|    iterations           | 594       |
|    time_elapsed         | 692       |
|    total_timesteps      | 304128    |
| train/                  |           |
|    approx_kl            | 1.8432254 |
|    clip_fraction        | 0.87      |
|    clip_range           | 0.2       |
|    entropy_loss         | 9.86      |
|    explained_variance   | 0.668     |
|    learning_rate        | 0.0003    |
|    loss                 | 2.4       |
|    n_updates            | 11860     |
|    policy_gradient_loss | -0.0722   |
|    std                  | 0.0479    |
|    value_loss           | 4.31      |
---------------------------------------
---------------------------------------
| rollout/                |           |
|    ep_len_mean          | 1e+03     |
|    ep_rew_mean          | 754       |
| time/                   |           |
|    fps                  | 439       |
|    iterations           | 595       |
|    time_elapsed         | 693       |
|    total_timesteps      | 304640    |
| train/                  |           |
|    approx_kl            | 0.9719652 |
|    clip_fraction        | 0.843     |
|    clip_range           | 0.2       |
|    entropy_loss         | 9.88      |
|    explained_variance   | 0.958     |
|    learning_rate        | 0.0003    |
|    loss                 | 1.57      |
|    n_updates            | 11880     |
|    policy_gradient_loss | -0.0633   |
|    std                  | 0.0478    |
|    value_loss           | 5.07      |
---------------------------------------
---------------------------------------
| rollout/                |           |
|    ep_len_mean          | 1e+03     |
|    ep_rew_mean          | 754       |
| time/                   |           |
|    fps                  | 439       |
|    iterations           | 596       |
|    time_elapsed         | 694       |
|    total_timesteps      | 305152    |
| train/                  |           |
|    approx_kl            | 1.2666047 |
|    clip_fraction        | 0.848     |
|    clip_range           | 0.2       |
|    entropy_loss         | 9.91      |
|    explained_variance   | 0.763     |
|    learning_rate        | 0.0003    |
|    loss                 | 2.16      |
|    n_updates            | 11900     |
|    policy_gradient_loss | -0.0739   |
|    std                  | 0.0474    |
|    value_loss           | 4.74      |
---------------------------------------
---------------------------------------
| rollout/                |           |
|    ep_len_mean          | 1e+03     |
|    ep_rew_mean          | 754       |
| time/                   |           |
|    fps                  | 439       |
|    iterations           | 597       |
|    time_elapsed         | 695       |
|    total_timesteps      | 305664    |
| train/                  |           |
|    approx_kl            | 1.1355557 |
|    clip_fraction        | 0.845     |
|    clip_range           | 0.2       |
|    entropy_loss         | 9.97      |
|    explained_variance   | 0.956     |
|    learning_rate        | 0.0003    |
|    loss                 | 1.45      |
|    n_updates            | 11920     |
|    policy_gradient_loss | -0.0706   |
|    std                  | 0.047     |
|    value_loss           | 4.81      |
---------------------------------------
---------------------------------------
| rollout/                |           |
|    ep_len_mean          | 1e+03     |
|    ep_rew_mean          | 754       |
| time/                   |           |
|    fps                  | 439       |
|    iterations           | 598       |
|    time_elapsed         | 696       |
|    total_timesteps      | 306176    |
| train/                  |           |
|    approx_kl            | 1.8584335 |
|    clip_fraction        | 0.867     |
|    clip_range           | 0.2       |
|    entropy_loss         | 10        |
|    explained_variance   | 0.666     |
|    learning_rate        | 0.0003    |
|    loss                 | 1.43      |
|    n_updates            | 11940     |
|    policy_gradient_loss | -0.0495   |
|    std                  | 0.0467    |
|    value_loss           | 3.82      |
---------------------------------------
---------------------------------------
| rollout/                |           |
|    ep_len_mean          | 1e+03     |
|    ep_rew_mean          | 754       |
| time/                   |           |
|    fps                  | 439       |
|    iterations           | 599       |
|    time_elapsed         | 697       |
|    total_timesteps      | 306688    |
| train/                  |           |
|    approx_kl            | 1.0132585 |
|    clip_fraction        | 0.867     |
|    clip_range           | 0.2       |
|    entropy_loss         | 10        |
|    explained_variance   | 0.855     |
|    learning_rate        | 0.0003    |
|    loss                 | 1.61      |
|    n_updates            | 11960     |
|    policy_gradient_loss | -0.0741   |
|    std                  | 0.0465    |
|    value_loss           | 4.46      |
---------------------------------------
---------------------------------------
| rollout/                |           |
|    ep_len_mean          | 1e+03     |
|    ep_rew_mean          | 755       |
| time/                   |           |
|    fps                  | 439       |
|    iterations           | 600       |
|    time_elapsed         | 698       |
|    total_timesteps      | 307200    |
| train/                  |           |
|    approx_kl            | 1.9498272 |
|    clip_fraction        | 0.886     |
|    clip_range           | 0.2       |
|    entropy_loss         | 10.1      |
|    explained_variance   | 0.52      |
|    learning_rate        | 0.0003    |
|    loss                 | 1.47      |
|    n_updates            | 11980     |
|    policy_gradient_loss | -0.027    |
|    std                  | 0.0463    |
|    value_loss           | 3.68      |
---------------------------------------
----------------------------------------
| rollout/                |            |
|    ep_len_mean          | 1e+03      |
|    ep_rew_mean          | 755        |
| time/                   |            |
|    fps                  | 439        |
|    iterations           | 601        |
|    time_elapsed         | 699        |
|    total_timesteps      | 307712     |
| train/                  |            |
|    approx_kl            | 0.71410817 |
|    clip_fraction        | 0.792      |
|    clip_range           | 0.2        |
|    entropy_loss         | 10.1       |
|    explained_variance   | 0.895      |
|    learning_rate        | 0.0003     |
|    loss                 | 2.5        |
|    n_updates            | 12000      |
|    policy_gradient_loss | -0.0702    |
|    std                  | 0.0463     |
|    value_loss           | 8.96       |
----------------------------------------
---------------------------------------
| rollout/                |           |
|    ep_len_mean          | 1e+03     |
|    ep_rew_mean          | 755       |
| time/                   |           |
|    fps                  | 439       |
|    iterations           | 602       |
|    time_elapsed         | 700       |
|    total_timesteps      | 308224    |
| train/                  |           |
|    approx_kl            | 1.5025284 |
|    clip_fraction        | 0.883     |
|    clip_range           | 0.2       |
|    entropy_loss         | 10.1      |
|    explained_variance   | 0.653     |
|    learning_rate        | 0.0003    |
|    loss                 | 1.87      |
|    n_updates            | 12020     |
|    policy_gradient_loss | -0.0411   |
|    std                  | 0.046     |
|    value_loss           | 4.39      |
---------------------------------------
---------------------------------------
| rollout/                |           |
|    ep_len_mean          | 1e+03     |
|    ep_rew_mean          | 755       |
| time/                   |           |
|    fps                  | 439       |
|    iterations           | 603       |
|    time_elapsed         | 702       |
|    total_timesteps      | 308736    |
| train/                  |           |
|    approx_kl            | 1.3609903 |
|    clip_fraction        | 0.856     |
|    clip_range           | 0.2       |
|    entropy_loss         | 10.1      |
|    explained_variance   | 0.952     |
|    learning_rate        | 0.0003    |
|    loss                 | 2.24      |
|    n_updates            | 12040     |
|    policy_gradient_loss | -0.0657   |
|    std                  | 0.0458    |
|    value_loss           | 5.44      |
---------------------------------------
---------------------------------------
| rollout/                |           |
|    ep_len_mean          | 1e+03     |
|    ep_rew_mean          | 754       |
| time/                   |           |
|    fps                  | 439       |
|    iterations           | 604       |
|    time_elapsed         | 703       |
|    total_timesteps      | 309248    |
| train/                  |           |
|    approx_kl            | 1.0554565 |
|    clip_fraction        | 0.863     |
|    clip_range           | 0.2       |
|    entropy_loss         | 10.1      |
|    explained_variance   | 0.687     |
|    learning_rate        | 0.0003    |
|    loss                 | 1.82      |
|    n_updates            | 12060     |
|    policy_gradient_loss | -0.069    |
|    std                  | 0.0456    |
|    value_loss           | 4.21      |
---------------------------------------
---------------------------------------
| rollout/                |           |
|    ep_len_mean          | 1e+03     |
|    ep_rew_mean          | 754       |
| time/                   |           |
|    fps                  | 439       |
|    iterations           | 605       |
|    time_elapsed         | 704       |
|    total_timesteps      | 309760    |
| train/                  |           |
|    approx_kl            | 1.8906226 |
|    clip_fraction        | 0.867     |
|    clip_range           | 0.2       |
|    entropy_loss         | 10.1      |
|    explained_variance   | 0.904     |
|    learning_rate        | 0.0003    |
|    loss                 | 1.87      |
|    n_updates            | 12080     |
|    policy_gradient_loss | -0.0482   |
|    std                  | 0.0456    |
|    value_loss           | 6.49      |
---------------------------------------
---------------------------------------
| rollout/                |           |
|    ep_len_mean          | 1e+03     |
|    ep_rew_mean          | 754       |
| time/                   |           |
|    fps                  | 439       |
|    iterations           | 606       |
|    time_elapsed         | 705       |
|    total_timesteps      | 310272    |
| train/                  |           |
|    approx_kl            | 0.9959062 |
|    clip_fraction        | 0.858     |
|    clip_range           | 0.2       |
|    entropy_loss         | 10.2      |
|    explained_variance   | 0.721     |
|    learning_rate        | 0.0003    |
|    loss                 | 2.3       |
|    n_updates            | 12100     |
|    policy_gradient_loss | -0.0532   |
|    std                  | 0.0454    |
|    value_loss           | 5.15      |
---------------------------------------
---------------------------------------
| rollout/                |           |
|    ep_len_mean          | 1e+03     |
|    ep_rew_mean          | 754       |
| time/                   |           |
|    fps                  | 439       |
|    iterations           | 607       |
|    time_elapsed         | 706       |
|    total_timesteps      | 310784    |
| train/                  |           |
|    approx_kl            | 1.0797806 |
|    clip_fraction        | 0.848     |
|    clip_range           | 0.2       |
|    entropy_loss         | 10.2      |
|    explained_variance   | 0.958     |
|    learning_rate        | 0.0003    |
|    loss                 | 1.83      |
|    n_updates            | 12120     |
|    policy_gradient_loss | -0.0673   |
|    std                  | 0.0454    |
|    value_loss           | 7.11      |
---------------------------------------
---------------------------------------
| rollout/                |           |
|    ep_len_mean          | 1e+03     |
|    ep_rew_mean          | 752       |
| time/                   |           |
|    fps                  | 439       |
|    iterations           | 608       |
|    time_elapsed         | 707       |
|    total_timesteps      | 311296    |
| train/                  |           |
|    approx_kl            | 2.1425817 |
|    clip_fraction        | 0.892     |
|    clip_range           | 0.2       |
|    entropy_loss         | 10.2      |
|    explained_variance   | 0.733     |
|    learning_rate        | 0.0003    |
|    loss                 | 0.971     |
|    n_updates            | 12140     |
|    policy_gradient_loss | -0.025    |
|    std                  | 0.0452    |
|    value_loss           | 2.58      |
---------------------------------------
---------------------------------------
| rollout/                |           |
|    ep_len_mean          | 1e+03     |
|    ep_rew_mean          | 752       |
| time/                   |           |
|    fps                  | 439       |
|    iterations           | 609       |
|    time_elapsed         | 708       |
|    total_timesteps      | 311808    |
| train/                  |           |
|    approx_kl            | 1.9012419 |
|    clip_fraction        | 0.867     |
|    clip_range           | 0.2       |
|    entropy_loss         | 10.2      |
|    explained_variance   | 0.921     |
|    learning_rate        | 0.0003    |
|    loss                 | 1.61      |
|    n_updates            | 12160     |
|    policy_gradient_loss | -0.0816   |
|    std                  | 0.0449    |
|    value_loss           | 5.1       |
---------------------------------------
---------------------------------------
| rollout/                |           |
|    ep_len_mean          | 1e+03     |
|    ep_rew_mean          | 752       |
| time/                   |           |
|    fps                  | 440       |
|    iterations           | 610       |
|    time_elapsed         | 709       |
|    total_timesteps      | 312320    |
| train/                  |           |
|    approx_kl            | 1.9491838 |
|    clip_fraction        | 0.883     |
|    clip_range           | 0.2       |
|    entropy_loss         | 10.2      |
|    explained_variance   | 0.719     |
|    learning_rate        | 0.0003    |
|    loss                 | 1.74      |
|    n_updates            | 12180     |
|    policy_gradient_loss | -0.00302  |
|    std                  | 0.0449    |
|    value_loss           | 3.56      |
---------------------------------------
---------------------------------------
| rollout/                |           |
|    ep_len_mean          | 1e+03     |
|    ep_rew_mean          | 752       |
| time/                   |           |
|    fps                  | 440       |
|    iterations           | 611       |
|    time_elapsed         | 710       |
|    total_timesteps      | 312832    |
| train/                  |           |
|    approx_kl            | 194.95319 |
|    clip_fraction        | 0.858     |
|    clip_range           | 0.2       |
|    entropy_loss         | 10.3      |
|    explained_variance   | 0.908     |
|    learning_rate        | 0.0003    |
|    loss                 | 1.77      |
|    n_updates            | 12200     |
|    policy_gradient_loss | -0.053    |
|    std                  | 0.0448    |
|    value_loss           | 5.21      |
---------------------------------------
---------------------------------------
| rollout/                |           |
|    ep_len_mean          | 1e+03     |
|    ep_rew_mean          | 752       |
| time/                   |           |
|    fps                  | 440       |
|    iterations           | 612       |
|    time_elapsed         | 711       |
|    total_timesteps      | 313344    |
| train/                  |           |
|    approx_kl            | 2.6300235 |
|    clip_fraction        | 0.896     |
|    clip_range           | 0.2       |
|    entropy_loss         | 10.3      |
|    explained_variance   | 0.725     |
|    learning_rate        | 0.0003    |
|    loss                 | 1.57      |
|    n_updates            | 12220     |
|    policy_gradient_loss | 0.00569   |
|    std                  | 0.0449    |
|    value_loss           | 4.57      |
---------------------------------------
---------------------------------------
| rollout/                |           |
|    ep_len_mean          | 1e+03     |
|    ep_rew_mean          | 752       |
| time/                   |           |
|    fps                  | 440       |
|    iterations           | 613       |
|    time_elapsed         | 713       |
|    total_timesteps      | 313856    |
| train/                  |           |
|    approx_kl            | 1.7738779 |
|    clip_fraction        | 0.851     |
|    clip_range           | 0.2       |
|    entropy_loss         | 10.2      |
|    explained_variance   | 0.949     |
|    learning_rate        | 0.0003    |
|    loss                 | 1.61      |
|    n_updates            | 12240     |
|    policy_gradient_loss | -0.0756   |
|    std                  | 0.0448    |
|    value_loss           | 7         |
---------------------------------------
---------------------------------------
| rollout/                |           |
|    ep_len_mean          | 1e+03     |
|    ep_rew_mean          | 751       |
| time/                   |           |
|    fps                  | 440       |
|    iterations           | 614       |
|    time_elapsed         | 714       |
|    total_timesteps      | 314368    |
| train/                  |           |
|    approx_kl            | 1.6314917 |
|    clip_fraction        | 0.874     |
|    clip_range           | 0.2       |
|    entropy_loss         | 10.2      |
|    explained_variance   | 0.669     |
|    learning_rate        | 0.0003    |
|    loss                 | 2.42      |
|    n_updates            | 12260     |
|    policy_gradient_loss | -0.0264   |
|    std                  | 0.0448    |
|    value_loss           | 4.51      |
---------------------------------------
---------------------------------------
| rollout/                |           |
|    ep_len_mean          | 1e+03     |
|    ep_rew_mean          | 751       |
| time/                   |           |
|    fps                  | 440       |
|    iterations           | 615       |
|    time_elapsed         | 715       |
|    total_timesteps      | 314880    |
| train/                  |           |
|    approx_kl            | 1.3311232 |
|    clip_fraction        | 0.852     |
|    clip_range           | 0.2       |
|    entropy_loss         | 10.2      |
|    explained_variance   | 0.909     |
|    learning_rate        | 0.0003    |
|    loss                 | 2.39      |
|    n_updates            | 12280     |
|    policy_gradient_loss | -0.0848   |
|    std                  | 0.0448    |
|    value_loss           | 5.9       |
---------------------------------------
---------------------------------------
| rollout/                |           |
|    ep_len_mean          | 1e+03     |
|    ep_rew_mean          | 751       |
| time/                   |           |
|    fps                  | 440       |
|    iterations           | 616       |
|    time_elapsed         | 716       |
|    total_timesteps      | 315392    |
| train/                  |           |
|    approx_kl            | 2.4397407 |
|    clip_fraction        | 0.888     |
|    clip_range           | 0.2       |
|    entropy_loss         | 10.2      |
|    explained_variance   | 0.839     |
|    learning_rate        | 0.0003    |
|    loss                 | 0.806     |
|    n_updates            | 12300     |
|    policy_gradient_loss | -0.0186   |
|    std                  | 0.0448    |
|    value_loss           | 2.75      |
---------------------------------------
---------------------------------------
| rollout/                |           |
|    ep_len_mean          | 1e+03     |
|    ep_rew_mean          | 751       |
| time/                   |           |
|    fps                  | 440       |
|    iterations           | 617       |
|    time_elapsed         | 717       |
|    total_timesteps      | 315904    |
| train/                  |           |
|    approx_kl            | 1.6252859 |
|    clip_fraction        | 0.892     |
|    clip_range           | 0.2       |
|    entropy_loss         | 10.3      |
|    explained_variance   | 0.808     |
|    learning_rate        | 0.0003    |
|    loss                 | 0.98      |
|    n_updates            | 12320     |
|    policy_gradient_loss | -0.0361   |
|    std                  | 0.0445    |
|    value_loss           | 4.45      |
---------------------------------------
--------------------------------------
| rollout/                |          |
|    ep_len_mean          | 1e+03    |
|    ep_rew_mean          | 751      |
| time/                   |          |
|    fps                  | 440      |
|    iterations           | 618      |
|    time_elapsed         | 718      |
|    total_timesteps      | 316416   |
| train/                  |          |
|    approx_kl            | 1.713808 |
|    clip_fraction        | 0.881    |
|    clip_range           | 0.2      |
|    entropy_loss         | 10.3     |
|    explained_variance   | 0.772    |
|    learning_rate        | 0.0003   |
|    loss                 | 1.04     |
|    n_updates            | 12340    |
|    policy_gradient_loss | 0.00963  |
|    std                  | 0.0445   |
|    value_loss           | 2.46     |
--------------------------------------
---------------------------------------
| rollout/                |           |
|    ep_len_mean          | 1e+03     |
|    ep_rew_mean          | 751       |
| time/                   |           |
|    fps                  | 440       |
|    iterations           | 619       |
|    time_elapsed         | 719       |
|    total_timesteps      | 316928    |
| train/                  |           |
|    approx_kl            | 1.9624157 |
|    clip_fraction        | 0.881     |
|    clip_range           | 0.2       |
|    entropy_loss         | 10.3      |
|    explained_variance   | 0.922     |
|    learning_rate        | 0.0003    |
|    loss                 | 1.07      |
|    n_updates            | 12360     |
|    policy_gradient_loss | -0.0543   |
|    std                  | 0.0444    |
|    value_loss           | 3.21      |
---------------------------------------
--------------------------------------
| rollout/                |          |
|    ep_len_mean          | 1e+03    |
|    ep_rew_mean          | 752      |
| time/                   |          |
|    fps                  | 440      |
|    iterations           | 620      |
|    time_elapsed         | 720      |
|    total_timesteps      | 317440   |
| train/                  |          |
|    approx_kl            | 1.488691 |
|    clip_fraction        | 0.885    |
|    clip_range           | 0.2      |
|    entropy_loss         | 10.3     |
|    explained_variance   | 0.667    |
|    learning_rate        | 0.0003   |
|    loss                 | 1.45     |
|    n_updates            | 12380    |
|    policy_gradient_loss | -0.0106  |
|    std                  | 0.0446   |
|    value_loss           | 3.05     |
--------------------------------------
---------------------------------------
| rollout/                |           |
|    ep_len_mean          | 1e+03     |
|    ep_rew_mean          | 752       |
| time/                   |           |
|    fps                  | 440       |
|    iterations           | 621       |
|    time_elapsed         | 721       |
|    total_timesteps      | 317952    |
| train/                  |           |
|    approx_kl            | 1.9661261 |
|    clip_fraction        | 0.874     |
|    clip_range           | 0.2       |
|    entropy_loss         | 10.3      |
|    explained_variance   | 0.932     |
|    learning_rate        | 0.0003    |
|    loss                 | 0.91      |
|    n_updates            | 12400     |
|    policy_gradient_loss | -0.0593   |
|    std                  | 0.0445    |
|    value_loss           | 3.9       |
---------------------------------------
--------------------------------------
| rollout/                |          |
|    ep_len_mean          | 1e+03    |
|    ep_rew_mean          | 753      |
| time/                   |          |
|    fps                  | 440      |
|    iterations           | 622      |
|    time_elapsed         | 723      |
|    total_timesteps      | 318464   |
| train/                  |          |
|    approx_kl            | 1.098093 |
|    clip_fraction        | 0.866    |
|    clip_range           | 0.2      |
|    entropy_loss         | 10.3     |
|    explained_variance   | 0.679    |
|    learning_rate        | 0.0003   |
|    loss                 | 1.03     |
|    n_updates            | 12420    |
|    policy_gradient_loss | -0.0146  |
|    std                  | 0.0443   |
|    value_loss           | 3.21     |
--------------------------------------
---------------------------------------
| rollout/                |           |
|    ep_len_mean          | 1e+03     |
|    ep_rew_mean          | 753       |
| time/                   |           |
|    fps                  | 440       |
|    iterations           | 623       |
|    time_elapsed         | 724       |
|    total_timesteps      | 318976    |
| train/                  |           |
|    approx_kl            | 2.1741638 |
|    clip_fraction        | 0.879     |
|    clip_range           | 0.2       |
|    entropy_loss         | 10.3      |
|    explained_variance   | 0.916     |
|    learning_rate        | 0.0003    |
|    loss                 | 1.5       |
|    n_updates            | 12440     |
|    policy_gradient_loss | -0.0677   |
|    std                  | 0.0442    |
|    value_loss           | 4.52      |
---------------------------------------
---------------------------------------
| rollout/                |           |
|    ep_len_mean          | 1e+03     |
|    ep_rew_mean          | 753       |
| time/                   |           |
|    fps                  | 440       |
|    iterations           | 624       |
|    time_elapsed         | 725       |
|    total_timesteps      | 319488    |
| train/                  |           |
|    approx_kl            | 1.6418498 |
|    clip_fraction        | 0.866     |
|    clip_range           | 0.2       |
|    entropy_loss         | 10.3      |
|    explained_variance   | 0.715     |
|    learning_rate        | 0.0003    |
|    loss                 | 1.8       |
|    n_updates            | 12460     |
|    policy_gradient_loss | -0.034    |
|    std                  | 0.0443    |
|    value_loss           | 3.9       |
---------------------------------------
---------------------------------------
| rollout/                |           |
|    ep_len_mean          | 1e+03     |
|    ep_rew_mean          | 755       |
| time/                   |           |
|    fps                  | 440       |
|    iterations           | 625       |
|    time_elapsed         | 726       |
|    total_timesteps      | 320000    |
| train/                  |           |
|    approx_kl            | 2.5210743 |
|    clip_fraction        | 0.897     |
|    clip_range           | 0.2       |
|    entropy_loss         | 10.3      |
|    explained_variance   | 0.919     |
|    learning_rate        | 0.0003    |
|    loss                 | 1         |
|    n_updates            | 12480     |
|    policy_gradient_loss | -0.0555   |
|    std                  | 0.044     |
|    value_loss           | 3.19      |
---------------------------------------
---------------------------------------
| rollout/                |           |
|    ep_len_mean          | 1e+03     |
|    ep_rew_mean          | 755       |
| time/                   |           |
|    fps                  | 440       |
|    iterations           | 626       |
|    time_elapsed         | 727       |
|    total_timesteps      | 320512    |
| train/                  |           |
|    approx_kl            | 1.1748967 |
|    clip_fraction        | 0.866     |
|    clip_range           | 0.2       |
|    entropy_loss         | 10.3      |
|    explained_variance   | 0.562     |
|    learning_rate        | 0.0003    |
|    loss                 | 1.59      |
|    n_updates            | 12500     |
|    policy_gradient_loss | -0.0278   |
|    std                  | 0.0439    |
|    value_loss           | 4.13      |
---------------------------------------
---------------------------------------
| rollout/                |           |
|    ep_len_mean          | 1e+03     |
|    ep_rew_mean          | 754       |
| time/                   |           |
|    fps                  | 440       |
|    iterations           | 627       |
|    time_elapsed         | 728       |
|    total_timesteps      | 321024    |
| train/                  |           |
|    approx_kl            | 2.0366986 |
|    clip_fraction        | 0.882     |
|    clip_range           | 0.2       |
|    entropy_loss         | 10.4      |
|    explained_variance   | 0.878     |
|    learning_rate        | 0.0003    |
|    loss                 | 1.22      |
|    n_updates            | 12520     |
|    policy_gradient_loss | -0.0529   |
|    std                  | 0.0438    |
|    value_loss           | 3.79      |
---------------------------------------
---------------------------------------
| rollout/                |           |
|    ep_len_mean          | 1e+03     |
|    ep_rew_mean          | 754       |
| time/                   |           |
|    fps                  | 440       |
|    iterations           | 628       |
|    time_elapsed         | 729       |
|    total_timesteps      | 321536    |
| train/                  |           |
|    approx_kl            | 1.1587905 |
|    clip_fraction        | 0.79      |
|    clip_range           | 0.2       |
|    entropy_loss         | 10.4      |
|    explained_variance   | 0.773     |
|    learning_rate        | 0.0003    |
|    loss                 | 2.99      |
|    n_updates            | 12540     |
|    policy_gradient_loss | -0.0516   |
|    std                  | 0.0436    |
|    value_loss           | 8.1       |
---------------------------------------
---------------------------------------
| rollout/                |           |
|    ep_len_mean          | 1e+03     |
|    ep_rew_mean          | 753       |
| time/                   |           |
|    fps                  | 440       |
|    iterations           | 629       |
|    time_elapsed         | 730       |
|    total_timesteps      | 322048    |
| train/                  |           |
|    approx_kl            | 2.6803324 |
|    clip_fraction        | 0.886     |
|    clip_range           | 0.2       |
|    entropy_loss         | 10.4      |
|    explained_variance   | 0.824     |
|    learning_rate        | 0.0003    |
|    loss                 | 1.74      |
|    n_updates            | 12560     |
|    policy_gradient_loss | -0.0648   |
|    std                  | 0.0435    |
|    value_loss           | 4.72      |
---------------------------------------
---------------------------------------
| rollout/                |           |
|    ep_len_mean          | 1e+03     |
|    ep_rew_mean          | 753       |
| time/                   |           |
|    fps                  | 440       |
|    iterations           | 630       |
|    time_elapsed         | 731       |
|    total_timesteps      | 322560    |
| train/                  |           |
|    approx_kl            | 1.8119571 |
|    clip_fraction        | 0.88      |
|    clip_range           | 0.2       |
|    entropy_loss         | 10.4      |
|    explained_variance   | 0.894     |
|    learning_rate        | 0.0003    |
|    loss                 | 1.24      |
|    n_updates            | 12580     |
|    policy_gradient_loss | -0.0273   |
|    std                  | 0.0436    |
|    value_loss           | 4.12      |
---------------------------------------
--------------------------------------
| rollout/                |          |
|    ep_len_mean          | 1e+03    |
|    ep_rew_mean          | 754      |
| time/                   |          |
|    fps                  | 440      |
|    iterations           | 631      |
|    time_elapsed         | 732      |
|    total_timesteps      | 323072   |
| train/                  |          |
|    approx_kl            | 2.356535 |
|    clip_fraction        | 0.891    |
|    clip_range           | 0.2      |
|    entropy_loss         | 10.4     |
|    explained_variance   | 0.706    |
|    learning_rate        | 0.0003   |
|    loss                 | 1.9      |
|    n_updates            | 12600    |
|    policy_gradient_loss | -0.0409  |
|    std                  | 0.0432   |
|    value_loss           | 4.45     |
--------------------------------------
--------------------------------------
| rollout/                |          |
|    ep_len_mean          | 1e+03    |
|    ep_rew_mean          | 754      |
| time/                   |          |
|    fps                  | 440      |
|    iterations           | 632      |
|    time_elapsed         | 734      |
|    total_timesteps      | 323584   |
| train/                  |          |
|    approx_kl            | 0.902713 |
|    clip_fraction        | 0.808    |
|    clip_range           | 0.2      |
|    entropy_loss         | 10.5     |
|    explained_variance   | 0.939    |
|    learning_rate        | 0.0003   |
|    loss                 | 1.42     |
|    n_updates            | 12620    |
|    policy_gradient_loss | -0.0562  |
|    std                  | 0.043    |
|    value_loss           | 5.3      |
--------------------------------------
---------------------------------------
| rollout/                |           |
|    ep_len_mean          | 1e+03     |
|    ep_rew_mean          | 751       |
| time/                   |           |
|    fps                  | 440       |
|    iterations           | 633       |
|    time_elapsed         | 735       |
|    total_timesteps      | 324096    |
| train/                  |           |
|    approx_kl            | 2.4439094 |
|    clip_fraction        | 0.867     |
|    clip_range           | 0.2       |
|    entropy_loss         | 10.5      |
|    explained_variance   | -0.236    |
|    learning_rate        | 0.0003    |
|    loss                 | 1.69      |
|    n_updates            | 12640     |
|    policy_gradient_loss | -0.0252   |
|    std                  | 0.043     |
|    value_loss           | 6.69      |
---------------------------------------
--------------------------------------
| rollout/                |          |
|    ep_len_mean          | 1e+03    |
|    ep_rew_mean          | 751      |
| time/                   |          |
|    fps                  | 440      |
|    iterations           | 634      |
|    time_elapsed         | 736      |
|    total_timesteps      | 324608   |
| train/                  |          |
|    approx_kl            | 1.258158 |
|    clip_fraction        | 0.823    |
|    clip_range           | 0.2      |
|    entropy_loss         | 10.5     |
|    explained_variance   | 0.574    |
|    learning_rate        | 0.0003   |
|    loss                 | 1.07     |
|    n_updates            | 12660    |
|    policy_gradient_loss | -0.027   |
|    std                  | 0.0429   |
|    value_loss           | 5.41     |
--------------------------------------
--------------------------------------
| rollout/                |          |
|    ep_len_mean          | 1e+03    |
|    ep_rew_mean          | 751      |
| time/                   |          |
|    fps                  | 440      |
|    iterations           | 635      |
|    time_elapsed         | 737      |
|    total_timesteps      | 325120   |
| train/                  |          |
|    approx_kl            | 2.042738 |
|    clip_fraction        | 0.885    |
|    clip_range           | 0.2      |
|    entropy_loss         | 10.5     |
|    explained_variance   | 0.431    |
|    learning_rate        | 0.0003   |
|    loss                 | 1.33     |
|    n_updates            | 12680    |
|    policy_gradient_loss | -0.064   |
|    std                  | 0.0427   |
|    value_loss           | 4.17     |
--------------------------------------
---------------------------------------
| rollout/                |           |
|    ep_len_mean          | 1e+03     |
|    ep_rew_mean          | 751       |
| time/                   |           |
|    fps                  | 440       |
|    iterations           | 636       |
|    time_elapsed         | 738       |
|    total_timesteps      | 325632    |
| train/                  |           |
|    approx_kl            | 2.4575815 |
|    clip_fraction        | 0.873     |
|    clip_range           | 0.2       |
|    entropy_loss         | 10.5      |
|    explained_variance   | 0.917     |
|    learning_rate        | 0.0003    |
|    loss                 | 2.01      |
|    n_updates            | 12700     |
|    policy_gradient_loss | -0.0454   |
|    std                  | 0.0427    |
|    value_loss           | 5.43      |
---------------------------------------
---------------------------------------
| rollout/                |           |
|    ep_len_mean          | 1e+03     |
|    ep_rew_mean          | 751       |
| time/                   |           |
|    fps                  | 440       |
|    iterations           | 637       |
|    time_elapsed         | 739       |
|    total_timesteps      | 326144    |
| train/                  |           |
|    approx_kl            | 2.3373806 |
|    clip_fraction        | 0.906     |
|    clip_range           | 0.2       |
|    entropy_loss         | 10.5      |
|    explained_variance   | 0.738     |
|    learning_rate        | 0.0003    |
|    loss                 | 0.614     |
|    n_updates            | 12720     |
|    policy_gradient_loss | -0.0243   |
|    std                  | 0.0428    |
|    value_loss           | 2.19      |
---------------------------------------
---------------------------------------
| rollout/                |           |
|    ep_len_mean          | 1e+03     |
|    ep_rew_mean          | 751       |
| time/                   |           |
|    fps                  | 440       |
|    iterations           | 638       |
|    time_elapsed         | 740       |
|    total_timesteps      | 326656    |
| train/                  |           |
|    approx_kl            | 0.9641052 |
|    clip_fraction        | 0.823     |
|    clip_range           | 0.2       |
|    entropy_loss         | 10.5      |
|    explained_variance   | 0.945     |
|    learning_rate        | 0.0003    |
|    loss                 | 1.93      |
|    n_updates            | 12740     |
|    policy_gradient_loss | -0.0603   |
|    std                  | 0.0425    |
|    value_loss           | 6.71      |
---------------------------------------
---------------------------------------
| rollout/                |           |
|    ep_len_mean          | 1e+03     |
|    ep_rew_mean          | 749       |
| time/                   |           |
|    fps                  | 441       |
|    iterations           | 639       |
|    time_elapsed         | 741       |
|    total_timesteps      | 327168    |
| train/                  |           |
|    approx_kl            | 2.4988155 |
|    clip_fraction        | 0.877     |
|    clip_range           | 0.2       |
|    entropy_loss         | 10.5      |
|    explained_variance   | 0.279     |
|    learning_rate        | 0.0003    |
|    loss                 | 1.87      |
|    n_updates            | 12760     |
|    policy_gradient_loss | -0.0318   |
|    std                  | 0.0423    |
|    value_loss           | 4.7       |
---------------------------------------
---------------------------------------
| rollout/                |           |
|    ep_len_mean          | 1e+03     |
|    ep_rew_mean          | 749       |
| time/                   |           |
|    fps                  | 441       |
|    iterations           | 640       |
|    time_elapsed         | 742       |
|    total_timesteps      | 327680    |
| train/                  |           |
|    approx_kl            | 1.5476501 |
|    clip_fraction        | 0.844     |
|    clip_range           | 0.2       |
|    entropy_loss         | 10.6      |
|    explained_variance   | 0.595     |
|    learning_rate        | 0.0003    |
|    loss                 | 1.25      |
|    n_updates            | 12780     |
|    policy_gradient_loss | -0.0467   |
|    std                  | 0.042     |
|    value_loss           | 6.04      |
---------------------------------------
---------------------------------------
| rollout/                |           |
|    ep_len_mean          | 1e+03     |
|    ep_rew_mean          | 747       |
| time/                   |           |
|    fps                  | 441       |
|    iterations           | 641       |
|    time_elapsed         | 744       |
|    total_timesteps      | 328192    |
| train/                  |           |
|    approx_kl            | 1.4215672 |
|    clip_fraction        | 0.877     |
|    clip_range           | 0.2       |
|    entropy_loss         | 10.6      |
|    explained_variance   | 0.813     |
|    learning_rate        | 0.0003    |
|    loss                 | 1.98      |
|    n_updates            | 12800     |
|    policy_gradient_loss | -0.0628   |
|    std                  | 0.042     |
|    value_loss           | 4.37      |
---------------------------------------
---------------------------------------
| rollout/                |           |
|    ep_len_mean          | 1e+03     |
|    ep_rew_mean          | 747       |
| time/                   |           |
|    fps                  | 441       |
|    iterations           | 642       |
|    time_elapsed         | 745       |
|    total_timesteps      | 328704    |
| train/                  |           |
|    approx_kl            | 1.1906514 |
|    clip_fraction        | 0.857     |
|    clip_range           | 0.2       |
|    entropy_loss         | 10.6      |
|    explained_variance   | 0.937     |
|    learning_rate        | 0.0003    |
|    loss                 | 1.79      |
|    n_updates            | 12820     |
|    policy_gradient_loss | -0.0816   |
|    std                  | 0.0417    |
|    value_loss           | 4.98      |
---------------------------------------
---------------------------------------
| rollout/                |           |
|    ep_len_mean          | 1e+03     |
|    ep_rew_mean          | 746       |
| time/                   |           |
|    fps                  | 441       |
|    iterations           | 643       |
|    time_elapsed         | 746       |
|    total_timesteps      | 329216    |
| train/                  |           |
|    approx_kl            | 1.1986105 |
|    clip_fraction        | 0.873     |
|    clip_range           | 0.2       |
|    entropy_loss         | 10.7      |
|    explained_variance   | 0.765     |
|    learning_rate        | 0.0003    |
|    loss                 | 2.03      |
|    n_updates            | 12840     |
|    policy_gradient_loss | -0.0446   |
|    std                  | 0.0414    |
|    value_loss           | 3.84      |
---------------------------------------
---------------------------------------
| rollout/                |           |
|    ep_len_mean          | 1e+03     |
|    ep_rew_mean          | 746       |
| time/                   |           |
|    fps                  | 441       |
|    iterations           | 644       |
|    time_elapsed         | 747       |
|    total_timesteps      | 329728    |
| train/                  |           |
|    approx_kl            | 1.9053894 |
|    clip_fraction        | 0.869     |
|    clip_range           | 0.2       |
|    entropy_loss         | 10.7      |
|    explained_variance   | 0.944     |
|    learning_rate        | 0.0003    |
|    loss                 | 1.32      |
|    n_updates            | 12860     |
|    policy_gradient_loss | -0.0359   |
|    std                  | 0.0414    |
|    value_loss           | 4.51      |
---------------------------------------
---------------------------------------
| rollout/                |           |
|    ep_len_mean          | 1e+03     |
|    ep_rew_mean          | 747       |
| time/                   |           |
|    fps                  | 441       |
|    iterations           | 645       |
|    time_elapsed         | 748       |
|    total_timesteps      | 330240    |
| train/                  |           |
|    approx_kl            | 1.3012452 |
|    clip_fraction        | 0.871     |
|    clip_range           | 0.2       |
|    entropy_loss         | 10.7      |
|    explained_variance   | 0.779     |
|    learning_rate        | 0.0003    |
|    loss                 | 1.75      |
|    n_updates            | 12880     |
|    policy_gradient_loss | -0.0632   |
|    std                  | 0.0412    |
|    value_loss           | 3.39      |
---------------------------------------
---------------------------------------
| rollout/                |           |
|    ep_len_mean          | 1e+03     |
|    ep_rew_mean          | 747       |
| time/                   |           |
|    fps                  | 441       |
|    iterations           | 646       |
|    time_elapsed         | 749       |
|    total_timesteps      | 330752    |
| train/                  |           |
|    approx_kl            | 1.3140631 |
|    clip_fraction        | 0.854     |
|    clip_range           | 0.2       |
|    entropy_loss         | 10.7      |
|    explained_variance   | 0.922     |
|    learning_rate        | 0.0003    |
|    loss                 | 1.95      |
|    n_updates            | 12900     |
|    policy_gradient_loss | -0.0839   |
|    std                  | 0.041     |
|    value_loss           | 4.83      |
---------------------------------------
---------------------------------------
| rollout/                |           |
|    ep_len_mean          | 1e+03     |
|    ep_rew_mean          | 747       |
| time/                   |           |
|    fps                  | 441       |
|    iterations           | 647       |
|    time_elapsed         | 750       |
|    total_timesteps      | 331264    |
| train/                  |           |
|    approx_kl            | 2.0330224 |
|    clip_fraction        | 0.9       |
|    clip_range           | 0.2       |
|    entropy_loss         | 10.7      |
|    explained_variance   | 0.528     |
|    learning_rate        | 0.0003    |
|    loss                 | 1.56      |
|    n_updates            | 12920     |
|    policy_gradient_loss | -0.0292   |
|    std                  | 0.041     |
|    value_loss           | 2.87      |
---------------------------------------
---------------------------------------
| rollout/                |           |
|    ep_len_mean          | 1e+03     |
|    ep_rew_mean          | 747       |
| time/                   |           |
|    fps                  | 441       |
|    iterations           | 648       |
|    time_elapsed         | 751       |
|    total_timesteps      | 331776    |
| train/                  |           |
|    approx_kl            | 1.0216494 |
|    clip_fraction        | 0.798     |
|    clip_range           | 0.2       |
|    entropy_loss         | 10.8      |
|    explained_variance   | 0.916     |
|    learning_rate        | 0.0003    |
|    loss                 | 1.89      |
|    n_updates            | 12940     |
|    policy_gradient_loss | -0.0815   |
|    std                  | 0.0407    |
|    value_loss           | 8.74      |
---------------------------------------
---------------------------------------
| rollout/                |           |
|    ep_len_mean          | 1e+03     |
|    ep_rew_mean          | 744       |
| time/                   |           |
|    fps                  | 441       |
|    iterations           | 649       |
|    time_elapsed         | 752       |
|    total_timesteps      | 332288    |
| train/                  |           |
|    approx_kl            | 1.7752626 |
|    clip_fraction        | 0.883     |
|    clip_range           | 0.2       |
|    entropy_loss         | 10.8      |
|    explained_variance   | 0.767     |
|    learning_rate        | 0.0003    |
|    loss                 | 1.88      |
|    n_updates            | 12960     |
|    policy_gradient_loss | -0.0573   |
|    std                  | 0.0405    |
|    value_loss           | 3.74      |
---------------------------------------
---------------------------------------
| rollout/                |           |
|    ep_len_mean          | 1e+03     |
|    ep_rew_mean          | 744       |
| time/                   |           |
|    fps                  | 441       |
|    iterations           | 650       |
|    time_elapsed         | 754       |
|    total_timesteps      | 332800    |
| train/                  |           |
|    approx_kl            | 1.7067096 |
|    clip_fraction        | 0.893     |
|    clip_range           | 0.2       |
|    entropy_loss         | 10.8      |
|    explained_variance   | 0.955     |
|    learning_rate        | 0.0003    |
|    loss                 | 0.944     |
|    n_updates            | 12980     |
|    policy_gradient_loss | -0.0485   |
|    std                  | 0.0404    |
|    value_loss           | 3.62      |
---------------------------------------
---------------------------------------
| rollout/                |           |
|    ep_len_mean          | 1e+03     |
|    ep_rew_mean          | 744       |
| time/                   |           |
|    fps                  | 441       |
|    iterations           | 651       |
|    time_elapsed         | 755       |
|    total_timesteps      | 333312    |
| train/                  |           |
|    approx_kl            | 2.3595674 |
|    clip_fraction        | 0.892     |
|    clip_range           | 0.2       |
|    entropy_loss         | 10.8      |
|    explained_variance   | 0.776     |
|    learning_rate        | 0.0003    |
|    loss                 | 0.821     |
|    n_updates            | 13000     |
|    policy_gradient_loss | -0.0261   |
|    std                  | 0.0403    |
|    value_loss           | 3.22      |
---------------------------------------
---------------------------------------
| rollout/                |           |
|    ep_len_mean          | 1e+03     |
|    ep_rew_mean          | 744       |
| time/                   |           |
|    fps                  | 441       |
|    iterations           | 652       |
|    time_elapsed         | 756       |
|    total_timesteps      | 333824    |
| train/                  |           |
|    approx_kl            | 2.0342512 |
|    clip_fraction        | 0.877     |
|    clip_range           | 0.2       |
|    entropy_loss         | 10.9      |
|    explained_variance   | 0.915     |
|    learning_rate        | 0.0003    |
|    loss                 | 1.04      |
|    n_updates            | 13020     |
|    policy_gradient_loss | -0.0666   |
|    std                  | 0.0399    |
|    value_loss           | 7.77      |
---------------------------------------
---------------------------------------
| rollout/                |           |
|    ep_len_mean          | 1e+03     |
|    ep_rew_mean          | 741       |
| time/                   |           |
|    fps                  | 441       |
|    iterations           | 653       |
|    time_elapsed         | 757       |
|    total_timesteps      | 334336    |
| train/                  |           |
|    approx_kl            | 3.4064243 |
|    clip_fraction        | 0.918     |
|    clip_range           | 0.2       |
|    entropy_loss         | 10.9      |
|    explained_variance   | 0.309     |
|    learning_rate        | 0.0003    |
|    loss                 | 1.11      |
|    n_updates            | 13040     |
|    policy_gradient_loss | 0.0241    |
|    std                  | 0.04      |
|    value_loss           | 2.83      |
---------------------------------------
---------------------------------------
| rollout/                |           |
|    ep_len_mean          | 1e+03     |
|    ep_rew_mean          | 741       |
| time/                   |           |
|    fps                  | 441       |
|    iterations           | 654       |
|    time_elapsed         | 758       |
|    total_timesteps      | 334848    |
| train/                  |           |
|    approx_kl            | 1.8661746 |
|    clip_fraction        | 0.863     |
|    clip_range           | 0.2       |
|    entropy_loss         | 10.9      |
|    explained_variance   | 0.873     |
|    learning_rate        | 0.0003    |
|    loss                 | 1.35      |
|    n_updates            | 13060     |
|    policy_gradient_loss | -0.0524   |
|    std                  | 0.0397    |
|    value_loss           | 5.66      |
---------------------------------------
---------------------------------------
| rollout/                |           |
|    ep_len_mean          | 1e+03     |
|    ep_rew_mean          | 741       |
| time/                   |           |
|    fps                  | 441       |
|    iterations           | 655       |
|    time_elapsed         | 759       |
|    total_timesteps      | 335360    |
| train/                  |           |
|    approx_kl            | 1.7879467 |
|    clip_fraction        | 0.857     |
|    clip_range           | 0.2       |
|    entropy_loss         | 10.9      |
|    explained_variance   | 0.57      |
|    learning_rate        | 0.0003    |
|    loss                 | 1.45      |
|    n_updates            | 13080     |
|    policy_gradient_loss | -0.0487   |
|    std                  | 0.0397    |
|    value_loss           | 3.52      |
---------------------------------------
---------------------------------------
| rollout/                |           |
|    ep_len_mean          | 1e+03     |
|    ep_rew_mean          | 741       |
| time/                   |           |
|    fps                  | 441       |
|    iterations           | 656       |
|    time_elapsed         | 760       |
|    total_timesteps      | 335872    |
| train/                  |           |
|    approx_kl            | 1.1262655 |
|    clip_fraction        | 0.857     |
|    clip_range           | 0.2       |
|    entropy_loss         | 10.9      |
|    explained_variance   | 0.94      |
|    learning_rate        | 0.0003    |
|    loss                 | 2.53      |
|    n_updates            | 13100     |
|    policy_gradient_loss | -0.0977   |
|    std                  | 0.0396    |
|    value_loss           | 6.63      |
---------------------------------------
--------------------------------------
| rollout/                |          |
|    ep_len_mean          | 1e+03    |
|    ep_rew_mean          | 740      |
| time/                   |          |
|    fps                  | 441      |
|    iterations           | 657      |
|    time_elapsed         | 761      |
|    total_timesteps      | 336384   |
| train/                  |          |
|    approx_kl            | 1.695623 |
|    clip_fraction        | 0.882    |
|    clip_range           | 0.2      |
|    entropy_loss         | 11       |
|    explained_variance   | 0.675    |
|    learning_rate        | 0.0003   |
|    loss                 | 1.77     |
|    n_updates            | 13120    |
|    policy_gradient_loss | -0.0408  |
|    std                  | 0.0393   |
|    value_loss           | 3.85     |
--------------------------------------
---------------------------------------
| rollout/                |           |
|    ep_len_mean          | 1e+03     |
|    ep_rew_mean          | 740       |
| time/                   |           |
|    fps                  | 441       |
|    iterations           | 658       |
|    time_elapsed         | 762       |
|    total_timesteps      | 336896    |
| train/                  |           |
|    approx_kl            | 1.1263661 |
|    clip_fraction        | 0.85      |
|    clip_range           | 0.2       |
|    entropy_loss         | 11        |
|    explained_variance   | 0.942     |
|    learning_rate        | 0.0003    |
|    loss                 | 1.97      |
|    n_updates            | 13140     |
|    policy_gradient_loss | -0.0983   |
|    std                  | 0.0392    |
|    value_loss           | 8.27      |
---------------------------------------
---------------------------------------
| rollout/                |           |
|    ep_len_mean          | 1e+03     |
|    ep_rew_mean          | 738       |
| time/                   |           |
|    fps                  | 441       |
|    iterations           | 659       |
|    time_elapsed         | 764       |
|    total_timesteps      | 337408    |
| train/                  |           |
|    approx_kl            | 1.7718713 |
|    clip_fraction        | 0.863     |
|    clip_range           | 0.2       |
|    entropy_loss         | 11        |
|    explained_variance   | 0.748     |
|    learning_rate        | 0.0003    |
|    loss                 | 1.57      |
|    n_updates            | 13160     |
|    policy_gradient_loss | -0.0427   |
|    std                  | 0.0392    |
|    value_loss           | 4.46      |
---------------------------------------
--------------------------------------
| rollout/                |          |
|    ep_len_mean          | 1e+03    |
|    ep_rew_mean          | 738      |
| time/                   |          |
|    fps                  | 441      |
|    iterations           | 660      |
|    time_elapsed         | 765      |
|    total_timesteps      | 337920   |
| train/                  |          |
|    approx_kl            | 2.004373 |
|    clip_fraction        | 0.87     |
|    clip_range           | 0.2      |
|    entropy_loss         | 11       |
|    explained_variance   | 0.909    |
|    learning_rate        | 0.0003   |
|    loss                 | 2.01     |
|    n_updates            | 13180    |
|    policy_gradient_loss | -0.0619  |
|    std                  | 0.0392   |
|    value_loss           | 6.94     |
--------------------------------------
---------------------------------------
| rollout/                |           |
|    ep_len_mean          | 1e+03     |
|    ep_rew_mean          | 738       |
| time/                   |           |
|    fps                  | 441       |
|    iterations           | 661       |
|    time_elapsed         | 766       |
|    total_timesteps      | 338432    |
| train/                  |           |
|    approx_kl            | 1.5125699 |
|    clip_fraction        | 0.869     |
|    clip_range           | 0.2       |
|    entropy_loss         | 11        |
|    explained_variance   | 0.593     |
|    learning_rate        | 0.0003    |
|    loss                 | 2.09      |
|    n_updates            | 13200     |
|    policy_gradient_loss | -0.0195   |
|    std                  | 0.0391    |
|    value_loss           | 4.37      |
---------------------------------------
---------------------------------------
| rollout/                |           |
|    ep_len_mean          | 1e+03     |
|    ep_rew_mean          | 738       |
| time/                   |           |
|    fps                  | 441       |
|    iterations           | 662       |
|    time_elapsed         | 767       |
|    total_timesteps      | 338944    |
| train/                  |           |
|    approx_kl            | 1.7331643 |
|    clip_fraction        | 0.834     |
|    clip_range           | 0.2       |
|    entropy_loss         | 11.1      |
|    explained_variance   | 0.937     |
|    learning_rate        | 0.0003    |
|    loss                 | 1.37      |
|    n_updates            | 13220     |
|    policy_gradient_loss | -0.0751   |
|    std                  | 0.039     |
|    value_loss           | 6.58      |
---------------------------------------
---------------------------------------
| rollout/                |           |
|    ep_len_mean          | 1e+03     |
|    ep_rew_mean          | 737       |
| time/                   |           |
|    fps                  | 441       |
|    iterations           | 663       |
|    time_elapsed         | 768       |
|    total_timesteps      | 339456    |
| train/                  |           |
|    approx_kl            | 1.7564099 |
|    clip_fraction        | 0.876     |
|    clip_range           | 0.2       |
|    entropy_loss         | 11.1      |
|    explained_variance   | 0.587     |
|    learning_rate        | 0.0003    |
|    loss                 | 1.71      |
|    n_updates            | 13240     |
|    policy_gradient_loss | -0.0336   |
|    std                  | 0.039     |
|    value_loss           | 4.08      |
---------------------------------------
---------------------------------------
| rollout/                |           |
|    ep_len_mean          | 1e+03     |
|    ep_rew_mean          | 737       |
| time/                   |           |
|    fps                  | 441       |
|    iterations           | 664       |
|    time_elapsed         | 769       |
|    total_timesteps      | 339968    |
| train/                  |           |
|    approx_kl            | 1.5124466 |
|    clip_fraction        | 0.86      |
|    clip_range           | 0.2       |
|    entropy_loss         | 11.1      |
|    explained_variance   | 0.961     |
|    learning_rate        | 0.0003    |
|    loss                 | 1.49      |
|    n_updates            | 13260     |
|    policy_gradient_loss | -0.0698   |
|    std                  | 0.0388    |
|    value_loss           | 8.61      |
---------------------------------------
---------------------------------------
| rollout/                |           |
|    ep_len_mean          | 1e+03     |
|    ep_rew_mean          | 734       |
| time/                   |           |
|    fps                  | 441       |
|    iterations           | 665       |
|    time_elapsed         | 770       |
|    total_timesteps      | 340480    |
| train/                  |           |
|    approx_kl            | 2.1301403 |
|    clip_fraction        | 0.885     |
|    clip_range           | 0.2       |
|    entropy_loss         | 11.1      |
|    explained_variance   | 0.869     |
|    learning_rate        | 0.0003    |
|    loss                 | 1.24      |
|    n_updates            | 13280     |
|    policy_gradient_loss | -0.00973  |
|    std                  | 0.0387    |
|    value_loss           | 3.76      |
---------------------------------------
---------------------------------------
| rollout/                |           |
|    ep_len_mean          | 1e+03     |
|    ep_rew_mean          | 734       |
| time/                   |           |
|    fps                  | 441       |
|    iterations           | 666       |
|    time_elapsed         | 771       |
|    total_timesteps      | 340992    |
| train/                  |           |
|    approx_kl            | 3.2928398 |
|    clip_fraction        | 0.907     |
|    clip_range           | 0.2       |
|    entropy_loss         | 11.1      |
|    explained_variance   | 0.937     |
|    learning_rate        | 0.0003    |
|    loss                 | 0.935     |
|    n_updates            | 13300     |
|    policy_gradient_loss | -0.0342   |
|    std                  | 0.0384    |
|    value_loss           | 4.57      |
---------------------------------------
---------------------------------------
| rollout/                |           |
|    ep_len_mean          | 1e+03     |
|    ep_rew_mean          | 734       |
| time/                   |           |
|    fps                  | 441       |
|    iterations           | 667       |
|    time_elapsed         | 772       |
|    total_timesteps      | 341504    |
| train/                  |           |
|    approx_kl            | 2.1078734 |
|    clip_fraction        | 0.888     |
|    clip_range           | 0.2       |
|    entropy_loss         | 11.1      |
|    explained_variance   | 0.342     |
|    learning_rate        | 0.0003    |
|    loss                 | 1.97      |
|    n_updates            | 13320     |
|    policy_gradient_loss | 0.0133    |
|    std                  | 0.0385    |
|    value_loss           | 4.84      |
---------------------------------------
---------------------------------------
| rollout/                |           |
|    ep_len_mean          | 1e+03     |
|    ep_rew_mean          | 733       |
| time/                   |           |
|    fps                  | 441       |
|    iterations           | 668       |
|    time_elapsed         | 773       |
|    total_timesteps      | 342016    |
| train/                  |           |
|    approx_kl            | 1.3125944 |
|    clip_fraction        | 0.854     |
|    clip_range           | 0.2       |
|    entropy_loss         | 11.2      |
|    explained_variance   | 0.893     |
|    learning_rate        | 0.0003    |
|    loss                 | 1         |
|    n_updates            | 13340     |
|    policy_gradient_loss | -0.068    |
|    std                  | 0.0381    |
|    value_loss           | 4.81      |
---------------------------------------
---------------------------------------
| rollout/                |           |
|    ep_len_mean          | 1e+03     |
|    ep_rew_mean          | 733       |
| time/                   |           |
|    fps                  | 441       |
|    iterations           | 669       |
|    time_elapsed         | 775       |
|    total_timesteps      | 342528    |
| train/                  |           |
|    approx_kl            | 1.6184984 |
|    clip_fraction        | 0.877     |
|    clip_range           | 0.2       |
|    entropy_loss         | 11.2      |
|    explained_variance   | 0.93      |
|    learning_rate        | 0.0003    |
|    loss                 | 2.48      |
|    n_updates            | 13360     |
|    policy_gradient_loss | -0.00951  |
|    std                  | 0.0383    |
|    value_loss           | 5.96      |
---------------------------------------
--------------------------------------
| rollout/                |          |
|    ep_len_mean          | 1e+03    |
|    ep_rew_mean          | 732      |
| time/                   |          |
|    fps                  | 441      |
|    iterations           | 670      |
|    time_elapsed         | 776      |
|    total_timesteps      | 343040   |
| train/                  |          |
|    approx_kl            | 3.185583 |
|    clip_fraction        | 0.9      |
|    clip_range           | 0.2      |
|    entropy_loss         | 11.2     |
|    explained_variance   | 0.935    |
|    learning_rate        | 0.0003   |
|    loss                 | 1.06     |
|    n_updates            | 13380    |
|    policy_gradient_loss | -0.0386  |
|    std                  | 0.038    |
|    value_loss           | 3.22     |
--------------------------------------
---------------------------------------
| rollout/                |           |
|    ep_len_mean          | 1e+03     |
|    ep_rew_mean          | 732       |
| time/                   |           |
|    fps                  | 442       |
|    iterations           | 671       |
|    time_elapsed         | 777       |
|    total_timesteps      | 343552    |
| train/                  |           |
|    approx_kl            | 2.2218475 |
|    clip_fraction        | 0.879     |
|    clip_range           | 0.2       |
|    entropy_loss         | 11.2      |
|    explained_variance   | 0.961     |
|    learning_rate        | 0.0003    |
|    loss                 | 1.92      |
|    n_updates            | 13400     |
|    policy_gradient_loss | -0.0118   |
|    std                  | 0.0381    |
|    value_loss           | 3.83      |
---------------------------------------
---------------------------------------
| rollout/                |           |
|    ep_len_mean          | 1e+03     |
|    ep_rew_mean          | 733       |
| time/                   |           |
|    fps                  | 442       |
|    iterations           | 672       |
|    time_elapsed         | 778       |
|    total_timesteps      | 344064    |
| train/                  |           |
|    approx_kl            | 2.1897025 |
|    clip_fraction        | 0.897     |
|    clip_range           | 0.2       |
|    entropy_loss         | 11.2      |
|    explained_variance   | 0.895     |
|    learning_rate        | 0.0003    |
|    loss                 | 1.6       |
|    n_updates            | 13420     |
|    policy_gradient_loss | -0.0351   |
|    std                  | 0.0378    |
|    value_loss           | 3.59      |
---------------------------------------
---------------------------------------
| rollout/                |           |
|    ep_len_mean          | 1e+03     |
|    ep_rew_mean          | 733       |
| time/                   |           |
|    fps                  | 442       |
|    iterations           | 673       |
|    time_elapsed         | 779       |
|    total_timesteps      | 344576    |
| train/                  |           |
|    approx_kl            | 1.7145569 |
|    clip_fraction        | 0.886     |
|    clip_range           | 0.2       |
|    entropy_loss         | 11.2      |
|    explained_variance   | 0.919     |
|    learning_rate        | 0.0003    |
|    loss                 | 1.57      |
|    n_updates            | 13440     |
|    policy_gradient_loss | -0.0219   |
|    std                  | 0.0378    |
|    value_loss           | 7.34      |
---------------------------------------
--------------------------------------
| rollout/                |          |
|    ep_len_mean          | 1e+03    |
|    ep_rew_mean          | 730      |
| time/                   |          |
|    fps                  | 442      |
|    iterations           | 674      |
|    time_elapsed         | 780      |
|    total_timesteps      | 345088   |
| train/                  |          |
|    approx_kl            | 3.360799 |
|    clip_fraction        | 0.908    |
|    clip_range           | 0.2      |
|    entropy_loss         | 11.2     |
|    explained_variance   | 0.512    |
|    learning_rate        | 0.0003   |
|    loss                 | 1.29     |
|    n_updates            | 13460    |
|    policy_gradient_loss | 0.0247   |
|    std                  | 0.0379   |
|    value_loss           | 4.28     |
--------------------------------------
--------------------------------------
| rollout/                |          |
|    ep_len_mean          | 1e+03    |
|    ep_rew_mean          | 730      |
| time/                   |          |
|    fps                  | 442      |
|    iterations           | 675      |
|    time_elapsed         | 781      |
|    total_timesteps      | 345600   |
| train/                  |          |
|    approx_kl            | 2.772251 |
|    clip_fraction        | 0.89     |
|    clip_range           | 0.2      |
|    entropy_loss         | 11.2     |
|    explained_variance   | 0.82     |
|    learning_rate        | 0.0003   |
|    loss                 | 1.6      |
|    n_updates            | 13480    |
|    policy_gradient_loss | -0.0076  |
|    std                  | 0.0378   |
|    value_loss           | 6.62     |
--------------------------------------
---------------------------------------
| rollout/                |           |
|    ep_len_mean          | 1e+03     |
|    ep_rew_mean          | 732       |
| time/                   |           |
|    fps                  | 442       |
|    iterations           | 676       |
|    time_elapsed         | 782       |
|    total_timesteps      | 346112    |
| train/                  |           |
|    approx_kl            | 2.2358034 |
|    clip_fraction        | 0.88      |
|    clip_range           | 0.2       |
|    entropy_loss         | 11.2      |
|    explained_variance   | 0.81      |
|    learning_rate        | 0.0003    |
|    loss                 | 1.95      |
|    n_updates            | 13500     |
|    policy_gradient_loss | -0.0707   |
|    std                  | 0.0377    |
|    value_loss           | 4.54      |
---------------------------------------
---------------------------------------
| rollout/                |           |
|    ep_len_mean          | 1e+03     |
|    ep_rew_mean          | 732       |
| time/                   |           |
|    fps                  | 442       |
|    iterations           | 677       |
|    time_elapsed         | 783       |
|    total_timesteps      | 346624    |
| train/                  |           |
|    approx_kl            | 2.0682945 |
|    clip_fraction        | 0.888     |
|    clip_range           | 0.2       |
|    entropy_loss         | 11.3      |
|    explained_variance   | 0.951     |
|    learning_rate        | 0.0003    |
|    loss                 | 1.15      |
|    n_updates            | 13520     |
|    policy_gradient_loss | -0.0288   |
|    std                  | 0.0374    |
|    value_loss           | 3.96      |
---------------------------------------
---------------------------------------
| rollout/                |           |
|    ep_len_mean          | 1e+03     |
|    ep_rew_mean          | 731       |
| time/                   |           |
|    fps                  | 442       |
|    iterations           | 678       |
|    time_elapsed         | 785       |
|    total_timesteps      | 347136    |
| train/                  |           |
|    approx_kl            | 2.8981836 |
|    clip_fraction        | 0.897     |
|    clip_range           | 0.2       |
|    entropy_loss         | 11.3      |
|    explained_variance   | 0.847     |
|    learning_rate        | 0.0003    |
|    loss                 | 1.19      |
|    n_updates            | 13540     |
|    policy_gradient_loss | 0.00201   |
|    std                  | 0.0372    |
|    value_loss           | 2.65      |
---------------------------------------
---------------------------------------
| rollout/                |           |
|    ep_len_mean          | 1e+03     |
|    ep_rew_mean          | 731       |
| time/                   |           |
|    fps                  | 442       |
|    iterations           | 679       |
|    time_elapsed         | 786       |
|    total_timesteps      | 347648    |
| train/                  |           |
|    approx_kl            | 1.5787625 |
|    clip_fraction        | 0.875     |
|    clip_range           | 0.2       |
|    entropy_loss         | 11.3      |
|    explained_variance   | 0.93      |
|    learning_rate        | 0.0003    |
|    loss                 | 1.57      |
|    n_updates            | 13560     |
|    policy_gradient_loss | -0.0177   |
|    std                  | 0.0373    |
|    value_loss           | 5.03      |
---------------------------------------
---------------------------------------
| rollout/                |           |
|    ep_len_mean          | 1e+03     |
|    ep_rew_mean          | 731       |
| time/                   |           |
|    fps                  | 442       |
|    iterations           | 680       |
|    time_elapsed         | 787       |
|    total_timesteps      | 348160    |
| train/                  |           |
|    approx_kl            | 2.3862183 |
|    clip_fraction        | 0.896     |
|    clip_range           | 0.2       |
|    entropy_loss         | 11.3      |
|    explained_variance   | 0.845     |
|    learning_rate        | 0.0003    |
|    loss                 | 0.988     |
|    n_updates            | 13580     |
|    policy_gradient_loss | -0.0139   |
|    std                  | 0.037     |
|    value_loss           | 3.03      |
---------------------------------------
---------------------------------------
| rollout/                |           |
|    ep_len_mean          | 1e+03     |
|    ep_rew_mean          | 731       |
| time/                   |           |
|    fps                  | 442       |
|    iterations           | 681       |
|    time_elapsed         | 788       |
|    total_timesteps      | 348672    |
| train/                  |           |
|    approx_kl            | 2.8353019 |
|    clip_fraction        | 0.875     |
|    clip_range           | 0.2       |
|    entropy_loss         | 11.4      |
|    explained_variance   | 0.863     |
|    learning_rate        | 0.0003    |
|    loss                 | 2.06      |
|    n_updates            | 13600     |
|    policy_gradient_loss | -0.0652   |
|    std                  | 0.0368    |
|    value_loss           | 4.34      |
---------------------------------------
---------------------------------------
| rollout/                |           |
|    ep_len_mean          | 1e+03     |
|    ep_rew_mean          | 731       |
| time/                   |           |
|    fps                  | 442       |
|    iterations           | 682       |
|    time_elapsed         | 789       |
|    total_timesteps      | 349184    |
| train/                  |           |
|    approx_kl            | 1.7815235 |
|    clip_fraction        | 0.895     |
|    clip_range           | 0.2       |
|    entropy_loss         | 11.4      |
|    explained_variance   | 0.792     |
|    learning_rate        | 0.0003    |
|    loss                 | 1.25      |
|    n_updates            | 13620     |
|    policy_gradient_loss | -0.0272   |
|    std                  | 0.037     |
|    value_loss           | 3.06      |
---------------------------------------
---------------------------------------
| rollout/                |           |
|    ep_len_mean          | 1e+03     |
|    ep_rew_mean          | 731       |
| time/                   |           |
|    fps                  | 442       |
|    iterations           | 683       |
|    time_elapsed         | 790       |
|    total_timesteps      | 349696    |
| train/                  |           |
|    approx_kl            | 1.2646842 |
|    clip_fraction        | 0.826     |
|    clip_range           | 0.2       |
|    entropy_loss         | 11.4      |
|    explained_variance   | 0.936     |
|    learning_rate        | 0.0003    |
|    loss                 | 1.18      |
|    n_updates            | 13640     |
|    policy_gradient_loss | -0.0625   |
|    std                  | 0.0368    |
|    value_loss           | 6.83      |
---------------------------------------
---------------------------------------
| rollout/                |           |
|    ep_len_mean          | 1e+03     |
|    ep_rew_mean          | 728       |
| time/                   |           |
|    fps                  | 442       |
|    iterations           | 684       |
|    time_elapsed         | 791       |
|    total_timesteps      | 350208    |
| train/                  |           |
|    approx_kl            | 1.9593986 |
|    clip_fraction        | 0.882     |
|    clip_range           | 0.2       |
|    entropy_loss         | 11.4      |
|    explained_variance   | 0.847     |
|    learning_rate        | 0.0003    |
|    loss                 | 1.04      |
|    n_updates            | 13660     |
|    policy_gradient_loss | -0.0485   |
|    std                  | 0.0367    |
|    value_loss           | 4.47      |
---------------------------------------
--------------------------------------
| rollout/                |          |
|    ep_len_mean          | 1e+03    |
|    ep_rew_mean          | 728      |
| time/                   |          |
|    fps                  | 442      |
|    iterations           | 685      |
|    time_elapsed         | 792      |
|    total_timesteps      | 350720   |
| train/                  |          |
|    approx_kl            | 1.159155 |
|    clip_fraction        | 0.849    |
|    clip_range           | 0.2      |
|    entropy_loss         | 11.4     |
|    explained_variance   | 0.916    |
|    learning_rate        | 0.0003   |
|    loss                 | 2.3      |
|    n_updates            | 13680    |
|    policy_gradient_loss | -0.0904  |
|    std                  | 0.0365   |
|    value_loss           | 8.19     |
--------------------------------------
---------------------------------------
| rollout/                |           |
|    ep_len_mean          | 1e+03     |
|    ep_rew_mean          | 727       |
| time/                   |           |
|    fps                  | 442       |
|    iterations           | 686       |
|    time_elapsed         | 794       |
|    total_timesteps      | 351232    |
| train/                  |           |
|    approx_kl            | 3.0629277 |
|    clip_fraction        | 0.911     |
|    clip_range           | 0.2       |
|    entropy_loss         | 11.4      |
|    explained_variance   | 0.412     |
|    learning_rate        | 0.0003    |
|    loss                 | 1.37      |
|    n_updates            | 13700     |
|    policy_gradient_loss | 0.0101    |
|    std                  | 0.0365    |
|    value_loss           | 3.81      |
---------------------------------------
---------------------------------------
| rollout/                |           |
|    ep_len_mean          | 1e+03     |
|    ep_rew_mean          | 727       |
| time/                   |           |
|    fps                  | 442       |
|    iterations           | 687       |
|    time_elapsed         | 795       |
|    total_timesteps      | 351744    |
| train/                  |           |
|    approx_kl            | 2.0609775 |
|    clip_fraction        | 0.887     |
|    clip_range           | 0.2       |
|    entropy_loss         | 11.4      |
|    explained_variance   | 0.694     |
|    learning_rate        | 0.0003    |
|    loss                 | 2.08      |
|    n_updates            | 13720     |
|    policy_gradient_loss | -0.0458   |
|    std                  | 0.0365    |
|    value_loss           | 4.72      |
---------------------------------------
---------------------------------------
| rollout/                |           |
|    ep_len_mean          | 1e+03     |
|    ep_rew_mean          | 726       |
| time/                   |           |
|    fps                  | 442       |
|    iterations           | 688       |
|    time_elapsed         | 796       |
|    total_timesteps      | 352256    |
| train/                  |           |
|    approx_kl            | 1.5622277 |
|    clip_fraction        | 0.858     |
|    clip_range           | 0.2       |
|    entropy_loss         | 11.4      |
|    explained_variance   | 0.541     |
|    learning_rate        | 0.0003    |
|    loss                 | 2.35      |
|    n_updates            | 13740     |
|    policy_gradient_loss | -0.0647   |
|    std                  | 0.0364    |
|    value_loss           | 4.61      |
---------------------------------------
----------------------------------------
| rollout/                |            |
|    ep_len_mean          | 1e+03      |
|    ep_rew_mean          | 726        |
| time/                   |            |
|    fps                  | 442        |
|    iterations           | 689        |
|    time_elapsed         | 797        |
|    total_timesteps      | 352768     |
| train/                  |            |
|    approx_kl            | 0.68137145 |
|    clip_fraction        | 0.842      |
|    clip_range           | 0.2        |
|    entropy_loss         | 11.5       |
|    explained_variance   | 0.897      |
|    learning_rate        | 0.0003     |
|    loss                 | 1.9        |
|    n_updates            | 13760      |
|    policy_gradient_loss | -0.0659    |
|    std                  | 0.0362     |
|    value_loss           | 7.28       |
----------------------------------------
---------------------------------------
| rollout/                |           |
|    ep_len_mean          | 1e+03     |
|    ep_rew_mean          | 725       |
| time/                   |           |
|    fps                  | 442       |
|    iterations           | 690       |
|    time_elapsed         | 798       |
|    total_timesteps      | 353280    |
| train/                  |           |
|    approx_kl            | 2.7290897 |
|    clip_fraction        | 0.913     |
|    clip_range           | 0.2       |
|    entropy_loss         | 11.5      |
|    explained_variance   | 0.78      |
|    learning_rate        | 0.0003    |
|    loss                 | 1.17      |
|    n_updates            | 13780     |
|    policy_gradient_loss | 0.0346    |
|    std                  | 0.0361    |
|    value_loss           | 4.34      |
---------------------------------------
---------------------------------------
| rollout/                |           |
|    ep_len_mean          | 1e+03     |
|    ep_rew_mean          | 725       |
| time/                   |           |
|    fps                  | 442       |
|    iterations           | 691       |
|    time_elapsed         | 799       |
|    total_timesteps      | 353792    |
| train/                  |           |
|    approx_kl            | 1.5388651 |
|    clip_fraction        | 0.865     |
|    clip_range           | 0.2       |
|    entropy_loss         | 11.5      |
|    explained_variance   | 0.938     |
|    learning_rate        | 0.0003    |
|    loss                 | 1.88      |
|    n_updates            | 13800     |
|    policy_gradient_loss | -0.0733   |
|    std                  | 0.036     |
|    value_loss           | 5.44      |
---------------------------------------
---------------------------------------
| rollout/                |           |
|    ep_len_mean          | 1e+03     |
|    ep_rew_mean          | 724       |
| time/                   |           |
|    fps                  | 442       |
|    iterations           | 692       |
|    time_elapsed         | 800       |
|    total_timesteps      | 354304    |
| train/                  |           |
|    approx_kl            | 1.4616874 |
|    clip_fraction        | 0.877     |
|    clip_range           | 0.2       |
|    entropy_loss         | 11.5      |
|    explained_variance   | 0.742     |
|    learning_rate        | 0.0003    |
|    loss                 | 1.32      |
|    n_updates            | 13820     |
|    policy_gradient_loss | -0.0306   |
|    std                  | 0.0359    |
|    value_loss           | 3.24      |
---------------------------------------
---------------------------------------
| rollout/                |           |
|    ep_len_mean          | 1e+03     |
|    ep_rew_mean          | 724       |
| time/                   |           |
|    fps                  | 442       |
|    iterations           | 693       |
|    time_elapsed         | 801       |
|    total_timesteps      | 354816    |
| train/                  |           |
|    approx_kl            | 2.2935312 |
|    clip_fraction        | 0.855     |
|    clip_range           | 0.2       |
|    entropy_loss         | 11.5      |
|    explained_variance   | 0.722     |
|    learning_rate        | 0.0003    |
|    loss                 | 2.65      |
|    n_updates            | 13840     |
|    policy_gradient_loss | -0.0703   |
|    std                  | 0.036     |
|    value_loss           | 7.02      |
---------------------------------------
---------------------------------------
| rollout/                |           |
|    ep_len_mean          | 1e+03     |
|    ep_rew_mean          | 725       |
| time/                   |           |
|    fps                  | 442       |
|    iterations           | 694       |
|    time_elapsed         | 802       |
|    total_timesteps      | 355328    |
| train/                  |           |
|    approx_kl            | 1.7585467 |
|    clip_fraction        | 0.894     |
|    clip_range           | 0.2       |
|    entropy_loss         | 11.5      |
|    explained_variance   | 0.62      |
|    learning_rate        | 0.0003    |
|    loss                 | 1.79      |
|    n_updates            | 13860     |
|    policy_gradient_loss | -0.00595  |
|    std                  | 0.0361    |
|    value_loss           | 5.01      |
---------------------------------------
---------------------------------------
| rollout/                |           |
|    ep_len_mean          | 1e+03     |
|    ep_rew_mean          | 725       |
| time/                   |           |
|    fps                  | 442       |
|    iterations           | 695       |
|    time_elapsed         | 804       |
|    total_timesteps      | 355840    |
| train/                  |           |
|    approx_kl            | 1.4511001 |
|    clip_fraction        | 0.824     |
|    clip_range           | 0.2       |
|    entropy_loss         | 11.5      |
|    explained_variance   | 0.919     |
|    learning_rate        | 0.0003    |
|    loss                 | 2.31      |
|    n_updates            | 13880     |
|    policy_gradient_loss | -0.0613   |
|    std                  | 0.0361    |
|    value_loss           | 8.09      |
---------------------------------------
---------------------------------------
| rollout/                |           |
|    ep_len_mean          | 1e+03     |
|    ep_rew_mean          | 724       |
| time/                   |           |
|    fps                  | 442       |
|    iterations           | 696       |
|    time_elapsed         | 805       |
|    total_timesteps      | 356352    |
| train/                  |           |
|    approx_kl            | 1.9984555 |
|    clip_fraction        | 0.889     |
|    clip_range           | 0.2       |
|    entropy_loss         | 11.5      |
|    explained_variance   | 0.814     |
|    learning_rate        | 0.0003    |
|    loss                 | 1.68      |
|    n_updates            | 13900     |
|    policy_gradient_loss | 0.00467   |
|    std                  | 0.0362    |
|    value_loss           | 3.88      |
---------------------------------------
---------------------------------------
| rollout/                |           |
|    ep_len_mean          | 1e+03     |
|    ep_rew_mean          | 724       |
| time/                   |           |
|    fps                  | 442       |
|    iterations           | 697       |
|    time_elapsed         | 806       |
|    total_timesteps      | 356864    |
| train/                  |           |
|    approx_kl            | 2.1582642 |
|    clip_fraction        | 0.869     |
|    clip_range           | 0.2       |
|    entropy_loss         | 11.5      |
|    explained_variance   | 0.957     |
|    learning_rate        | 0.0003    |
|    loss                 | 1.56      |
|    n_updates            | 13920     |
|    policy_gradient_loss | -0.0612   |
|    std                  | 0.036     |
|    value_loss           | 5.16      |
---------------------------------------
--------------------------------------
| rollout/                |          |
|    ep_len_mean          | 1e+03    |
|    ep_rew_mean          | 724      |
| time/                   |          |
|    fps                  | 442      |
|    iterations           | 698      |
|    time_elapsed         | 807      |
|    total_timesteps      | 357376   |
| train/                  |          |
|    approx_kl            | 1.638873 |
|    clip_fraction        | 0.901    |
|    clip_range           | 0.2      |
|    entropy_loss         | 11.5     |
|    explained_variance   | 0.552    |
|    learning_rate        | 0.0003   |
|    loss                 | 1.36     |
|    n_updates            | 13940    |
|    policy_gradient_loss | 0.000706 |
|    std                  | 0.0361   |
|    value_loss           | 3.18     |
--------------------------------------
---------------------------------------
| rollout/                |           |
|    ep_len_mean          | 1e+03     |
|    ep_rew_mean          | 724       |
| time/                   |           |
|    fps                  | 442       |
|    iterations           | 699       |
|    time_elapsed         | 808       |
|    total_timesteps      | 357888    |
| train/                  |           |
|    approx_kl            | 2.4225178 |
|    clip_fraction        | 0.894     |
|    clip_range           | 0.2       |
|    entropy_loss         | 11.5      |
|    explained_variance   | 0.822     |
|    learning_rate        | 0.0003    |
|    loss                 | 1.49      |
|    n_updates            | 13960     |
|    policy_gradient_loss | -0.0316   |
|    std                  | 0.0358    |
|    value_loss           | 5.61      |
---------------------------------------
---------------------------------------
| rollout/                |           |
|    ep_len_mean          | 1e+03     |
|    ep_rew_mean          | 724       |
| time/                   |           |
|    fps                  | 442       |
|    iterations           | 700       |
|    time_elapsed         | 809       |
|    total_timesteps      | 358400    |
| train/                  |           |
|    approx_kl            | 2.5349631 |
|    clip_fraction        | 0.914     |
|    clip_range           | 0.2       |
|    entropy_loss         | 11.5      |
|    explained_variance   | 0.541     |
|    learning_rate        | 0.0003    |
|    loss                 | 1.22      |
|    n_updates            | 13980     |
|    policy_gradient_loss | 0.0459    |
|    std                  | 0.0359    |
|    value_loss           | 3.35      |
---------------------------------------
---------------------------------------
| rollout/                |           |
|    ep_len_mean          | 1e+03     |
|    ep_rew_mean          | 724       |
| time/                   |           |
|    fps                  | 442       |
|    iterations           | 701       |
|    time_elapsed         | 810       |
|    total_timesteps      | 358912    |
| train/                  |           |
|    approx_kl            | 2.2204795 |
|    clip_fraction        | 0.879     |
|    clip_range           | 0.2       |
|    entropy_loss         | 11.5      |
|    explained_variance   | 0.896     |
|    learning_rate        | 0.0003    |
|    loss                 | 1.21      |
|    n_updates            | 14000     |
|    policy_gradient_loss | -0.0547   |
|    std                  | 0.0357    |
|    value_loss           | 4.6       |
---------------------------------------
---------------------------------------
| rollout/                |           |
|    ep_len_mean          | 1e+03     |
|    ep_rew_mean          | 725       |
| time/                   |           |
|    fps                  | 442       |
|    iterations           | 702       |
|    time_elapsed         | 811       |
|    total_timesteps      | 359424    |
| train/                  |           |
|    approx_kl            | 2.1701994 |
|    clip_fraction        | 0.898     |
|    clip_range           | 0.2       |
|    entropy_loss         | 11.6      |
|    explained_variance   | 0.383     |
|    learning_rate        | 0.0003    |
|    loss                 | 1.45      |
|    n_updates            | 14020     |
|    policy_gradient_loss | 0.0547    |
|    std                  | 0.0358    |
|    value_loss           | 2.74      |
---------------------------------------
---------------------------------------
| rollout/                |           |
|    ep_len_mean          | 1e+03     |
|    ep_rew_mean          | 725       |
| time/                   |           |
|    fps                  | 442       |
|    iterations           | 703       |
|    time_elapsed         | 813       |
|    total_timesteps      | 359936    |
| train/                  |           |
|    approx_kl            | 2.2375908 |
|    clip_fraction        | 0.901     |
|    clip_range           | 0.2       |
|    entropy_loss         | 11.5      |
|    explained_variance   | 0.875     |
|    learning_rate        | 0.0003    |
|    loss                 | 0.889     |
|    n_updates            | 14040     |
|    policy_gradient_loss | -0.056    |
|    std                  | 0.0357    |
|    value_loss           | 5.66      |
---------------------------------------
--------------------------------------
| rollout/                |          |
|    ep_len_mean          | 1e+03    |
|    ep_rew_mean          | 724      |
| time/                   |          |
|    fps                  | 442      |
|    iterations           | 704      |
|    time_elapsed         | 814      |
|    total_timesteps      | 360448   |
| train/                  |          |
|    approx_kl            | 2.639787 |
|    clip_fraction        | 0.913    |
|    clip_range           | 0.2      |
|    entropy_loss         | 11.5     |
|    explained_variance   | 0.505    |
|    learning_rate        | 0.0003   |
|    loss                 | 1.22     |
|    n_updates            | 14060    |
|    policy_gradient_loss | 0.0837   |
|    std                  | 0.0361   |
|    value_loss           | 2.32     |
--------------------------------------
--------------------------------------
| rollout/                |          |
|    ep_len_mean          | 1e+03    |
|    ep_rew_mean          | 724      |
| time/                   |          |
|    fps                  | 442      |
|    iterations           | 705      |
|    time_elapsed         | 815      |
|    total_timesteps      | 360960   |
| train/                  |          |
|    approx_kl            | 2.36957  |
|    clip_fraction        | 0.885    |
|    clip_range           | 0.2      |
|    entropy_loss         | 11.5     |
|    explained_variance   | 0.923    |
|    learning_rate        | 0.0003   |
|    loss                 | 1.77     |
|    n_updates            | 14080    |
|    policy_gradient_loss | -0.0476  |
|    std                  | 0.036    |
|    value_loss           | 5.08     |
--------------------------------------
---------------------------------------
| rollout/                |           |
|    ep_len_mean          | 1e+03     |
|    ep_rew_mean          | 724       |
| time/                   |           |
|    fps                  | 442       |
|    iterations           | 706       |
|    time_elapsed         | 816       |
|    total_timesteps      | 361472    |
| train/                  |           |
|    approx_kl            | 1.5161939 |
|    clip_fraction        | 0.89      |
|    clip_range           | 0.2       |
|    entropy_loss         | 11.5      |
|    explained_variance   | 0.735     |
|    learning_rate        | 0.0003    |
|    loss                 | 1.54      |
|    n_updates            | 14100     |
|    policy_gradient_loss | 0.0177    |
|    std                  | 0.0362    |
|    value_loss           | 3.72      |
---------------------------------------
---------------------------------------
| rollout/                |           |
|    ep_len_mean          | 1e+03     |
|    ep_rew_mean          | 724       |
| time/                   |           |
|    fps                  | 442       |
|    iterations           | 707       |
|    time_elapsed         | 817       |
|    total_timesteps      | 361984    |
| train/                  |           |
|    approx_kl            | 2.4667048 |
|    clip_fraction        | 0.908     |
|    clip_range           | 0.2       |
|    entropy_loss         | 11.5      |
|    explained_variance   | 0.929     |
|    learning_rate        | 0.0003    |
|    loss                 | 1.31      |
|    n_updates            | 14120     |
|    policy_gradient_loss | -0.0336   |
|    std                  | 0.0361    |
|    value_loss           | 3.62      |
---------------------------------------
---------------------------------------
| rollout/                |           |
|    ep_len_mean          | 1e+03     |
|    ep_rew_mean          | 723       |
| time/                   |           |
|    fps                  | 442       |
|    iterations           | 708       |
|    time_elapsed         | 818       |
|    total_timesteps      | 362496    |
| train/                  |           |
|    approx_kl            | 1.2921357 |
|    clip_fraction        | 0.866     |
|    clip_range           | 0.2       |
|    entropy_loss         | 11.5      |
|    explained_variance   | 0.639     |
|    learning_rate        | 0.0003    |
|    loss                 | 2.56      |
|    n_updates            | 14140     |
|    policy_gradient_loss | 0.0115    |
|    std                  | 0.0362    |
|    value_loss           | 5.04      |
---------------------------------------
---------------------------------------
| rollout/                |           |
|    ep_len_mean          | 1e+03     |
|    ep_rew_mean          | 723       |
| time/                   |           |
|    fps                  | 442       |
|    iterations           | 709       |
|    time_elapsed         | 819       |
|    total_timesteps      | 363008    |
| train/                  |           |
|    approx_kl            | 2.4738946 |
|    clip_fraction        | 0.888     |
|    clip_range           | 0.2       |
|    entropy_loss         | 11.5      |
|    explained_variance   | 0.942     |
|    learning_rate        | 0.0003    |
|    loss                 | 1.61      |
|    n_updates            | 14160     |
|    policy_gradient_loss | -0.0521   |
|    std                  | 0.0359    |
|    value_loss           | 3.38      |
---------------------------------------
---------------------------------------
| rollout/                |           |
|    ep_len_mean          | 1e+03     |
|    ep_rew_mean          | 723       |
| time/                   |           |
|    fps                  | 442       |
|    iterations           | 710       |
|    time_elapsed         | 820       |
|    total_timesteps      | 363520    |
| train/                  |           |
|    approx_kl            | 0.9322752 |
|    clip_fraction        | 0.837     |
|    clip_range           | 0.2       |
|    entropy_loss         | 11.5      |
|    explained_variance   | 0.866     |
|    learning_rate        | 0.0003    |
|    loss                 | 2.85      |
|    n_updates            | 14180     |
|    policy_gradient_loss | -0.0243   |
|    std                  | 0.0358    |
|    value_loss           | 6.18      |
---------------------------------------
---------------------------------------
| rollout/                |           |
|    ep_len_mean          | 1e+03     |
|    ep_rew_mean          | 721       |
| time/                   |           |
|    fps                  | 442       |
|    iterations           | 711       |
|    time_elapsed         | 822       |
|    total_timesteps      | 364032    |
| train/                  |           |
|    approx_kl            | 2.2569284 |
|    clip_fraction        | 0.886     |
|    clip_range           | 0.2       |
|    entropy_loss         | 11.5      |
|    explained_variance   | 0.936     |
|    learning_rate        | 0.0003    |
|    loss                 | 1.3       |
|    n_updates            | 14200     |
|    policy_gradient_loss | -0.0648   |
|    std                  | 0.0358    |
|    value_loss           | 3.96      |
---------------------------------------
---------------------------------------
| rollout/                |           |
|    ep_len_mean          | 1e+03     |
|    ep_rew_mean          | 721       |
| time/                   |           |
|    fps                  | 442       |
|    iterations           | 712       |
|    time_elapsed         | 823       |
|    total_timesteps      | 364544    |
| train/                  |           |
|    approx_kl            | 1.2237694 |
|    clip_fraction        | 0.852     |
|    clip_range           | 0.2       |
|    entropy_loss         | 11.5      |
|    explained_variance   | 0.952     |
|    learning_rate        | 0.0003    |
|    loss                 | 2.09      |
|    n_updates            | 14220     |
|    policy_gradient_loss | -0.0535   |
|    std                  | 0.0358    |
|    value_loss           | 5.29      |
---------------------------------------
--------------------------------------
| rollout/                |          |
|    ep_len_mean          | 1e+03    |
|    ep_rew_mean          | 720      |
| time/                   |          |
|    fps                  | 442      |
|    iterations           | 713      |
|    time_elapsed         | 824      |
|    total_timesteps      | 365056   |
| train/                  |          |
|    approx_kl            | 12.80637 |
|    clip_fraction        | 0.913    |
|    clip_range           | 0.2      |
|    entropy_loss         | 11.5     |
|    explained_variance   | 0.879    |
|    learning_rate        | 0.0003   |
|    loss                 | 1.02     |
|    n_updates            | 14240    |
|    policy_gradient_loss | -0.0555  |
|    std                  | 0.0359   |
|    value_loss           | 3.91     |
--------------------------------------
---------------------------------------
| rollout/                |           |
|    ep_len_mean          | 1e+03     |
|    ep_rew_mean          | 720       |
| time/                   |           |
|    fps                  | 442       |
|    iterations           | 714       |
|    time_elapsed         | 825       |
|    total_timesteps      | 365568    |
| train/                  |           |
|    approx_kl            | 1.3078711 |
|    clip_fraction        | 0.791     |
|    clip_range           | 0.2       |
|    entropy_loss         | 11.5      |
|    explained_variance   | 0.938     |
|    learning_rate        | 0.0003    |
|    loss                 | 1.72      |
|    n_updates            | 14260     |
|    policy_gradient_loss | -0.0568   |
|    std                  | 0.036     |
|    value_loss           | 6.8       |
---------------------------------------
---------------------------------------
| rollout/                |           |
|    ep_len_mean          | 1e+03     |
|    ep_rew_mean          | 719       |
| time/                   |           |
|    fps                  | 442       |
|    iterations           | 715       |
|    time_elapsed         | 826       |
|    total_timesteps      | 366080    |
| train/                  |           |
|    approx_kl            | 1.9264672 |
|    clip_fraction        | 0.882     |
|    clip_range           | 0.2       |
|    entropy_loss         | 11.5      |
|    explained_variance   | 0.835     |
|    learning_rate        | 0.0003    |
|    loss                 | 2.55      |
|    n_updates            | 14280     |
|    policy_gradient_loss | -0.0381   |
|    std                  | 0.0358    |
|    value_loss           | 6.39      |
---------------------------------------
---------------------------------------
| rollout/                |           |
|    ep_len_mean          | 1e+03     |
|    ep_rew_mean          | 719       |
| time/                   |           |
|    fps                  | 442       |
|    iterations           | 716       |
|    time_elapsed         | 827       |
|    total_timesteps      | 366592    |
| train/                  |           |
|    approx_kl            | 1.5425806 |
|    clip_fraction        | 0.877     |
|    clip_range           | 0.2       |
|    entropy_loss         | 11.5      |
|    explained_variance   | 0.902     |
|    learning_rate        | 0.0003    |
|    loss                 | 2.33      |
|    n_updates            | 14300     |
|    policy_gradient_loss | -0.0363   |
|    std                  | 0.0357    |
|    value_loss           | 5.84      |
---------------------------------------
---------------------------------------
| rollout/                |           |
|    ep_len_mean          | 1e+03     |
|    ep_rew_mean          | 718       |
| time/                   |           |
|    fps                  | 442       |
|    iterations           | 717       |
|    time_elapsed         | 828       |
|    total_timesteps      | 367104    |
| train/                  |           |
|    approx_kl            | 2.5645547 |
|    clip_fraction        | 0.899     |
|    clip_range           | 0.2       |
|    entropy_loss         | 11.5      |
|    explained_variance   | 0.775     |
|    learning_rate        | 0.0003    |
|    loss                 | 1.86      |
|    n_updates            | 14320     |
|    policy_gradient_loss | -0.0197   |
|    std                  | 0.0358    |
|    value_loss           | 4.29      |
---------------------------------------
---------------------------------------
| rollout/                |           |
|    ep_len_mean          | 1e+03     |
|    ep_rew_mean          | 718       |
| time/                   |           |
|    fps                  | 442       |
|    iterations           | 718       |
|    time_elapsed         | 829       |
|    total_timesteps      | 367616    |
| train/                  |           |
|    approx_kl            | 2.3253605 |
|    clip_fraction        | 0.897     |
|    clip_range           | 0.2       |
|    entropy_loss         | 11.5      |
|    explained_variance   | 0.936     |
|    learning_rate        | 0.0003    |
|    loss                 | 1.58      |
|    n_updates            | 14340     |
|    policy_gradient_loss | -0.00551  |
|    std                  | 0.0361    |
|    value_loss           | 4.58      |
---------------------------------------
--------------------------------------
| rollout/                |          |
|    ep_len_mean          | 1e+03    |
|    ep_rew_mean          | 717      |
| time/                   |          |
|    fps                  | 442      |
|    iterations           | 719      |
|    time_elapsed         | 831      |
|    total_timesteps      | 368128   |
| train/                  |          |
|    approx_kl            | 2.154362 |
|    clip_fraction        | 0.893    |
|    clip_range           | 0.2      |
|    entropy_loss         | 11.5     |
|    explained_variance   | 0.786    |
|    learning_rate        | 0.0003   |
|    loss                 | 1.44     |
|    n_updates            | 14360    |
|    policy_gradient_loss | -0.0286  |
|    std                  | 0.036    |
|    value_loss           | 3.38     |
--------------------------------------
---------------------------------------
| rollout/                |           |
|    ep_len_mean          | 1e+03     |
|    ep_rew_mean          | 717       |
| time/                   |           |
|    fps                  | 442       |
|    iterations           | 720       |
|    time_elapsed         | 832       |
|    total_timesteps      | 368640    |
| train/                  |           |
|    approx_kl            | 1.1347129 |
|    clip_fraction        | 0.806     |
|    clip_range           | 0.2       |
|    entropy_loss         | 11.5      |
|    explained_variance   | 0.944     |
|    learning_rate        | 0.0003    |
|    loss                 | 1.46      |
|    n_updates            | 14380     |
|    policy_gradient_loss | -0.0575   |
|    std                  | 0.0359    |
|    value_loss           | 7.07      |
---------------------------------------
---------------------------------------
| rollout/                |           |
|    ep_len_mean          | 1e+03     |
|    ep_rew_mean          | 715       |
| time/                   |           |
|    fps                  | 443       |
|    iterations           | 721       |
|    time_elapsed         | 833       |
|    total_timesteps      | 369152    |
| train/                  |           |
|    approx_kl            | 3.0234385 |
|    clip_fraction        | 0.901     |
|    clip_range           | 0.2       |
|    entropy_loss         | 11.5      |
|    explained_variance   | 0.896     |
|    learning_rate        | 0.0003    |
|    loss                 | 1.39      |
|    n_updates            | 14400     |
|    policy_gradient_loss | -0.0589   |
|    std                  | 0.036     |
|    value_loss           | 4.21      |
---------------------------------------
--------------------------------------
| rollout/                |          |
|    ep_len_mean          | 1e+03    |
|    ep_rew_mean          | 715      |
| time/                   |          |
|    fps                  | 443      |
|    iterations           | 722      |
|    time_elapsed         | 834      |
|    total_timesteps      | 369664   |
| train/                  |          |
|    approx_kl            | 1.993372 |
|    clip_fraction        | 0.899    |
|    clip_range           | 0.2      |
|    entropy_loss         | 11.5     |
|    explained_variance   | 0.872    |
|    learning_rate        | 0.0003   |
|    loss                 | 1.54     |
|    n_updates            | 14420    |
|    policy_gradient_loss | -0.0131  |
|    std                  | 0.0359   |
|    value_loss           | 5.27     |
--------------------------------------
---------------------------------------
| rollout/                |           |
|    ep_len_mean          | 1e+03     |
|    ep_rew_mean          | 716       |
| time/                   |           |
|    fps                  | 443       |
|    iterations           | 723       |
|    time_elapsed         | 835       |
|    total_timesteps      | 370176    |
| train/                  |           |
|    approx_kl            | 3.0525198 |
|    clip_fraction        | 0.908     |
|    clip_range           | 0.2       |
|    entropy_loss         | 11.5      |
|    explained_variance   | 0.878     |
|    learning_rate        | 0.0003    |
|    loss                 | 1.01      |
|    n_updates            | 14440     |
|    policy_gradient_loss | -0.00549  |
|    std                  | 0.0359    |
|    value_loss           | 2.66      |
---------------------------------------
---------------------------------------
| rollout/                |           |
|    ep_len_mean          | 1e+03     |
|    ep_rew_mean          | 716       |
| time/                   |           |
|    fps                  | 443       |
|    iterations           | 724       |
|    time_elapsed         | 836       |
|    total_timesteps      | 370688    |
| train/                  |           |
|    approx_kl            | 2.2855635 |
|    clip_fraction        | 0.901     |
|    clip_range           | 0.2       |
|    entropy_loss         | 11.5      |
|    explained_variance   | 0.909     |
|    learning_rate        | 0.0003    |
|    loss                 | 2.2       |
|    n_updates            | 14460     |
|    policy_gradient_loss | -0.0174   |
|    std                  | 0.0359    |
|    value_loss           | 4.05      |
---------------------------------------
---------------------------------------
| rollout/                |           |
|    ep_len_mean          | 1e+03     |
|    ep_rew_mean          | 716       |
| time/                   |           |
|    fps                  | 443       |
|    iterations           | 725       |
|    time_elapsed         | 837       |
|    total_timesteps      | 371200    |
| train/                  |           |
|    approx_kl            | 1.8073431 |
|    clip_fraction        | 0.904     |
|    clip_range           | 0.2       |
|    entropy_loss         | 11.5      |
|    explained_variance   | 0.84      |
|    learning_rate        | 0.0003    |
|    loss                 | 1.2       |
|    n_updates            | 14480     |
|    policy_gradient_loss | -0.0151   |
|    std                  | 0.0359    |
|    value_loss           | 3.63      |
---------------------------------------
---------------------------------------
| rollout/                |           |
|    ep_len_mean          | 1e+03     |
|    ep_rew_mean          | 716       |
| time/                   |           |
|    fps                  | 443       |
|    iterations           | 726       |
|    time_elapsed         | 838       |
|    total_timesteps      | 371712    |
| train/                  |           |
|    approx_kl            | 1.3811004 |
|    clip_fraction        | 0.883     |
|    clip_range           | 0.2       |
|    entropy_loss         | 11.5      |
|    explained_variance   | 0.943     |
|    learning_rate        | 0.0003    |
|    loss                 | 1.57      |
|    n_updates            | 14500     |
|    policy_gradient_loss | -0.0255   |
|    std                  | 0.0359    |
|    value_loss           | 3.85      |
---------------------------------------
---------------------------------------
| rollout/                |           |
|    ep_len_mean          | 1e+03     |
|    ep_rew_mean          | 714       |
| time/                   |           |
|    fps                  | 443       |
|    iterations           | 727       |
|    time_elapsed         | 839       |
|    total_timesteps      | 372224    |
| train/                  |           |
|    approx_kl            | 2.2905662 |
|    clip_fraction        | 0.886     |
|    clip_range           | 0.2       |
|    entropy_loss         | 11.5      |
|    explained_variance   | 0.828     |
|    learning_rate        | 0.0003    |
|    loss                 | 1.53      |
|    n_updates            | 14520     |
|    policy_gradient_loss | -0.0248   |
|    std                  | 0.0356    |
|    value_loss           | 2.75      |
---------------------------------------
---------------------------------------
| rollout/                |           |
|    ep_len_mean          | 1e+03     |
|    ep_rew_mean          | 714       |
| time/                   |           |
|    fps                  | 443       |
|    iterations           | 728       |
|    time_elapsed         | 841       |
|    total_timesteps      | 372736    |
| train/                  |           |
|    approx_kl            | 2.6018395 |
|    clip_fraction        | 0.878     |
|    clip_range           | 0.2       |
|    entropy_loss         | 11.6      |
|    explained_variance   | 0.933     |
|    learning_rate        | 0.0003    |
|    loss                 | 1.87      |
|    n_updates            | 14540     |
|    policy_gradient_loss | -0.0576   |
|    std                  | 0.0355    |
|    value_loss           | 4.91      |
---------------------------------------
---------------------------------------
| rollout/                |           |
|    ep_len_mean          | 1e+03     |
|    ep_rew_mean          | 713       |
| time/                   |           |
|    fps                  | 443       |
|    iterations           | 729       |
|    time_elapsed         | 842       |
|    total_timesteps      | 373248    |
| train/                  |           |
|    approx_kl            | 1.7422163 |
|    clip_fraction        | 0.888     |
|    clip_range           | 0.2       |
|    entropy_loss         | 11.6      |
|    explained_variance   | 0.895     |
|    learning_rate        | 0.0003    |
|    loss                 | 1.2       |
|    n_updates            | 14560     |
|    policy_gradient_loss | -0.0383   |
|    std                  | 0.0354    |
|    value_loss           | 3.29      |
---------------------------------------
--------------------------------------
| rollout/                |          |
|    ep_len_mean          | 1e+03    |
|    ep_rew_mean          | 713      |
| time/                   |          |
|    fps                  | 443      |
|    iterations           | 730      |
|    time_elapsed         | 843      |
|    total_timesteps      | 373760   |
| train/                  |          |
|    approx_kl            | 1.642299 |
|    clip_fraction        | 0.876    |
|    clip_range           | 0.2      |
|    entropy_loss         | 11.6     |
|    explained_variance   | 0.956    |
|    learning_rate        | 0.0003   |
|    loss                 | 1.1      |
|    n_updates            | 14580    |
|    policy_gradient_loss | -0.0461  |
|    std                  | 0.0354   |
|    value_loss           | 4.39     |
--------------------------------------
---------------------------------------
| rollout/                |           |
|    ep_len_mean          | 1e+03     |
|    ep_rew_mean          | 713       |
| time/                   |           |
|    fps                  | 443       |
|    iterations           | 731       |
|    time_elapsed         | 844       |
|    total_timesteps      | 374272    |
| train/                  |           |
|    approx_kl            | 1.4263682 |
|    clip_fraction        | 0.882     |
|    clip_range           | 0.2       |
|    entropy_loss         | 11.6      |
|    explained_variance   | 0.801     |
|    learning_rate        | 0.0003    |
|    loss                 | 2.03      |
|    n_updates            | 14600     |
|    policy_gradient_loss | -0.048    |
|    std                  | 0.0351    |
|    value_loss           | 4.66      |
---------------------------------------
---------------------------------------
| rollout/                |           |
|    ep_len_mean          | 1e+03     |
|    ep_rew_mean          | 713       |
| time/                   |           |
|    fps                  | 443       |
|    iterations           | 732       |
|    time_elapsed         | 845       |
|    total_timesteps      | 374784    |
| train/                  |           |
|    approx_kl            | 3.3052168 |
|    clip_fraction        | 0.899     |
|    clip_range           | 0.2       |
|    entropy_loss         | 11.7      |
|    explained_variance   | 0.934     |
|    learning_rate        | 0.0003    |
|    loss                 | 0.76      |
|    n_updates            | 14620     |
|    policy_gradient_loss | -0.0144   |
|    std                  | 0.035     |
|    value_loss           | 3.26      |
---------------------------------------
---------------------------------------
| rollout/                |           |
|    ep_len_mean          | 1e+03     |
|    ep_rew_mean          | 713       |
| time/                   |           |
|    fps                  | 443       |
|    iterations           | 733       |
|    time_elapsed         | 846       |
|    total_timesteps      | 375296    |
| train/                  |           |
|    approx_kl            | 2.4199958 |
|    clip_fraction        | 0.909     |
|    clip_range           | 0.2       |
|    entropy_loss         | 11.7      |
|    explained_variance   | 0.695     |
|    learning_rate        | 0.0003    |
|    loss                 | 1.5       |
|    n_updates            | 14640     |
|    policy_gradient_loss | -0.0151   |
|    std                  | 0.0349    |
|    value_loss           | 3.21      |
---------------------------------------
---------------------------------------
| rollout/                |           |
|    ep_len_mean          | 1e+03     |
|    ep_rew_mean          | 713       |
| time/                   |           |
|    fps                  | 443       |
|    iterations           | 734       |
|    time_elapsed         | 847       |
|    total_timesteps      | 375808    |
| train/                  |           |
|    approx_kl            | 2.0907822 |
|    clip_fraction        | 0.885     |
|    clip_range           | 0.2       |
|    entropy_loss         | 11.7      |
|    explained_variance   | 0.89      |
|    learning_rate        | 0.0003    |
|    loss                 | 2.22      |
|    n_updates            | 14660     |
|    policy_gradient_loss | -0.0825   |
|    std                  | 0.0348    |
|    value_loss           | 7.07      |
---------------------------------------
--------------------------------------
| rollout/                |          |
|    ep_len_mean          | 1e+03    |
|    ep_rew_mean          | 710      |
| time/                   |          |
|    fps                  | 443      |
|    iterations           | 735      |
|    time_elapsed         | 848      |
|    total_timesteps      | 376320   |
| train/                  |          |
|    approx_kl            | 2.829287 |
|    clip_fraction        | 0.918    |
|    clip_range           | 0.2      |
|    entropy_loss         | 11.7     |
|    explained_variance   | 0.525    |
|    learning_rate        | 0.0003   |
|    loss                 | 1.02     |
|    n_updates            | 14680    |
|    policy_gradient_loss | 0.0408   |
|    std                  | 0.0347   |
|    value_loss           | 2.37     |
--------------------------------------
--------------------------------------
| rollout/                |          |
|    ep_len_mean          | 1e+03    |
|    ep_rew_mean          | 710      |
| time/                   |          |
|    fps                  | 443      |
|    iterations           | 736      |
|    time_elapsed         | 850      |
|    total_timesteps      | 376832   |
| train/                  |          |
|    approx_kl            | 4.0074   |
|    clip_fraction        | 0.862    |
|    clip_range           | 0.2      |
|    entropy_loss         | 11.7     |
|    explained_variance   | 0.843    |
|    learning_rate        | 0.0003   |
|    loss                 | 1.63     |
|    n_updates            | 14700    |
|    policy_gradient_loss | -0.0457  |
|    std                  | 0.0347   |
|    value_loss           | 9.81     |
--------------------------------------
---------------------------------------
| rollout/                |           |
|    ep_len_mean          | 1e+03     |
|    ep_rew_mean          | 709       |
| time/                   |           |
|    fps                  | 443       |
|    iterations           | 737       |
|    time_elapsed         | 851       |
|    total_timesteps      | 377344    |
| train/                  |           |
|    approx_kl            | 1.8551478 |
|    clip_fraction        | 0.879     |
|    clip_range           | 0.2       |
|    entropy_loss         | 11.7      |
|    explained_variance   | 0.605     |
|    learning_rate        | 0.0003    |
|    loss                 | 1.4       |
|    n_updates            | 14720     |
|    policy_gradient_loss | -0.0244   |
|    std                  | 0.0345    |
|    value_loss           | 4.21      |
---------------------------------------
---------------------------------------
| rollout/                |           |
|    ep_len_mean          | 1e+03     |
|    ep_rew_mean          | 709       |
| time/                   |           |
|    fps                  | 443       |
|    iterations           | 738       |
|    time_elapsed         | 852       |
|    total_timesteps      | 377856    |
| train/                  |           |
|    approx_kl            | 1.7346495 |
|    clip_fraction        | 0.879     |
|    clip_range           | 0.2       |
|    entropy_loss         | 11.7      |
|    explained_variance   | 0.844     |
|    learning_rate        | 0.0003    |
|    loss                 | 1.43      |
|    n_updates            | 14740     |
|    policy_gradient_loss | -0.0473   |
|    std                  | 0.0344    |
|    value_loss           | 4.99      |
---------------------------------------
---------------------------------------
| rollout/                |           |
|    ep_len_mean          | 1e+03     |
|    ep_rew_mean          | 710       |
| time/                   |           |
|    fps                  | 443       |
|    iterations           | 739       |
|    time_elapsed         | 853       |
|    total_timesteps      | 378368    |
| train/                  |           |
|    approx_kl            | 1.5776793 |
|    clip_fraction        | 0.891     |
|    clip_range           | 0.2       |
|    entropy_loss         | 11.8      |
|    explained_variance   | 0.53      |
|    learning_rate        | 0.0003    |
|    loss                 | 2.18      |
|    n_updates            | 14760     |
|    policy_gradient_loss | -0.00563  |
|    std                  | 0.0344    |
|    value_loss           | 4.07      |
---------------------------------------
--------------------------------------
| rollout/                |          |
|    ep_len_mean          | 1e+03    |
|    ep_rew_mean          | 710      |
| time/                   |          |
|    fps                  | 443      |
|    iterations           | 740      |
|    time_elapsed         | 854      |
|    total_timesteps      | 378880   |
| train/                  |          |
|    approx_kl            | 2.204541 |
|    clip_fraction        | 0.889    |
|    clip_range           | 0.2      |
|    entropy_loss         | 11.8     |
|    explained_variance   | 0.924    |
|    learning_rate        | 0.0003   |
|    loss                 | 1.13     |
|    n_updates            | 14780    |
|    policy_gradient_loss | -0.051   |
|    std                  | 0.0342   |
|    value_loss           | 4.06     |
--------------------------------------
---------------------------------------
| rollout/                |           |
|    ep_len_mean          | 1e+03     |
|    ep_rew_mean          | 710       |
| time/                   |           |
|    fps                  | 443       |
|    iterations           | 741       |
|    time_elapsed         | 855       |
|    total_timesteps      | 379392    |
| train/                  |           |
|    approx_kl            | 1.5975426 |
|    clip_fraction        | 0.882     |
|    clip_range           | 0.2       |
|    entropy_loss         | 11.8      |
|    explained_variance   | 0.727     |
|    learning_rate        | 0.0003    |
|    loss                 | 1.77      |
|    n_updates            | 14800     |
|    policy_gradient_loss | -0.0038   |
|    std                  | 0.0342    |
|    value_loss           | 4.01      |
---------------------------------------
---------------------------------------
| rollout/                |           |
|    ep_len_mean          | 1e+03     |
|    ep_rew_mean          | 710       |
| time/                   |           |
|    fps                  | 443       |
|    iterations           | 742       |
|    time_elapsed         | 856       |
|    total_timesteps      | 379904    |
| train/                  |           |
|    approx_kl            | 2.0006723 |
|    clip_fraction        | 0.876     |
|    clip_range           | 0.2       |
|    entropy_loss         | 11.8      |
|    explained_variance   | 0.933     |
|    learning_rate        | 0.0003    |
|    loss                 | 1.25      |
|    n_updates            | 14820     |
|    policy_gradient_loss | -0.0371   |
|    std                  | 0.034     |
|    value_loss           | 4.27      |
---------------------------------------
---------------------------------------
| rollout/                |           |
|    ep_len_mean          | 1e+03     |
|    ep_rew_mean          | 709       |
| time/                   |           |
|    fps                  | 443       |
|    iterations           | 743       |
|    time_elapsed         | 857       |
|    total_timesteps      | 380416    |
| train/                  |           |
|    approx_kl            | 1.3956575 |
|    clip_fraction        | 0.879     |
|    clip_range           | 0.2       |
|    entropy_loss         | 11.8      |
|    explained_variance   | 0.798     |
|    learning_rate        | 0.0003    |
|    loss                 | 1.84      |
|    n_updates            | 14840     |
|    policy_gradient_loss | -0.0165   |
|    std                  | 0.0339    |
|    value_loss           | 4.05      |
---------------------------------------
---------------------------------------
| rollout/                |           |
|    ep_len_mean          | 1e+03     |
|    ep_rew_mean          | 709       |
| time/                   |           |
|    fps                  | 443       |
|    iterations           | 744       |
|    time_elapsed         | 859       |
|    total_timesteps      | 380928    |
| train/                  |           |
|    approx_kl            | 1.7425855 |
|    clip_fraction        | 0.885     |
|    clip_range           | 0.2       |
|    entropy_loss         | 11.8      |
|    explained_variance   | 0.845     |
|    learning_rate        | 0.0003    |
|    loss                 | 2.37      |
|    n_updates            | 14860     |
|    policy_gradient_loss | -0.0684   |
|    std                  | 0.0338    |
|    value_loss           | 7.36      |
---------------------------------------
---------------------------------------
| rollout/                |           |
|    ep_len_mean          | 1e+03     |
|    ep_rew_mean          | 708       |
| time/                   |           |
|    fps                  | 443       |
|    iterations           | 745       |
|    time_elapsed         | 860       |
|    total_timesteps      | 381440    |
| train/                  |           |
|    approx_kl            | 1.3275937 |
|    clip_fraction        | 0.87      |
|    clip_range           | 0.2       |
|    entropy_loss         | 11.9      |
|    explained_variance   | 0.757     |
|    learning_rate        | 0.0003    |
|    loss                 | 3.15      |
|    n_updates            | 14880     |
|    policy_gradient_loss | -0.0249   |
|    std                  | 0.0337    |
|    value_loss           | 5.7       |
---------------------------------------
---------------------------------------
| rollout/                |           |
|    ep_len_mean          | 1e+03     |
|    ep_rew_mean          | 708       |
| time/                   |           |
|    fps                  | 443       |
|    iterations           | 746       |
|    time_elapsed         | 861       |
|    total_timesteps      | 381952    |
| train/                  |           |
|    approx_kl            | 1.5815458 |
|    clip_fraction        | 0.888     |
|    clip_range           | 0.2       |
|    entropy_loss         | 11.9      |
|    explained_variance   | 0.867     |
|    learning_rate        | 0.0003    |
|    loss                 | 1.99      |
|    n_updates            | 14900     |
|    policy_gradient_loss | -0.0851   |
|    std                  | 0.0336    |
|    value_loss           | 7.36      |
---------------------------------------
---------------------------------------
| rollout/                |           |
|    ep_len_mean          | 1e+03     |
|    ep_rew_mean          | 707       |
| time/                   |           |
|    fps                  | 443       |
|    iterations           | 747       |
|    time_elapsed         | 862       |
|    total_timesteps      | 382464    |
| train/                  |           |
|    approx_kl            | 2.1495488 |
|    clip_fraction        | 0.909     |
|    clip_range           | 0.2       |
|    entropy_loss         | 11.9      |
|    explained_variance   | 0.789     |
|    learning_rate        | 0.0003    |
|    loss                 | 1.73      |
|    n_updates            | 14920     |
|    policy_gradient_loss | 0.00952   |
|    std                  | 0.0339    |
|    value_loss           | 3.75      |
---------------------------------------
---------------------------------------
| rollout/                |           |
|    ep_len_mean          | 1e+03     |
|    ep_rew_mean          | 707       |
| time/                   |           |
|    fps                  | 443       |
|    iterations           | 748       |
|    time_elapsed         | 863       |
|    total_timesteps      | 382976    |
| train/                  |           |
|    approx_kl            | 2.4625258 |
|    clip_fraction        | 0.898     |
|    clip_range           | 0.2       |
|    entropy_loss         | 11.8      |
|    explained_variance   | 0.846     |
|    learning_rate        | 0.0003    |
|    loss                 | 2.06      |
|    n_updates            | 14940     |
|    policy_gradient_loss | -0.0398   |
|    std                  | 0.0338    |
|    value_loss           | 5.05      |
---------------------------------------
---------------------------------------
| rollout/                |           |
|    ep_len_mean          | 1e+03     |
|    ep_rew_mean          | 708       |
| time/                   |           |
|    fps                  | 443       |
|    iterations           | 749       |
|    time_elapsed         | 864       |
|    total_timesteps      | 383488    |
| train/                  |           |
|    approx_kl            | 2.2215226 |
|    clip_fraction        | 0.908     |
|    clip_range           | 0.2       |
|    entropy_loss         | 11.8      |
|    explained_variance   | 0.661     |
|    learning_rate        | 0.0003    |
|    loss                 | 1.43      |
|    n_updates            | 14960     |
|    policy_gradient_loss | 0.0941    |
|    std                  | 0.0341    |
|    value_loss           | 3.33      |
---------------------------------------
---------------------------------------
| rollout/                |           |
|    ep_len_mean          | 1e+03     |
|    ep_rew_mean          | 707       |
| time/                   |           |
|    fps                  | 443       |
|    iterations           | 750       |
|    time_elapsed         | 865       |
|    total_timesteps      | 384000    |
| train/                  |           |
|    approx_kl            | 1.2596437 |
|    clip_fraction        | 0.831     |
|    clip_range           | 0.2       |
|    entropy_loss         | 11.8      |
|    explained_variance   | 0.879     |
|    learning_rate        | 0.0003    |
|    loss                 | 2.19      |
|    n_updates            | 14980     |
|    policy_gradient_loss | -0.0656   |
|    std                  | 0.0339    |
|    value_loss           | 9.78      |
---------------------------------------
--------------------------------------
| rollout/                |          |
|    ep_len_mean          | 1e+03    |
|    ep_rew_mean          | 707      |
| time/                   |          |
|    fps                  | 443      |
|    iterations           | 751      |
|    time_elapsed         | 866      |
|    total_timesteps      | 384512   |
| train/                  |          |
|    approx_kl            | 3.014924 |
|    clip_fraction        | 0.91     |
|    clip_range           | 0.2      |
|    entropy_loss         | 11.8     |
|    explained_variance   | 0.79     |
|    learning_rate        | 0.0003   |
|    loss                 | 1.24     |
|    n_updates            | 15000    |
|    policy_gradient_loss | 0.0364   |
|    std                  | 0.034    |
|    value_loss           | 3.04     |
--------------------------------------
---------------------------------------
| rollout/                |           |
|    ep_len_mean          | 1e+03     |
|    ep_rew_mean          | 706       |
| time/                   |           |
|    fps                  | 443       |
|    iterations           | 752       |
|    time_elapsed         | 867       |
|    total_timesteps      | 385024    |
| train/                  |           |
|    approx_kl            | 2.6390212 |
|    clip_fraction        | 0.863     |
|    clip_range           | 0.2       |
|    entropy_loss         | 11.8      |
|    explained_variance   | 0.922     |
|    learning_rate        | 0.0003    |
|    loss                 | 1.56      |
|    n_updates            | 15020     |
|    policy_gradient_loss | -0.0694   |
|    std                  | 0.034     |
|    value_loss           | 7.89      |
---------------------------------------
--------------------------------------
| rollout/                |          |
|    ep_len_mean          | 1e+03    |
|    ep_rew_mean          | 706      |
| time/                   |          |
|    fps                  | 443      |
|    iterations           | 753      |
|    time_elapsed         | 869      |
|    total_timesteps      | 385536   |
| train/                  |          |
|    approx_kl            | 2.216166 |
|    clip_fraction        | 0.897    |
|    clip_range           | 0.2      |
|    entropy_loss         | 11.8     |
|    explained_variance   | 0.916    |
|    learning_rate        | 0.0003   |
|    loss                 | 2.1      |
|    n_updates            | 15040    |
|    policy_gradient_loss | -0.00568 |
|    std                  | 0.034    |
|    value_loss           | 4.75     |
--------------------------------------
--------------------------------------
| rollout/                |          |
|    ep_len_mean          | 1e+03    |
|    ep_rew_mean          | 708      |
| time/                   |          |
|    fps                  | 443      |
|    iterations           | 754      |
|    time_elapsed         | 870      |
|    total_timesteps      | 386048   |
| train/                  |          |
|    approx_kl            | 2.606935 |
|    clip_fraction        | 0.893    |
|    clip_range           | 0.2      |
|    entropy_loss         | 11.8     |
|    explained_variance   | 0.91     |
|    learning_rate        | 0.0003   |
|    loss                 | 1.27     |
|    n_updates            | 15060    |
|    policy_gradient_loss | -0.0275  |
|    std                  | 0.0338   |
|    value_loss           | 3.3      |
--------------------------------------
---------------------------------------
| rollout/                |           |
|    ep_len_mean          | 1e+03     |
|    ep_rew_mean          | 708       |
| time/                   |           |
|    fps                  | 443       |
|    iterations           | 755       |
|    time_elapsed         | 871       |
|    total_timesteps      | 386560    |
| train/                  |           |
|    approx_kl            | 1.3127701 |
|    clip_fraction        | 0.848     |
|    clip_range           | 0.2       |
|    entropy_loss         | 11.8      |
|    explained_variance   | 0.952     |
|    learning_rate        | 0.0003    |
|    loss                 | 1.21      |
|    n_updates            | 15080     |
|    policy_gradient_loss | 0.00239   |
|    std                  | 0.0338    |
|    value_loss           | 5.04      |
---------------------------------------
---------------------------------------
| rollout/                |           |
|    ep_len_mean          | 1e+03     |
|    ep_rew_mean          | 705       |
| time/                   |           |
|    fps                  | 443       |
|    iterations           | 756       |
|    time_elapsed         | 872       |
|    total_timesteps      | 387072    |
| train/                  |           |
|    approx_kl            | 3.0531228 |
|    clip_fraction        | 0.902     |
|    clip_range           | 0.2       |
|    entropy_loss         | 11.8      |
|    explained_variance   | 0.883     |
|    learning_rate        | 0.0003    |
|    loss                 | 1.08      |
|    n_updates            | 15100     |
|    policy_gradient_loss | -0.0567   |
|    std                  | 0.0337    |
|    value_loss           | 3.59      |
---------------------------------------
---------------------------------------
| rollout/                |           |
|    ep_len_mean          | 1e+03     |
|    ep_rew_mean          | 705       |
| time/                   |           |
|    fps                  | 443       |
|    iterations           | 757       |
|    time_elapsed         | 873       |
|    total_timesteps      | 387584    |
| train/                  |           |
|    approx_kl            | 2.4060094 |
|    clip_fraction        | 0.89      |
|    clip_range           | 0.2       |
|    entropy_loss         | 11.9      |
|    explained_variance   | 0.961     |
|    learning_rate        | 0.0003    |
|    loss                 | 1.06      |
|    n_updates            | 15120     |
|    policy_gradient_loss | -0.0283   |
|    std                  | 0.0336    |
|    value_loss           | 3.76      |
---------------------------------------
---------------------------------------
| rollout/                |           |
|    ep_len_mean          | 1e+03     |
|    ep_rew_mean          | 704       |
| time/                   |           |
|    fps                  | 443       |
|    iterations           | 758       |
|    time_elapsed         | 874       |
|    total_timesteps      | 388096    |
| train/                  |           |
|    approx_kl            | 1.9426161 |
|    clip_fraction        | 0.899     |
|    clip_range           | 0.2       |
|    entropy_loss         | 11.9      |
|    explained_variance   | 0.899     |
|    learning_rate        | 0.0003    |
|    loss                 | 1.42      |
|    n_updates            | 15140     |
|    policy_gradient_loss | -0.0351   |
|    std                  | 0.0335    |
|    value_loss           | 4.05      |
---------------------------------------
---------------------------------------
| rollout/                |           |
|    ep_len_mean          | 1e+03     |
|    ep_rew_mean          | 704       |
| time/                   |           |
|    fps                  | 443       |
|    iterations           | 759       |
|    time_elapsed         | 875       |
|    total_timesteps      | 388608    |
| train/                  |           |
|    approx_kl            | 1.7990397 |
|    clip_fraction        | 0.892     |
|    clip_range           | 0.2       |
|    entropy_loss         | 11.9      |
|    explained_variance   | 0.92      |
|    learning_rate        | 0.0003    |
|    loss                 | 1.64      |
|    n_updates            | 15160     |
|    policy_gradient_loss | -0.0227   |
|    std                  | 0.0336    |
|    value_loss           | 5.17      |
---------------------------------------
---------------------------------------
| rollout/                |           |
|    ep_len_mean          | 1e+03     |
|    ep_rew_mean          | 704       |
| time/                   |           |
|    fps                  | 443       |
|    iterations           | 760       |
|    time_elapsed         | 876       |
|    total_timesteps      | 389120    |
| train/                  |           |
|    approx_kl            | 1.4401238 |
|    clip_fraction        | 0.884     |
|    clip_range           | 0.2       |
|    entropy_loss         | 11.9      |
|    explained_variance   | 0.887     |
|    learning_rate        | 0.0003    |
|    loss                 | 1.58      |
|    n_updates            | 15180     |
|    policy_gradient_loss | -0.0307   |
|    std                  | 0.0335    |
|    value_loss           | 5.24      |
---------------------------------------
---------------------------------------
| rollout/                |           |
|    ep_len_mean          | 1e+03     |
|    ep_rew_mean          | 704       |
| time/                   |           |
|    fps                  | 443       |
|    iterations           | 761       |
|    time_elapsed         | 877       |
|    total_timesteps      | 389632    |
| train/                  |           |
|    approx_kl            | 1.7534028 |
|    clip_fraction        | 0.841     |
|    clip_range           | 0.2       |
|    entropy_loss         | 11.9      |
|    explained_variance   | 0.919     |
|    learning_rate        | 0.0003    |
|    loss                 | 1.71      |
|    n_updates            | 15200     |
|    policy_gradient_loss | -0.0517   |
|    std                  | 0.0335    |
|    value_loss           | 8.82      |
---------------------------------------
---------------------------------------
| rollout/                |           |
|    ep_len_mean          | 1e+03     |
|    ep_rew_mean          | 703       |
| time/                   |           |
|    fps                  | 443       |
|    iterations           | 762       |
|    time_elapsed         | 879       |
|    total_timesteps      | 390144    |
| train/                  |           |
|    approx_kl            | 1.6693857 |
|    clip_fraction        | 0.884     |
|    clip_range           | 0.2       |
|    entropy_loss         | 11.9      |
|    explained_variance   | 0.887     |
|    learning_rate        | 0.0003    |
|    loss                 | 1.77      |
|    n_updates            | 15220     |
|    policy_gradient_loss | -0.0607   |
|    std                  | 0.0334    |
|    value_loss           | 4.8       |
---------------------------------------
---------------------------------------
| rollout/                |           |
|    ep_len_mean          | 1e+03     |
|    ep_rew_mean          | 703       |
| time/                   |           |
|    fps                  | 443       |
|    iterations           | 763       |
|    time_elapsed         | 880       |
|    total_timesteps      | 390656    |
| train/                  |           |
|    approx_kl            | 2.1137578 |
|    clip_fraction        | 0.888     |
|    clip_range           | 0.2       |
|    entropy_loss         | 11.9      |
|    explained_variance   | 0.94      |
|    learning_rate        | 0.0003    |
|    loss                 | 1.48      |
|    n_updates            | 15240     |
|    policy_gradient_loss | -0.029    |
|    std                  | 0.0335    |
|    value_loss           | 4.39      |
---------------------------------------
---------------------------------------
| rollout/                |           |
|    ep_len_mean          | 1e+03     |
|    ep_rew_mean          | 706       |
| time/                   |           |
|    fps                  | 443       |
|    iterations           | 764       |
|    time_elapsed         | 881       |
|    total_timesteps      | 391168    |
| train/                  |           |
|    approx_kl            | 2.1672728 |
|    clip_fraction        | 0.885     |
|    clip_range           | 0.2       |
|    entropy_loss         | 11.9      |
|    explained_variance   | 0.926     |
|    learning_rate        | 0.0003    |
|    loss                 | 0.965     |
|    n_updates            | 15260     |
|    policy_gradient_loss | -0.0456   |
|    std                  | 0.0333    |
|    value_loss           | 2.92      |
---------------------------------------
---------------------------------------
| rollout/                |           |
|    ep_len_mean          | 1e+03     |
|    ep_rew_mean          | 706       |
| time/                   |           |
|    fps                  | 443       |
|    iterations           | 765       |
|    time_elapsed         | 882       |
|    total_timesteps      | 391680    |
| train/                  |           |
|    approx_kl            | 0.9436183 |
|    clip_fraction        | 0.867     |
|    clip_range           | 0.2       |
|    entropy_loss         | 11.9      |
|    explained_variance   | 0.933     |
|    learning_rate        | 0.0003    |
|    loss                 | 3.32      |
|    n_updates            | 15280     |
|    policy_gradient_loss | -0.0752   |
|    std                  | 0.0333    |
|    value_loss           | 9.82      |
---------------------------------------
---------------------------------------
| rollout/                |           |
|    ep_len_mean          | 1e+03     |
|    ep_rew_mean          | 707       |
| time/                   |           |
|    fps                  | 443       |
|    iterations           | 766       |
|    time_elapsed         | 883       |
|    total_timesteps      | 392192    |
| train/                  |           |
|    approx_kl            | 2.2728877 |
|    clip_fraction        | 0.891     |
|    clip_range           | 0.2       |
|    entropy_loss         | 12        |
|    explained_variance   | 0.918     |
|    learning_rate        | 0.0003    |
|    loss                 | 1.15      |
|    n_updates            | 15300     |
|    policy_gradient_loss | -0.0256   |
|    std                  | 0.033     |
|    value_loss           | 2.95      |
---------------------------------------
---------------------------------------
| rollout/                |           |
|    ep_len_mean          | 1e+03     |
|    ep_rew_mean          | 707       |
| time/                   |           |
|    fps                  | 443       |
|    iterations           | 767       |
|    time_elapsed         | 884       |
|    total_timesteps      | 392704    |
| train/                  |           |
|    approx_kl            | 0.8471949 |
|    clip_fraction        | 0.818     |
|    clip_range           | 0.2       |
|    entropy_loss         | 12        |
|    explained_variance   | 0.933     |
|    learning_rate        | 0.0003    |
|    loss                 | 6.45      |
|    n_updates            | 15320     |
|    policy_gradient_loss | -0.0789   |
|    std                  | 0.0329    |
|    value_loss           | 15.1      |
---------------------------------------
---------------------------------------
| rollout/                |           |
|    ep_len_mean          | 1e+03     |
|    ep_rew_mean          | 707       |
| time/                   |           |
|    fps                  | 443       |
|    iterations           | 768       |
|    time_elapsed         | 885       |
|    total_timesteps      | 393216    |
| train/                  |           |
|    approx_kl            | 2.7809434 |
|    clip_fraction        | 0.903     |
|    clip_range           | 0.2       |
|    entropy_loss         | 12        |
|    explained_variance   | 0.929     |
|    learning_rate        | 0.0003    |
|    loss                 | 0.965     |
|    n_updates            | 15340     |
|    policy_gradient_loss | -0.0212   |
|    std                  | 0.0327    |
|    value_loss           | 3.28      |
---------------------------------------
---------------------------------------
| rollout/                |           |
|    ep_len_mean          | 1e+03     |
|    ep_rew_mean          | 707       |
| time/                   |           |
|    fps                  | 443       |
|    iterations           | 769       |
|    time_elapsed         | 886       |
|    total_timesteps      | 393728    |
| train/                  |           |
|    approx_kl            | 1.4549108 |
|    clip_fraction        | 0.881     |
|    clip_range           | 0.2       |
|    entropy_loss         | 12.1      |
|    explained_variance   | 0.944     |
|    learning_rate        | 0.0003    |
|    loss                 | 2.35      |
|    n_updates            | 15360     |
|    policy_gradient_loss | -0.0288   |
|    std                  | 0.0326    |
|    value_loss           | 5.55      |
---------------------------------------
---------------------------------------
| rollout/                |           |
|    ep_len_mean          | 1e+03     |
|    ep_rew_mean          | 709       |
| time/                   |           |
|    fps                  | 443       |
|    iterations           | 770       |
|    time_elapsed         | 887       |
|    total_timesteps      | 394240    |
| train/                  |           |
|    approx_kl            | 2.2916398 |
|    clip_fraction        | 0.891     |
|    clip_range           | 0.2       |
|    entropy_loss         | 12.1      |
|    explained_variance   | 0.902     |
|    learning_rate        | 0.0003    |
|    loss                 | 1.71      |
|    n_updates            | 15380     |
|    policy_gradient_loss | -0.00862  |
|    std                  | 0.0326    |
|    value_loss           | 4.34      |
---------------------------------------
--------------------------------------
| rollout/                |          |
|    ep_len_mean          | 1e+03    |
|    ep_rew_mean          | 709      |
| time/                   |          |
|    fps                  | 444      |
|    iterations           | 771      |
|    time_elapsed         | 889      |
|    total_timesteps      | 394752   |
| train/                  |          |
|    approx_kl            | 1.016499 |
|    clip_fraction        | 0.802    |
|    clip_range           | 0.2      |
|    entropy_loss         | 12.1     |
|    explained_variance   | 0.913    |
|    learning_rate        | 0.0003   |
|    loss                 | 3.13     |
|    n_updates            | 15400    |
|    policy_gradient_loss | -0.0657  |
|    std                  | 0.0323   |
|    value_loss           | 17       |
--------------------------------------
---------------------------------------
| rollout/                |           |
|    ep_len_mean          | 1e+03     |
|    ep_rew_mean          | 703       |
| time/                   |           |
|    fps                  | 444       |
|    iterations           | 772       |
|    time_elapsed         | 890       |
|    total_timesteps      | 395264    |
| train/                  |           |
|    approx_kl            | 4.9286623 |
|    clip_fraction        | 0.916     |
|    clip_range           | 0.2       |
|    entropy_loss         | 12.1      |
|    explained_variance   | 0.644     |
|    learning_rate        | 0.0003    |
|    loss                 | 2.37      |
|    n_updates            | 15420     |
|    policy_gradient_loss | 0.00849   |
|    std                  | 0.0324    |
|    value_loss           | 6.24      |
---------------------------------------
--------------------------------------
| rollout/                |          |
|    ep_len_mean          | 1e+03    |
|    ep_rew_mean          | 703      |
| time/                   |          |
|    fps                  | 444      |
|    iterations           | 773      |
|    time_elapsed         | 891      |
|    total_timesteps      | 395776   |
| train/                  |          |
|    approx_kl            | 3.194713 |
|    clip_fraction        | 0.889    |
|    clip_range           | 0.2      |
|    entropy_loss         | 12.1     |
|    explained_variance   | 0.9      |
|    learning_rate        | 0.0003   |
|    loss                 | 1.37     |
|    n_updates            | 15440    |
|    policy_gradient_loss | -0.0437  |
|    std                  | 0.0323   |
|    value_loss           | 5.55     |
--------------------------------------
---------------------------------------
| rollout/                |           |
|    ep_len_mean          | 1e+03     |
|    ep_rew_mean          | 704       |
| time/                   |           |
|    fps                  | 444       |
|    iterations           | 774       |
|    time_elapsed         | 892       |
|    total_timesteps      | 396288    |
| train/                  |           |
|    approx_kl            | 2.1649978 |
|    clip_fraction        | 0.899     |
|    clip_range           | 0.2       |
|    entropy_loss         | 12.1      |
|    explained_variance   | 0.723     |
|    learning_rate        | 0.0003    |
|    loss                 | 2.1       |
|    n_updates            | 15460     |
|    policy_gradient_loss | -0.0191   |
|    std                  | 0.0324    |
|    value_loss           | 4.61      |
---------------------------------------
---------------------------------------
| rollout/                |           |
|    ep_len_mean          | 1e+03     |
|    ep_rew_mean          | 704       |
| time/                   |           |
|    fps                  | 444       |
|    iterations           | 775       |
|    time_elapsed         | 893       |
|    total_timesteps      | 396800    |
| train/                  |           |
|    approx_kl            | 1.4281151 |
|    clip_fraction        | 0.844     |
|    clip_range           | 0.2       |
|    entropy_loss         | 12.1      |
|    explained_variance   | 0.945     |
|    learning_rate        | 0.0003    |
|    loss                 | 3.16      |
|    n_updates            | 15480     |
|    policy_gradient_loss | -0.07     |
|    std                  | 0.0324    |
|    value_loss           | 11.2      |
---------------------------------------
--------------------------------------
| rollout/                |          |
|    ep_len_mean          | 1e+03    |
|    ep_rew_mean          | 702      |
| time/                   |          |
|    fps                  | 444      |
|    iterations           | 776      |
|    time_elapsed         | 894      |
|    total_timesteps      | 397312   |
| train/                  |          |
|    approx_kl            | 3.690484 |
|    clip_fraction        | 0.918    |
|    clip_range           | 0.2      |
|    entropy_loss         | 12.1     |
|    explained_variance   | 0.707    |
|    learning_rate        | 0.0003   |
|    loss                 | 1.58     |
|    n_updates            | 15500    |
|    policy_gradient_loss | 0.0517   |
|    std                  | 0.0326   |
|    value_loss           | 4.03     |
--------------------------------------
---------------------------------------
| rollout/                |           |
|    ep_len_mean          | 1e+03     |
|    ep_rew_mean          | 702       |
| time/                   |           |
|    fps                  | 444       |
|    iterations           | 777       |
|    time_elapsed         | 895       |
|    total_timesteps      | 397824    |
| train/                  |           |
|    approx_kl            | 4.9593406 |
|    clip_fraction        | 0.922     |
|    clip_range           | 0.2       |
|    entropy_loss         | 12.1      |
|    explained_variance   | 0.699     |
|    learning_rate        | 0.0003    |
|    loss                 | 0.947     |
|    n_updates            | 15520     |
|    policy_gradient_loss | 0.0291    |
|    std                  | 0.0325    |
|    value_loss           | 5.35      |
---------------------------------------
---------------------------------------
| rollout/                |           |
|    ep_len_mean          | 1e+03     |
|    ep_rew_mean          | 706       |
| time/                   |           |
|    fps                  | 444       |
|    iterations           | 778       |
|    time_elapsed         | 896       |
|    total_timesteps      | 398336    |
| train/                  |           |
|    approx_kl            | 1.8474298 |
|    clip_fraction        | 0.884     |
|    clip_range           | 0.2       |
|    entropy_loss         | 12.1      |
|    explained_variance   | 0.0645    |
|    learning_rate        | 0.0003    |
|    loss                 | 2.07      |
|    n_updates            | 15540     |
|    policy_gradient_loss | -0.0296   |
|    std                  | 0.0325    |
|    value_loss           | 4.91      |
---------------------------------------
---------------------------------------
| rollout/                |           |
|    ep_len_mean          | 1e+03     |
|    ep_rew_mean          | 706       |
| time/                   |           |
|    fps                  | 444       |
|    iterations           | 779       |
|    time_elapsed         | 897       |
|    total_timesteps      | 398848    |
| train/                  |           |
|    approx_kl            | 1.1774919 |
|    clip_fraction        | 0.844     |
|    clip_range           | 0.2       |
|    entropy_loss         | 12.1      |
|    explained_variance   | 0.942     |
|    learning_rate        | 0.0003    |
|    loss                 | 1.89      |
|    n_updates            | 15560     |
|    policy_gradient_loss | -0.076    |
|    std                  | 0.0323    |
|    value_loss           | 6.59      |
---------------------------------------
---------------------------------------
| rollout/                |           |
|    ep_len_mean          | 1e+03     |
|    ep_rew_mean          | 705       |
| time/                   |           |
|    fps                  | 444       |
|    iterations           | 780       |
|    time_elapsed         | 899       |
|    total_timesteps      | 399360    |
| train/                  |           |
|    approx_kl            | 2.0406175 |
|    clip_fraction        | 0.887     |
|    clip_range           | 0.2       |
|    entropy_loss         | 12.1      |
|    explained_variance   | 0.661     |
|    learning_rate        | 0.0003    |
|    loss                 | 1.98      |
|    n_updates            | 15580     |
|    policy_gradient_loss | -0.00376  |
|    std                  | 0.0322    |
|    value_loss           | 5.13      |
---------------------------------------
---------------------------------------
| rollout/                |           |
|    ep_len_mean          | 1e+03     |
|    ep_rew_mean          | 705       |
| time/                   |           |
|    fps                  | 444       |
|    iterations           | 781       |
|    time_elapsed         | 900       |
|    total_timesteps      | 399872    |
| train/                  |           |
|    approx_kl            | 1.7984984 |
|    clip_fraction        | 0.86      |
|    clip_range           | 0.2       |
|    entropy_loss         | 12.2      |
|    explained_variance   | 0.852     |
|    learning_rate        | 0.0003    |
|    loss                 | 2.76      |
|    n_updates            | 15600     |
|    policy_gradient_loss | -0.0898   |
|    std                  | 0.0319    |
|    value_loss           | 12.2      |
---------------------------------------
Eval num_timesteps=400000, episode_reward=674.84 +/- 99.49
Episode length: 1000.00 +/- 0.00
--------------------------------------
| eval/                   |          |
|    mean_ep_length       | 1e+03    |
|    mean_reward          | 675      |
| time/                   |          |
|    total_timesteps      | 400000   |
| train/                  |          |
|    approx_kl            | 2.597852 |
|    clip_fraction        | 0.913    |
|    clip_range           | 0.2      |
|    entropy_loss         | 12.2     |
|    explained_variance   | 0.547    |
|    learning_rate        | 0.0003   |
|    loss                 | 1.81     |
|    n_updates            | 15620    |
|    policy_gradient_loss | 0.0573   |
|    std                  | 0.0319   |
|    value_loss           | 6        |
--------------------------------------
---------------------------------
| rollout/           |          |
|    ep_len_mean     | 1e+03    |
|    ep_rew_mean     | 705      |
| time/              |          |
|    fps             | 440      |
|    iterations      | 782      |
|    time_elapsed    | 908      |
|    total_timesteps | 400384   |
---------------------------------
---------------------------------------
| rollout/                |           |
|    ep_len_mean          | 1e+03     |
|    ep_rew_mean          | 705       |
| time/                   |           |
|    fps                  | 440       |
|    iterations           | 783       |
|    time_elapsed         | 909       |
|    total_timesteps      | 400896    |
| train/                  |           |
|    approx_kl            | 1.6061795 |
|    clip_fraction        | 0.851     |
|    clip_range           | 0.2       |
|    entropy_loss         | 12.2      |
|    explained_variance   | 0.86      |
|    learning_rate        | 0.0003    |
|    loss                 | 3.07      |
|    n_updates            | 15640     |
|    policy_gradient_loss | -0.0733   |
|    std                  | 0.0317    |
|    value_loss           | 14        |
---------------------------------------
--------------------------------------
| rollout/                |          |
|    ep_len_mean          | 1e+03    |
|    ep_rew_mean          | 703      |
| time/                   |          |
|    fps                  | 440      |
|    iterations           | 784      |
|    time_elapsed         | 910      |
|    total_timesteps      | 401408   |
| train/                  |          |
|    approx_kl            | 4.208489 |
|    clip_fraction        | 0.925    |
|    clip_range           | 0.2      |
|    entropy_loss         | 12.2     |
|    explained_variance   | 0.58     |
|    learning_rate        | 0.0003   |
|    loss                 | 1.5      |
|    n_updates            | 15660    |
|    policy_gradient_loss | 0.0568   |
|    std                  | 0.0318   |
|    value_loss           | 4.76     |
--------------------------------------
--------------------------------------
| rollout/                |          |
|    ep_len_mean          | 1e+03    |
|    ep_rew_mean          | 703      |
| time/                   |          |
|    fps                  | 440      |
|    iterations           | 785      |
|    time_elapsed         | 911      |
|    total_timesteps      | 401920   |
| train/                  |          |
|    approx_kl            | 3.667188 |
|    clip_fraction        | 0.919    |
|    clip_range           | 0.2      |
|    entropy_loss         | 12.2     |
|    explained_variance   | 0.597    |
|    learning_rate        | 0.0003   |
|    loss                 | 2.96     |
|    n_updates            | 15680    |
|    policy_gradient_loss | -0.0267  |
|    std                  | 0.0317   |
|    value_loss           | 7.24     |
--------------------------------------
---------------------------------------
| rollout/                |           |
|    ep_len_mean          | 1e+03     |
|    ep_rew_mean          | 705       |
| time/                   |           |
|    fps                  | 440       |
|    iterations           | 786       |
|    time_elapsed         | 912       |
|    total_timesteps      | 402432    |
| train/                  |           |
|    approx_kl            | 2.4505072 |
|    clip_fraction        | 0.908     |
|    clip_range           | 0.2       |
|    entropy_loss         | 12.2      |
|    explained_variance   | 0.714     |
|    learning_rate        | 0.0003    |
|    loss                 | 1.59      |
|    n_updates            | 15700     |
|    policy_gradient_loss | 0.0482    |
|    std                  | 0.0317    |
|    value_loss           | 5.1       |
---------------------------------------
---------------------------------------
| rollout/                |           |
|    ep_len_mean          | 1e+03     |
|    ep_rew_mean          | 705       |
| time/                   |           |
|    fps                  | 440       |
|    iterations           | 787       |
|    time_elapsed         | 913       |
|    total_timesteps      | 402944    |
| train/                  |           |
|    approx_kl            | 1.7409539 |
|    clip_fraction        | 0.889     |
|    clip_range           | 0.2       |
|    entropy_loss         | 12.2      |
|    explained_variance   | 0.527     |
|    learning_rate        | 0.0003    |
|    loss                 | 2.88      |
|    n_updates            | 15720     |
|    policy_gradient_loss | -0.0575   |
|    std                  | 0.0317    |
|    value_loss           | 11.4      |
---------------------------------------
--------------------------------------
| rollout/                |          |
|    ep_len_mean          | 1e+03    |
|    ep_rew_mean          | 706      |
| time/                   |          |
|    fps                  | 440      |
|    iterations           | 788      |
|    time_elapsed         | 915      |
|    total_timesteps      | 403456   |
| train/                  |          |
|    approx_kl            | 2.078004 |
|    clip_fraction        | 0.916    |
|    clip_range           | 0.2      |
|    entropy_loss         | 12.2     |
|    explained_variance   | 0.624    |
|    learning_rate        | 0.0003   |
|    loss                 | 2.15     |
|    n_updates            | 15740    |
|    policy_gradient_loss | 0.1      |
|    std                  | 0.0319   |
|    value_loss           | 4.71     |
--------------------------------------
--------------------------------------
| rollout/                |          |
|    ep_len_mean          | 1e+03    |
|    ep_rew_mean          | 706      |
| time/                   |          |
|    fps                  | 440      |
|    iterations           | 789      |
|    time_elapsed         | 916      |
|    total_timesteps      | 403968   |
| train/                  |          |
|    approx_kl            | 2.772635 |
|    clip_fraction        | 0.893    |
|    clip_range           | 0.2      |
|    entropy_loss         | 12.2     |
|    explained_variance   | 0.84     |
|    learning_rate        | 0.0003   |
|    loss                 | 1.89     |
|    n_updates            | 15760    |
|    policy_gradient_loss | -0.041   |
|    std                  | 0.0318   |
|    value_loss           | 7.01     |
--------------------------------------
---------------------------------------
| rollout/                |           |
|    ep_len_mean          | 1e+03     |
|    ep_rew_mean          | 705       |
| time/                   |           |
|    fps                  | 440       |
|    iterations           | 790       |
|    time_elapsed         | 917       |
|    total_timesteps      | 404480    |
| train/                  |           |
|    approx_kl            | 2.4804463 |
|    clip_fraction        | 0.906     |
|    clip_range           | 0.2       |
|    entropy_loss         | 12.2      |
|    explained_variance   | 0.838     |
|    learning_rate        | 0.0003    |
|    loss                 | 1.83      |
|    n_updates            | 15780     |
|    policy_gradient_loss | 0.0262    |
|    std                  | 0.0321    |
|    value_loss           | 4.65      |
---------------------------------------
---------------------------------------
| rollout/                |           |
|    ep_len_mean          | 1e+03     |
|    ep_rew_mean          | 705       |
| time/                   |           |
|    fps                  | 440       |
|    iterations           | 791       |
|    time_elapsed         | 918       |
|    total_timesteps      | 404992    |
| train/                  |           |
|    approx_kl            | 2.8233042 |
|    clip_fraction        | 0.855     |
|    clip_range           | 0.2       |
|    entropy_loss         | 12.2      |
|    explained_variance   | 0.893     |
|    learning_rate        | 0.0003    |
|    loss                 | 1.94      |
|    n_updates            | 15800     |
|    policy_gradient_loss | -0.0672   |
|    std                  | 0.0321    |
|    value_loss           | 11.5      |
---------------------------------------
---------------------------------------
| rollout/                |           |
|    ep_len_mean          | 1e+03     |
|    ep_rew_mean          | 703       |
| time/                   |           |
|    fps                  | 441       |
|    iterations           | 792       |
|    time_elapsed         | 919       |
|    total_timesteps      | 405504    |
| train/                  |           |
|    approx_kl            | 2.9520426 |
|    clip_fraction        | 0.921     |
|    clip_range           | 0.2       |
|    entropy_loss         | 12.2      |
|    explained_variance   | 0.885     |
|    learning_rate        | 0.0003    |
|    loss                 | 1.43      |
|    n_updates            | 15820     |
|    policy_gradient_loss | 0.0813    |
|    std                  | 0.0321    |
|    value_loss           | 4.7       |
---------------------------------------
---------------------------------------
| rollout/                |           |
|    ep_len_mean          | 1e+03     |
|    ep_rew_mean          | 702       |
| time/                   |           |
|    fps                  | 441       |
|    iterations           | 793       |
|    time_elapsed         | 920       |
|    total_timesteps      | 406016    |
| train/                  |           |
|    approx_kl            | 2.1979928 |
|    clip_fraction        | 0.886     |
|    clip_range           | 0.2       |
|    entropy_loss         | 12.2      |
|    explained_variance   | 0.871     |
|    learning_rate        | 0.0003    |
|    loss                 | 3.05      |
|    n_updates            | 15840     |
|    policy_gradient_loss | -0.0259   |
|    std                  | 0.0321    |
|    value_loss           | 8.52      |
---------------------------------------
---------------------------------------
| rollout/                |           |
|    ep_len_mean          | 1e+03     |
|    ep_rew_mean          | 702       |
| time/                   |           |
|    fps                  | 441       |
|    iterations           | 794       |
|    time_elapsed         | 921       |
|    total_timesteps      | 406528    |
| train/                  |           |
|    approx_kl            | 1.6629568 |
|    clip_fraction        | 0.887     |
|    clip_range           | 0.2       |
|    entropy_loss         | 12.1      |
|    explained_variance   | 0.952     |
|    learning_rate        | 0.0003    |
|    loss                 | 1.34      |
|    n_updates            | 15860     |
|    policy_gradient_loss | 0.0145    |
|    std                  | 0.0322    |
|    value_loss           | 3.57      |
---------------------------------------
---------------------------------------
| rollout/                |           |
|    ep_len_mean          | 1e+03     |
|    ep_rew_mean          | 701       |
| time/                   |           |
|    fps                  | 441       |
|    iterations           | 795       |
|    time_elapsed         | 922       |
|    total_timesteps      | 407040    |
| train/                  |           |
|    approx_kl            | 3.5310194 |
|    clip_fraction        | 0.905     |
|    clip_range           | 0.2       |
|    entropy_loss         | 12.2      |
|    explained_variance   | 0.891     |
|    learning_rate        | 0.0003    |
|    loss                 | 1.81      |
|    n_updates            | 15880     |
|    policy_gradient_loss | -0.0386   |
|    std                  | 0.032     |
|    value_loss           | 5.48      |
---------------------------------------
--------------------------------------
| rollout/                |          |
|    ep_len_mean          | 1e+03    |
|    ep_rew_mean          | 701      |
| time/                   |          |
|    fps                  | 441      |
|    iterations           | 796      |
|    time_elapsed         | 923      |
|    total_timesteps      | 407552   |
| train/                  |          |
|    approx_kl            | 2.752571 |
|    clip_fraction        | 0.905    |
|    clip_range           | 0.2      |
|    entropy_loss         | 12.1     |
|    explained_variance   | 0.957    |
|    learning_rate        | 0.0003   |
|    loss                 | 0.903    |
|    n_updates            | 15900    |
|    policy_gradient_loss | 0.0382   |
|    std                  | 0.0322   |
|    value_loss           | 3.16     |
--------------------------------------
--------------------------------------
| rollout/                |          |
|    ep_len_mean          | 1e+03    |
|    ep_rew_mean          | 700      |
| time/                   |          |
|    fps                  | 441      |
|    iterations           | 797      |
|    time_elapsed         | 925      |
|    total_timesteps      | 408064   |
| train/                  |          |
|    approx_kl            | 2.616541 |
|    clip_fraction        | 0.888    |
|    clip_range           | 0.2      |
|    entropy_loss         | 12.1     |
|    explained_variance   | 0.86     |
|    learning_rate        | 0.0003   |
|    loss                 | 1.81     |
|    n_updates            | 15920    |
|    policy_gradient_loss | -0.0112  |
|    std                  | 0.0322   |
|    value_loss           | 7.57     |
--------------------------------------
---------------------------------------
| rollout/                |           |
|    ep_len_mean          | 1e+03     |
|    ep_rew_mean          | 700       |
| time/                   |           |
|    fps                  | 441       |
|    iterations           | 798       |
|    time_elapsed         | 926       |
|    total_timesteps      | 408576    |
| train/                  |           |
|    approx_kl            | 1.6842346 |
|    clip_fraction        | 0.881     |
|    clip_range           | 0.2       |
|    entropy_loss         | 12.1      |
|    explained_variance   | 0.921     |
|    learning_rate        | 0.0003    |
|    loss                 | 1.76      |
|    n_updates            | 15940     |
|    policy_gradient_loss | -0.0353   |
|    std                  | 0.0322    |
|    value_loss           | 5         |
---------------------------------------
---------------------------------------
| rollout/                |           |
|    ep_len_mean          | 1e+03     |
|    ep_rew_mean          | 700       |
| time/                   |           |
|    fps                  | 441       |
|    iterations           | 799       |
|    time_elapsed         | 927       |
|    total_timesteps      | 409088    |
| train/                  |           |
|    approx_kl            | 2.3657098 |
|    clip_fraction        | 0.879     |
|    clip_range           | 0.2       |
|    entropy_loss         | 12.1      |
|    explained_variance   | 0.833     |
|    learning_rate        | 0.0003    |
|    loss                 | 1.9       |
|    n_updates            | 15960     |
|    policy_gradient_loss | -0.0531   |
|    std                  | 0.0319    |
|    value_loss           | 4.43      |
---------------------------------------
---------------------------------------
| rollout/                |           |
|    ep_len_mean          | 1e+03     |
|    ep_rew_mean          | 700       |
| time/                   |           |
|    fps                  | 441       |
|    iterations           | 800       |
|    time_elapsed         | 928       |
|    total_timesteps      | 409600    |
| train/                  |           |
|    approx_kl            | 2.2128365 |
|    clip_fraction        | 0.904     |
|    clip_range           | 0.2       |
|    entropy_loss         | 12.2      |
|    explained_variance   | 0.95      |
|    learning_rate        | 0.0003    |
|    loss                 | 2.37      |
|    n_updates            | 15980     |
|    policy_gradient_loss | 0.0293    |
|    std                  | 0.032     |
|    value_loss           | 5.11      |
---------------------------------------
---------------------------------------
| rollout/                |           |
|    ep_len_mean          | 1e+03     |
|    ep_rew_mean          | 699       |
| time/                   |           |
|    fps                  | 441       |
|    iterations           | 801       |
|    time_elapsed         | 929       |
|    total_timesteps      | 410112    |
| train/                  |           |
|    approx_kl            | 2.1102147 |
|    clip_fraction        | 0.897     |
|    clip_range           | 0.2       |
|    entropy_loss         | 12.2      |
|    explained_variance   | 0.739     |
|    learning_rate        | 0.0003    |
|    loss                 | 2.58      |
|    n_updates            | 16000     |
|    policy_gradient_loss | -0.0395   |
|    std                  | 0.0319    |
|    value_loss           | 5.45      |
---------------------------------------
---------------------------------------
| rollout/                |           |
|    ep_len_mean          | 1e+03     |
|    ep_rew_mean          | 699       |
| time/                   |           |
|    fps                  | 441       |
|    iterations           | 802       |
|    time_elapsed         | 930       |
|    total_timesteps      | 410624    |
| train/                  |           |
|    approx_kl            | 2.0816278 |
|    clip_fraction        | 0.89      |
|    clip_range           | 0.2       |
|    entropy_loss         | 12.2      |
|    explained_variance   | 0.933     |
|    learning_rate        | 0.0003    |
|    loss                 | 3.32      |
|    n_updates            | 16020     |
|    policy_gradient_loss | -0.0374   |
|    std                  | 0.0318    |
|    value_loss           | 7.56      |
---------------------------------------
---------------------------------------
| rollout/                |           |
|    ep_len_mean          | 1e+03     |
|    ep_rew_mean          | 700       |
| time/                   |           |
|    fps                  | 441       |
|    iterations           | 803       |
|    time_elapsed         | 931       |
|    total_timesteps      | 411136    |
| train/                  |           |
|    approx_kl            | 2.7720418 |
|    clip_fraction        | 0.895     |
|    clip_range           | 0.2       |
|    entropy_loss         | 12.2      |
|    explained_variance   | 0.787     |
|    learning_rate        | 0.0003    |
|    loss                 | 1.82      |
|    n_updates            | 16040     |
|    policy_gradient_loss | -0.0217   |
|    std                  | 0.0317    |
|    value_loss           | 4.58      |
---------------------------------------
--------------------------------------
| rollout/                |          |
|    ep_len_mean          | 1e+03    |
|    ep_rew_mean          | 700      |
| time/                   |          |
|    fps                  | 441      |
|    iterations           | 804      |
|    time_elapsed         | 932      |
|    total_timesteps      | 411648   |
| train/                  |          |
|    approx_kl            | 1.303314 |
|    clip_fraction        | 0.825    |
|    clip_range           | 0.2      |
|    entropy_loss         | 12.2     |
|    explained_variance   | 0.949    |
|    learning_rate        | 0.0003   |
|    loss                 | 3.76     |
|    n_updates            | 16060    |
|    policy_gradient_loss | -0.0494  |
|    std                  | 0.0317   |
|    value_loss           | 11.3     |
--------------------------------------
---------------------------------------
| rollout/                |           |
|    ep_len_mean          | 1e+03     |
|    ep_rew_mean          | 697       |
| time/                   |           |
|    fps                  | 441       |
|    iterations           | 805       |
|    time_elapsed         | 934       |
|    total_timesteps      | 412160    |
| train/                  |           |
|    approx_kl            | 2.5658154 |
|    clip_fraction        | 0.906     |
|    clip_range           | 0.2       |
|    entropy_loss         | 12.2      |
|    explained_variance   | 0.843     |
|    learning_rate        | 0.0003    |
|    loss                 | 1.69      |
|    n_updates            | 16080     |
|    policy_gradient_loss | -0.0284   |
|    std                  | 0.0317    |
|    value_loss           | 5.33      |
---------------------------------------
---------------------------------------
| rollout/                |           |
|    ep_len_mean          | 1e+03     |
|    ep_rew_mean          | 697       |
| time/                   |           |
|    fps                  | 441       |
|    iterations           | 806       |
|    time_elapsed         | 935       |
|    total_timesteps      | 412672    |
| train/                  |           |
|    approx_kl            | 2.1448066 |
|    clip_fraction        | 0.896     |
|    clip_range           | 0.2       |
|    entropy_loss         | 12.2      |
|    explained_variance   | 0.966     |
|    learning_rate        | 0.0003    |
|    loss                 | 1.98      |
|    n_updates            | 16100     |
|    policy_gradient_loss | -0.0349   |
|    std                  | 0.0315    |
|    value_loss           | 4.5       |
---------------------------------------
---------------------------------------
| rollout/                |           |
|    ep_len_mean          | 1e+03     |
|    ep_rew_mean          | 696       |
| time/                   |           |
|    fps                  | 441       |
|    iterations           | 807       |
|    time_elapsed         | 936       |
|    total_timesteps      | 413184    |
| train/                  |           |
|    approx_kl            | 3.1929083 |
|    clip_fraction        | 0.9       |
|    clip_range           | 0.2       |
|    entropy_loss         | 12.3      |
|    explained_variance   | 0.892     |
|    learning_rate        | 0.0003    |
|    loss                 | 1.33      |
|    n_updates            | 16120     |
|    policy_gradient_loss | -0.0118   |
|    std                  | 0.0313    |
|    value_loss           | 3.6       |
---------------------------------------
---------------------------------------
| rollout/                |           |
|    ep_len_mean          | 1e+03     |
|    ep_rew_mean          | 696       |
| time/                   |           |
|    fps                  | 441       |
|    iterations           | 808       |
|    time_elapsed         | 937       |
|    total_timesteps      | 413696    |
| train/                  |           |
|    approx_kl            | 1.4152656 |
|    clip_fraction        | 0.884     |
|    clip_range           | 0.2       |
|    entropy_loss         | 12.3      |
|    explained_variance   | 0.839     |
|    learning_rate        | 0.0003    |
|    loss                 | 2.32      |
|    n_updates            | 16140     |
|    policy_gradient_loss | -0.0577   |
|    std                  | 0.0312    |
|    value_loss           | 11.6      |
---------------------------------------
---------------------------------------
| rollout/                |           |
|    ep_len_mean          | 1e+03     |
|    ep_rew_mean          | 697       |
| time/                   |           |
|    fps                  | 441       |
|    iterations           | 809       |
|    time_elapsed         | 938       |
|    total_timesteps      | 414208    |
| train/                  |           |
|    approx_kl            | 3.0609217 |
|    clip_fraction        | 0.918     |
|    clip_range           | 0.2       |
|    entropy_loss         | 12.3      |
|    explained_variance   | 0.879     |
|    learning_rate        | 0.0003    |
|    loss                 | 1.35      |
|    n_updates            | 16160     |
|    policy_gradient_loss | 0.0212    |
|    std                  | 0.0312    |
|    value_loss           | 3.56      |
---------------------------------------
---------------------------------------
| rollout/                |           |
|    ep_len_mean          | 1e+03     |
|    ep_rew_mean          | 697       |
| time/                   |           |
|    fps                  | 441       |
|    iterations           | 810       |
|    time_elapsed         | 939       |
|    total_timesteps      | 414720    |
| train/                  |           |
|    approx_kl            | 2.9757023 |
|    clip_fraction        | 0.922     |
|    clip_range           | 0.2       |
|    entropy_loss         | 12.3      |
|    explained_variance   | 0.908     |
|    learning_rate        | 0.0003    |
|    loss                 | 2.68      |
|    n_updates            | 16180     |
|    policy_gradient_loss | -0.0117   |
|    std                  | 0.0311    |
|    value_loss           | 6.57      |
---------------------------------------
---------------------------------------
| rollout/                |           |
|    ep_len_mean          | 1e+03     |
|    ep_rew_mean          | 697       |
| time/                   |           |
|    fps                  | 441       |
|    iterations           | 811       |
|    time_elapsed         | 940       |
|    total_timesteps      | 415232    |
| train/                  |           |
|    approx_kl            | 2.4276958 |
|    clip_fraction        | 0.903     |
|    clip_range           | 0.2       |
|    entropy_loss         | 12.3      |
|    explained_variance   | 0.864     |
|    learning_rate        | 0.0003    |
|    loss                 | 1.8       |
|    n_updates            | 16200     |
|    policy_gradient_loss | -0.0182   |
|    std                  | 0.0312    |
|    value_loss           | 4.36      |
---------------------------------------
---------------------------------------
| rollout/                |           |
|    ep_len_mean          | 1e+03     |
|    ep_rew_mean          | 697       |
| time/                   |           |
|    fps                  | 441       |
|    iterations           | 812       |
|    time_elapsed         | 941       |
|    total_timesteps      | 415744    |
| train/                  |           |
|    approx_kl            | 2.0321805 |
|    clip_fraction        | 0.879     |
|    clip_range           | 0.2       |
|    entropy_loss         | 12.3      |
|    explained_variance   | 0.943     |
|    learning_rate        | 0.0003    |
|    loss                 | 2.3       |
|    n_updates            | 16220     |
|    policy_gradient_loss | -0.042    |
|    std                  | 0.0311    |
|    value_loss           | 5.62      |
---------------------------------------
---------------------------------------
| rollout/                |           |
|    ep_len_mean          | 1e+03     |
|    ep_rew_mean          | 696       |
| time/                   |           |
|    fps                  | 441       |
|    iterations           | 813       |
|    time_elapsed         | 942       |
|    total_timesteps      | 416256    |
| train/                  |           |
|    approx_kl            | 2.9309936 |
|    clip_fraction        | 0.923     |
|    clip_range           | 0.2       |
|    entropy_loss         | 12.3      |
|    explained_variance   | 0.9       |
|    learning_rate        | 0.0003    |
|    loss                 | 1.35      |
|    n_updates            | 16240     |
|    policy_gradient_loss | 0.0209    |
|    std                  | 0.0313    |
|    value_loss           | 3         |
---------------------------------------
---------------------------------------
| rollout/                |           |
|    ep_len_mean          | 1e+03     |
|    ep_rew_mean          | 696       |
| time/                   |           |
|    fps                  | 441       |
|    iterations           | 814       |
|    time_elapsed         | 944       |
|    total_timesteps      | 416768    |
| train/                  |           |
|    approx_kl            | 2.4383388 |
|    clip_fraction        | 0.901     |
|    clip_range           | 0.2       |
|    entropy_loss         | 12.3      |
|    explained_variance   | 0.952     |
|    learning_rate        | 0.0003    |
|    loss                 | 1.48      |
|    n_updates            | 16260     |
|    policy_gradient_loss | 0.00661   |
|    std                  | 0.0311    |
|    value_loss           | 4.73      |
---------------------------------------
---------------------------------------
| rollout/                |           |
|    ep_len_mean          | 1e+03     |
|    ep_rew_mean          | 695       |
| time/                   |           |
|    fps                  | 441       |
|    iterations           | 815       |
|    time_elapsed         | 945       |
|    total_timesteps      | 417280    |
| train/                  |           |
|    approx_kl            | 1.9514825 |
|    clip_fraction        | 0.908     |
|    clip_range           | 0.2       |
|    entropy_loss         | 12.3      |
|    explained_variance   | 0.867     |
|    learning_rate        | 0.0003    |
|    loss                 | 2.26      |
|    n_updates            | 16280     |
|    policy_gradient_loss | 0.0182    |
|    std                  | 0.031     |
|    value_loss           | 4.67      |
---------------------------------------
---------------------------------------
| rollout/                |           |
|    ep_len_mean          | 1e+03     |
|    ep_rew_mean          | 695       |
| time/                   |           |
|    fps                  | 441       |
|    iterations           | 816       |
|    time_elapsed         | 946       |
|    total_timesteps      | 417792    |
| train/                  |           |
|    approx_kl            | 2.2168407 |
|    clip_fraction        | 0.888     |
|    clip_range           | 0.2       |
|    entropy_loss         | 12.4      |
|    explained_variance   | 0.969     |
|    learning_rate        | 0.0003    |
|    loss                 | 1.05      |
|    n_updates            | 16300     |
|    policy_gradient_loss | -0.0386   |
|    std                  | 0.0308    |
|    value_loss           | 3.25      |
---------------------------------------
---------------------------------------
| rollout/                |           |
|    ep_len_mean          | 1e+03     |
|    ep_rew_mean          | 696       |
| time/                   |           |
|    fps                  | 441       |
|    iterations           | 817       |
|    time_elapsed         | 947       |
|    total_timesteps      | 418304    |
| train/                  |           |
|    approx_kl            | 2.5838432 |
|    clip_fraction        | 0.917     |
|    clip_range           | 0.2       |
|    entropy_loss         | 12.4      |
|    explained_variance   | 0.907     |
|    learning_rate        | 0.0003    |
|    loss                 | 1.74      |
|    n_updates            | 16320     |
|    policy_gradient_loss | 0.0371    |
|    std                  | 0.0308    |
|    value_loss           | 2.75      |
---------------------------------------
---------------------------------------
| rollout/                |           |
|    ep_len_mean          | 1e+03     |
|    ep_rew_mean          | 696       |
| time/                   |           |
|    fps                  | 441       |
|    iterations           | 818       |
|    time_elapsed         | 948       |
|    total_timesteps      | 418816    |
| train/                  |           |
|    approx_kl            | 1.2763159 |
|    clip_fraction        | 0.838     |
|    clip_range           | 0.2       |
|    entropy_loss         | 12.4      |
|    explained_variance   | 0.934     |
|    learning_rate        | 0.0003    |
|    loss                 | 2.18      |
|    n_updates            | 16340     |
|    policy_gradient_loss | -0.0445   |
|    std                  | 0.0307    |
|    value_loss           | 9.44      |
---------------------------------------
---------------------------------------
| rollout/                |           |
|    ep_len_mean          | 1e+03     |
|    ep_rew_mean          | 693       |
| time/                   |           |
|    fps                  | 441       |
|    iterations           | 819       |
|    time_elapsed         | 949       |
|    total_timesteps      | 419328    |
| train/                  |           |
|    approx_kl            | 2.1551847 |
|    clip_fraction        | 0.897     |
|    clip_range           | 0.2       |
|    entropy_loss         | 12.4      |
|    explained_variance   | 0.715     |
|    learning_rate        | 0.0003    |
|    loss                 | 1.82      |
|    n_updates            | 16360     |
|    policy_gradient_loss | -0.0271   |
|    std                  | 0.0306    |
|    value_loss           | 4.22      |
---------------------------------------
---------------------------------------
| rollout/                |           |
|    ep_len_mean          | 1e+03     |
|    ep_rew_mean          | 693       |
| time/                   |           |
|    fps                  | 441       |
|    iterations           | 820       |
|    time_elapsed         | 950       |
|    total_timesteps      | 419840    |
| train/                  |           |
|    approx_kl            | 1.8881502 |
|    clip_fraction        | 0.883     |
|    clip_range           | 0.2       |
|    entropy_loss         | 12.4      |
|    explained_variance   | 0.949     |
|    learning_rate        | 0.0003    |
|    loss                 | 2.3       |
|    n_updates            | 16380     |
|    policy_gradient_loss | -0.052    |
|    std                  | 0.0306    |
|    value_loss           | 8.49      |
---------------------------------------
--------------------------------------
| rollout/                |          |
|    ep_len_mean          | 1e+03    |
|    ep_rew_mean          | 690      |
| time/                   |          |
|    fps                  | 441      |
|    iterations           | 821      |
|    time_elapsed         | 951      |
|    total_timesteps      | 420352   |
| train/                  |          |
|    approx_kl            | 3.993762 |
|    clip_fraction        | 0.929    |
|    clip_range           | 0.2      |
|    entropy_loss         | 12.4     |
|    explained_variance   | 0.863    |
|    learning_rate        | 0.0003   |
|    loss                 | 1.83     |
|    n_updates            | 16400    |
|    policy_gradient_loss | 0.0318   |
|    std                  | 0.0307   |
|    value_loss           | 3.91     |
--------------------------------------
---------------------------------------
| rollout/                |           |
|    ep_len_mean          | 1e+03     |
|    ep_rew_mean          | 690       |
| time/                   |           |
|    fps                  | 441       |
|    iterations           | 822       |
|    time_elapsed         | 953       |
|    total_timesteps      | 420864    |
| train/                  |           |
|    approx_kl            | 1.8417602 |
|    clip_fraction        | 0.852     |
|    clip_range           | 0.2       |
|    entropy_loss         | 12.4      |
|    explained_variance   | 0.946     |
|    learning_rate        | 0.0003    |
|    loss                 | 3.22      |
|    n_updates            | 16420     |
|    policy_gradient_loss | -0.0793   |
|    std                  | 0.0305    |
|    value_loss           | 12        |
---------------------------------------
--------------------------------------
| rollout/                |          |
|    ep_len_mean          | 1e+03    |
|    ep_rew_mean          | 688      |
| time/                   |          |
|    fps                  | 441      |
|    iterations           | 823      |
|    time_elapsed         | 954      |
|    total_timesteps      | 421376   |
| train/                  |          |
|    approx_kl            | 4.002973 |
|    clip_fraction        | 0.923    |
|    clip_range           | 0.2      |
|    entropy_loss         | 12.4     |
|    explained_variance   | 0.732    |
|    learning_rate        | 0.0003   |
|    loss                 | 1.52     |
|    n_updates            | 16440    |
|    policy_gradient_loss | 0.0174   |
|    std                  | 0.0305   |
|    value_loss           | 4.65     |
--------------------------------------
---------------------------------------
| rollout/                |           |
|    ep_len_mean          | 1e+03     |
|    ep_rew_mean          | 688       |
| time/                   |           |
|    fps                  | 441       |
|    iterations           | 824       |
|    time_elapsed         | 955       |
|    total_timesteps      | 421888    |
| train/                  |           |
|    approx_kl            | 3.0406737 |
|    clip_fraction        | 0.902     |
|    clip_range           | 0.2       |
|    entropy_loss         | 12.5      |
|    explained_variance   | 0.94      |
|    learning_rate        | 0.0003    |
|    loss                 | 1.56      |
|    n_updates            | 16460     |
|    policy_gradient_loss | -0.0605   |
|    std                  | 0.0303    |
|    value_loss           | 6.05      |
---------------------------------------
---------------------------------------
| rollout/                |           |
|    ep_len_mean          | 1e+03     |
|    ep_rew_mean          | 687       |
| time/                   |           |
|    fps                  | 441       |
|    iterations           | 825       |
|    time_elapsed         | 956       |
|    total_timesteps      | 422400    |
| train/                  |           |
|    approx_kl            | 2.3426929 |
|    clip_fraction        | 0.886     |
|    clip_range           | 0.2       |
|    entropy_loss         | 12.5      |
|    explained_variance   | 0.821     |
|    learning_rate        | 0.0003    |
|    loss                 | 1.97      |
|    n_updates            | 16480     |
|    policy_gradient_loss | -0.00317  |
|    std                  | 0.0302    |
|    value_loss           | 4.25      |
---------------------------------------
---------------------------------------
| rollout/                |           |
|    ep_len_mean          | 1e+03     |
|    ep_rew_mean          | 687       |
| time/                   |           |
|    fps                  | 441       |
|    iterations           | 826       |
|    time_elapsed         | 957       |
|    total_timesteps      | 422912    |
| train/                  |           |
|    approx_kl            | 3.2968626 |
|    clip_fraction        | 0.912     |
|    clip_range           | 0.2       |
|    entropy_loss         | 12.5      |
|    explained_variance   | 0.704     |
|    learning_rate        | 0.0003    |
|    loss                 | 2.06      |
|    n_updates            | 16500     |
|    policy_gradient_loss | -0.0489   |
|    std                  | 0.03      |
|    value_loss           | 6.65      |
---------------------------------------
---------------------------------------
| rollout/                |           |
|    ep_len_mean          | 1e+03     |
|    ep_rew_mean          | 686       |
| time/                   |           |
|    fps                  | 441       |
|    iterations           | 827       |
|    time_elapsed         | 958       |
|    total_timesteps      | 423424    |
| train/                  |           |
|    approx_kl            | 1.545399  |
|    clip_fraction        | 0.897     |
|    clip_range           | 0.2       |
|    entropy_loss         | 12.5      |
|    explained_variance   | 0.787     |
|    learning_rate        | 0.0003    |
|    loss                 | 1.5       |
|    n_updates            | 16520     |
|    policy_gradient_loss | -0.000452 |
|    std                  | 0.0303    |
|    value_loss           | 4.05      |
---------------------------------------
---------------------------------------
| rollout/                |           |
|    ep_len_mean          | 1e+03     |
|    ep_rew_mean          | 686       |
| time/                   |           |
|    fps                  | 441       |
|    iterations           | 828       |
|    time_elapsed         | 959       |
|    total_timesteps      | 423936    |
| train/                  |           |
|    approx_kl            | 1.3039203 |
|    clip_fraction        | 0.884     |
|    clip_range           | 0.2       |
|    entropy_loss         | 12.5      |
|    explained_variance   | 0.873     |
|    learning_rate        | 0.0003    |
|    loss                 | 2.67      |
|    n_updates            | 16540     |
|    policy_gradient_loss | -0.0482   |
|    std                  | 0.0301    |
|    value_loss           | 9.43      |
---------------------------------------
---------------------------------------
| rollout/                |           |
|    ep_len_mean          | 1e+03     |
|    ep_rew_mean          | 688       |
| time/                   |           |
|    fps                  | 441       |
|    iterations           | 829       |
|    time_elapsed         | 960       |
|    total_timesteps      | 424448    |
| train/                  |           |
|    approx_kl            | 3.6446235 |
|    clip_fraction        | 0.917     |
|    clip_range           | 0.2       |
|    entropy_loss         | 12.5      |
|    explained_variance   | 0.848     |
|    learning_rate        | 0.0003    |
|    loss                 | 1.38      |
|    n_updates            | 16560     |
|    policy_gradient_loss | 0.0719    |
|    std                  | 0.0304    |
|    value_loss           | 2.73      |
---------------------------------------
---------------------------------------
| rollout/                |           |
|    ep_len_mean          | 1e+03     |
|    ep_rew_mean          | 688       |
| time/                   |           |
|    fps                  | 441       |
|    iterations           | 830       |
|    time_elapsed         | 961       |
|    total_timesteps      | 424960    |
| train/                  |           |
|    approx_kl            | 3.7396264 |
|    clip_fraction        | 0.917     |
|    clip_range           | 0.2       |
|    entropy_loss         | 12.5      |
|    explained_variance   | 0.79      |
|    learning_rate        | 0.0003    |
|    loss                 | 2         |
|    n_updates            | 16580     |
|    policy_gradient_loss | -0.00354  |
|    std                  | 0.0302    |
|    value_loss           | 4.86      |
---------------------------------------
---------------------------------------
| rollout/                |           |
|    ep_len_mean          | 1e+03     |
|    ep_rew_mean          | 688       |
| time/                   |           |
|    fps                  | 441       |
|    iterations           | 831       |
|    time_elapsed         | 963       |
|    total_timesteps      | 425472    |
| train/                  |           |
|    approx_kl            | 1.5540867 |
|    clip_fraction        | 0.892     |
|    clip_range           | 0.2       |
|    entropy_loss         | 12.5      |
|    explained_variance   | 0.798     |
|    learning_rate        | 0.0003    |
|    loss                 | 1.78      |
|    n_updates            | 16600     |
|    policy_gradient_loss | 0.0097    |
|    std                  | 0.0302    |
|    value_loss           | 3.76      |
---------------------------------------
---------------------------------------
| rollout/                |           |
|    ep_len_mean          | 1e+03     |
|    ep_rew_mean          | 688       |
| time/                   |           |
|    fps                  | 441       |
|    iterations           | 832       |
|    time_elapsed         | 964       |
|    total_timesteps      | 425984    |
| train/                  |           |
|    approx_kl            | 3.8218908 |
|    clip_fraction        | 0.897     |
|    clip_range           | 0.2       |
|    entropy_loss         | 12.5      |
|    explained_variance   | 0.772     |
|    learning_rate        | 0.0003    |
|    loss                 | 1.1       |
|    n_updates            | 16620     |
|    policy_gradient_loss | -0.0378   |
|    std                  | 0.0299    |
|    value_loss           | 7.82      |
---------------------------------------
---------------------------------------
| rollout/                |           |
|    ep_len_mean          | 1e+03     |
|    ep_rew_mean          | 687       |
| time/                   |           |
|    fps                  | 441       |
|    iterations           | 833       |
|    time_elapsed         | 965       |
|    total_timesteps      | 426496    |
| train/                  |           |
|    approx_kl            | 3.4195385 |
|    clip_fraction        | 0.91      |
|    clip_range           | 0.2       |
|    entropy_loss         | 12.5      |
|    explained_variance   | -0.0569   |
|    learning_rate        | 0.0003    |
|    loss                 | 1.48      |
|    n_updates            | 16640     |
|    policy_gradient_loss | 0.0479    |
|    std                  | 0.03      |
|    value_loss           | 4.76      |
---------------------------------------
---------------------------------------
| rollout/                |           |
|    ep_len_mean          | 1e+03     |
|    ep_rew_mean          | 691       |
| time/                   |           |
|    fps                  | 441       |
|    iterations           | 834       |
|    time_elapsed         | 966       |
|    total_timesteps      | 427008    |
| train/                  |           |
|    approx_kl            | 2.3706403 |
|    clip_fraction        | 0.897     |
|    clip_range           | 0.2       |
|    entropy_loss         | 12.6      |
|    explained_variance   | 0.525     |
|    learning_rate        | 0.0003    |
|    loss                 | 1.79      |
|    n_updates            | 16660     |
|    policy_gradient_loss | -0.0452   |
|    std                  | 0.0297    |
|    value_loss           | 5.35      |
---------------------------------------
---------------------------------------
| rollout/                |           |
|    ep_len_mean          | 1e+03     |
|    ep_rew_mean          | 691       |
| time/                   |           |
|    fps                  | 441       |
|    iterations           | 835       |
|    time_elapsed         | 967       |
|    total_timesteps      | 427520    |
| train/                  |           |
|    approx_kl            | 2.6035688 |
|    clip_fraction        | 0.893     |
|    clip_range           | 0.2       |
|    entropy_loss         | 12.6      |
|    explained_variance   | 0.512     |
|    learning_rate        | 0.0003    |
|    loss                 | 2.48      |
|    n_updates            | 16680     |
|    policy_gradient_loss | 0.0548    |
|    std                  | 0.0298    |
|    value_loss           | 6.43      |
---------------------------------------
---------------------------------------
| rollout/                |           |
|    ep_len_mean          | 1e+03     |
|    ep_rew_mean          | 692       |
| time/                   |           |
|    fps                  | 441       |
|    iterations           | 836       |
|    time_elapsed         | 968       |
|    total_timesteps      | 428032    |
| train/                  |           |
|    approx_kl            | 3.9352307 |
|    clip_fraction        | 0.922     |
|    clip_range           | 0.2       |
|    entropy_loss         | 12.6      |
|    explained_variance   | 0.685     |
|    learning_rate        | 0.0003    |
|    loss                 | 1.51      |
|    n_updates            | 16700     |
|    policy_gradient_loss | 0.0333    |
|    std                  | 0.0298    |
|    value_loss           | 4.14      |
---------------------------------------
--------------------------------------
| rollout/                |          |
|    ep_len_mean          | 1e+03    |
|    ep_rew_mean          | 692      |
| time/                   |          |
|    fps                  | 441      |
|    iterations           | 837      |
|    time_elapsed         | 969      |
|    total_timesteps      | 428544   |
| train/                  |          |
|    approx_kl            | 1.274107 |
|    clip_fraction        | 0.858    |
|    clip_range           | 0.2      |
|    entropy_loss         | 12.6     |
|    explained_variance   | 0.653    |
|    learning_rate        | 0.0003   |
|    loss                 | 2.84     |
|    n_updates            | 16720    |
|    policy_gradient_loss | -0.026   |
|    std                  | 0.0299   |
|    value_loss           | 6.94     |
--------------------------------------
---------------------------------------
| rollout/                |           |
|    ep_len_mean          | 1e+03     |
|    ep_rew_mean          | 691       |
| time/                   |           |
|    fps                  | 441       |
|    iterations           | 838       |
|    time_elapsed         | 970       |
|    total_timesteps      | 429056    |
| train/                  |           |
|    approx_kl            | 1.9892757 |
|    clip_fraction        | 0.875     |
|    clip_range           | 0.2       |
|    entropy_loss         | 12.6      |
|    explained_variance   | 0.757     |
|    learning_rate        | 0.0003    |
|    loss                 | 1.44      |
|    n_updates            | 16740     |
|    policy_gradient_loss | -0.0392   |
|    std                  | 0.0295    |
|    value_loss           | 5.65      |
---------------------------------------
---------------------------------------
| rollout/                |           |
|    ep_len_mean          | 1e+03     |
|    ep_rew_mean          | 691       |
| time/                   |           |
|    fps                  | 441       |
|    iterations           | 839       |
|    time_elapsed         | 972       |
|    total_timesteps      | 429568    |
| train/                  |           |
|    approx_kl            | 1.6452566 |
|    clip_fraction        | 0.851     |
|    clip_range           | 0.2       |
|    entropy_loss         | 12.6      |
|    explained_variance   | 0.903     |
|    learning_rate        | 0.0003    |
|    loss                 | 1.81      |
|    n_updates            | 16760     |
|    policy_gradient_loss | -0.0267   |
|    std                  | 0.0297    |
|    value_loss           | 7.33      |
---------------------------------------
---------------------------------------
| rollout/                |           |
|    ep_len_mean          | 1e+03     |
|    ep_rew_mean          | 690       |
| time/                   |           |
|    fps                  | 441       |
|    iterations           | 840       |
|    time_elapsed         | 973       |
|    total_timesteps      | 430080    |
| train/                  |           |
|    approx_kl            | 2.6539316 |
|    clip_fraction        | 0.897     |
|    clip_range           | 0.2       |
|    entropy_loss         | 12.6      |
|    explained_variance   | 0.724     |
|    learning_rate        | 0.0003    |
|    loss                 | 1.97      |
|    n_updates            | 16780     |
|    policy_gradient_loss | -0.0541   |
|    std                  | 0.0296    |
|    value_loss           | 5.88      |
---------------------------------------
---------------------------------------
| rollout/                |           |
|    ep_len_mean          | 1e+03     |
|    ep_rew_mean          | 690       |
| time/                   |           |
|    fps                  | 441       |
|    iterations           | 841       |
|    time_elapsed         | 974       |
|    total_timesteps      | 430592    |
| train/                  |           |
|    approx_kl            | 1.5545766 |
|    clip_fraction        | 0.835     |
|    clip_range           | 0.2       |
|    entropy_loss         | 12.6      |
|    explained_variance   | 0.93      |
|    learning_rate        | 0.0003    |
|    loss                 | 1.51      |
|    n_updates            | 16800     |
|    policy_gradient_loss | -0.0345   |
|    std                  | 0.0294    |
|    value_loss           | 6.77      |
---------------------------------------
--------------------------------------
| rollout/                |          |
|    ep_len_mean          | 1e+03    |
|    ep_rew_mean          | 688      |
| time/                   |          |
|    fps                  | 441      |
|    iterations           | 842      |
|    time_elapsed         | 975      |
|    total_timesteps      | 431104   |
| train/                  |          |
|    approx_kl            | 2.261476 |
|    clip_fraction        | 0.889    |
|    clip_range           | 0.2      |
|    entropy_loss         | 12.7     |
|    explained_variance   | 0.751    |
|    learning_rate        | 0.0003   |
|    loss                 | 2.76     |
|    n_updates            | 16820    |
|    policy_gradient_loss | -0.0615  |
|    std                  | 0.0294   |
|    value_loss           | 7.77     |
--------------------------------------
---------------------------------------
| rollout/                |           |
|    ep_len_mean          | 1e+03     |
|    ep_rew_mean          | 688       |
| time/                   |           |
|    fps                  | 442       |
|    iterations           | 843       |
|    time_elapsed         | 976       |
|    total_timesteps      | 431616    |
| train/                  |           |
|    approx_kl            | 2.6107373 |
|    clip_fraction        | 0.888     |
|    clip_range           | 0.2       |
|    entropy_loss         | 12.7      |
|    explained_variance   | 0.929     |
|    learning_rate        | 0.0003    |
|    loss                 | 1.3       |
|    n_updates            | 16840     |
|    policy_gradient_loss | -0.0365   |
|    std                  | 0.0293    |
|    value_loss           | 5.04      |
---------------------------------------
---------------------------------------
| rollout/                |           |
|    ep_len_mean          | 1e+03     |
|    ep_rew_mean          | 690       |
| time/                   |           |
|    fps                  | 442       |
|    iterations           | 844       |
|    time_elapsed         | 977       |
|    total_timesteps      | 432128    |
| train/                  |           |
|    approx_kl            | 2.3005621 |
|    clip_fraction        | 0.916     |
|    clip_range           | 0.2       |
|    entropy_loss         | 12.7      |
|    explained_variance   | 0.859     |
|    learning_rate        | 0.0003    |
|    loss                 | 1.67      |
|    n_updates            | 16860     |
|    policy_gradient_loss | 0.00379   |
|    std                  | 0.0292    |
|    value_loss           | 4.29      |
---------------------------------------
---------------------------------------
| rollout/                |           |
|    ep_len_mean          | 1e+03     |
|    ep_rew_mean          | 690       |
| time/                   |           |
|    fps                  | 442       |
|    iterations           | 845       |
|    time_elapsed         | 978       |
|    total_timesteps      | 432640    |
| train/                  |           |
|    approx_kl            | 3.0411196 |
|    clip_fraction        | 0.867     |
|    clip_range           | 0.2       |
|    entropy_loss         | 12.7      |
|    explained_variance   | 0.943     |
|    learning_rate        | 0.0003    |
|    loss                 | 1.82      |
|    n_updates            | 16880     |
|    policy_gradient_loss | -0.0463   |
|    std                  | 0.0291    |
|    value_loss           | 7.34      |
---------------------------------------
---------------------------------------
| rollout/                |           |
|    ep_len_mean          | 1e+03     |
|    ep_rew_mean          | 689       |
| time/                   |           |
|    fps                  | 442       |
|    iterations           | 846       |
|    time_elapsed         | 979       |
|    total_timesteps      | 433152    |
| train/                  |           |
|    approx_kl            | 3.0501194 |
|    clip_fraction        | 0.909     |
|    clip_range           | 0.2       |
|    entropy_loss         | 12.7      |
|    explained_variance   | 0.809     |
|    learning_rate        | 0.0003    |
|    loss                 | 1.82      |
|    n_updates            | 16900     |
|    policy_gradient_loss | 0.0135    |
|    std                  | 0.0291    |
|    value_loss           | 4.45      |
---------------------------------------
---------------------------------------
| rollout/                |           |
|    ep_len_mean          | 1e+03     |
|    ep_rew_mean          | 689       |
| time/                   |           |
|    fps                  | 442       |
|    iterations           | 847       |
|    time_elapsed         | 980       |
|    total_timesteps      | 433664    |
| train/                  |           |
|    approx_kl            | 2.2364964 |
|    clip_fraction        | 0.908     |
|    clip_range           | 0.2       |
|    entropy_loss         | 12.7      |
|    explained_variance   | 0.938     |
|    learning_rate        | 0.0003    |
|    loss                 | 1.38      |
|    n_updates            | 16920     |
|    policy_gradient_loss | -0.0081   |
|    std                  | 0.0292    |
|    value_loss           | 5.11      |
---------------------------------------
---------------------------------------
| rollout/                |           |
|    ep_len_mean          | 1e+03     |
|    ep_rew_mean          | 690       |
| time/                   |           |
|    fps                  | 442       |
|    iterations           | 848       |
|    time_elapsed         | 982       |
|    total_timesteps      | 434176    |
| train/                  |           |
|    approx_kl            | 2.7408285 |
|    clip_fraction        | 0.921     |
|    clip_range           | 0.2       |
|    entropy_loss         | 12.7      |
|    explained_variance   | 0.782     |
|    learning_rate        | 0.0003    |
|    loss                 | 0.831     |
|    n_updates            | 16940     |
|    policy_gradient_loss | 0.017     |
|    std                  | 0.0292    |
|    value_loss           | 3.61      |
---------------------------------------
---------------------------------------
| rollout/                |           |
|    ep_len_mean          | 1e+03     |
|    ep_rew_mean          | 690       |
| time/                   |           |
|    fps                  | 442       |
|    iterations           | 849       |
|    time_elapsed         | 983       |
|    total_timesteps      | 434688    |
| train/                  |           |
|    approx_kl            | 3.2825139 |
|    clip_fraction        | 0.932     |
|    clip_range           | 0.2       |
|    entropy_loss         | 12.7      |
|    explained_variance   | 0.918     |
|    learning_rate        | 0.0003    |
|    loss                 | 1.35      |
|    n_updates            | 16960     |
|    policy_gradient_loss | 0.0232    |
|    std                  | 0.029     |
|    value_loss           | 4.07      |
---------------------------------------
--------------------------------------
| rollout/                |          |
|    ep_len_mean          | 1e+03    |
|    ep_rew_mean          | 691      |
| time/                   |          |
|    fps                  | 442      |
|    iterations           | 850      |
|    time_elapsed         | 984      |
|    total_timesteps      | 435200   |
| train/                  |          |
|    approx_kl            | 2.072319 |
|    clip_fraction        | 0.917    |
|    clip_range           | 0.2      |
|    entropy_loss         | 12.7     |
|    explained_variance   | 0.677    |
|    learning_rate        | 0.0003   |
|    loss                 | 2.69     |
|    n_updates            | 16980    |
|    policy_gradient_loss | 0.0137   |
|    std                  | 0.029    |
|    value_loss           | 4.73     |
--------------------------------------
---------------------------------------
| rollout/                |           |
|    ep_len_mean          | 1e+03     |
|    ep_rew_mean          | 691       |
| time/                   |           |
|    fps                  | 442       |
|    iterations           | 851       |
|    time_elapsed         | 985       |
|    total_timesteps      | 435712    |
| train/                  |           |
|    approx_kl            | 1.1841557 |
|    clip_fraction        | 0.856     |
|    clip_range           | 0.2       |
|    entropy_loss         | 12.7      |
|    explained_variance   | 0.904     |
|    learning_rate        | 0.0003    |
|    loss                 | 2.77      |
|    n_updates            | 17000     |
|    policy_gradient_loss | -0.0305   |
|    std                  | 0.029     |
|    value_loss           | 8.97      |
---------------------------------------
---------------------------------------
| rollout/                |           |
|    ep_len_mean          | 1e+03     |
|    ep_rew_mean          | 691       |
| time/                   |           |
|    fps                  | 442       |
|    iterations           | 852       |
|    time_elapsed         | 986       |
|    total_timesteps      | 436224    |
| train/                  |           |
|    approx_kl            | 2.2226772 |
|    clip_fraction        | 0.894     |
|    clip_range           | 0.2       |
|    entropy_loss         | 12.8      |
|    explained_variance   | 0.767     |
|    learning_rate        | 0.0003    |
|    loss                 | 3.39      |
|    n_updates            | 17020     |
|    policy_gradient_loss | -0.0126   |
|    std                  | 0.0288    |
|    value_loss           | 6.35      |
---------------------------------------
---------------------------------------
| rollout/                |           |
|    ep_len_mean          | 1e+03     |
|    ep_rew_mean          | 691       |
| time/                   |           |
|    fps                  | 442       |
|    iterations           | 853       |
|    time_elapsed         | 987       |
|    total_timesteps      | 436736    |
| train/                  |           |
|    approx_kl            | 1.8528525 |
|    clip_fraction        | 0.864     |
|    clip_range           | 0.2       |
|    entropy_loss         | 12.8      |
|    explained_variance   | 0.935     |
|    learning_rate        | 0.0003    |
|    loss                 | 1.46      |
|    n_updates            | 17040     |
|    policy_gradient_loss | -0.046    |
|    std                  | 0.0286    |
|    value_loss           | 6.21      |
---------------------------------------
---------------------------------------
| rollout/                |           |
|    ep_len_mean          | 1e+03     |
|    ep_rew_mean          | 690       |
| time/                   |           |
|    fps                  | 442       |
|    iterations           | 854       |
|    time_elapsed         | 988       |
|    total_timesteps      | 437248    |
| train/                  |           |
|    approx_kl            | 3.3534784 |
|    clip_fraction        | 0.914     |
|    clip_range           | 0.2       |
|    entropy_loss         | 12.8      |
|    explained_variance   | 0.813     |
|    learning_rate        | 0.0003    |
|    loss                 | 1.67      |
|    n_updates            | 17060     |
|    policy_gradient_loss | 0.0144    |
|    std                  | 0.0286    |
|    value_loss           | 3.69      |
---------------------------------------
---------------------------------------
| rollout/                |           |
|    ep_len_mean          | 1e+03     |
|    ep_rew_mean          | 690       |
| time/                   |           |
|    fps                  | 442       |
|    iterations           | 855       |
|    time_elapsed         | 989       |
|    total_timesteps      | 437760    |
| train/                  |           |
|    approx_kl            | 3.1024816 |
|    clip_fraction        | 0.9       |
|    clip_range           | 0.2       |
|    entropy_loss         | 12.8      |
|    explained_variance   | 0.934     |
|    learning_rate        | 0.0003    |
|    loss                 | 1.9       |
|    n_updates            | 17080     |
|    policy_gradient_loss | -0.0413   |
|    std                  | 0.0286    |
|    value_loss           | 5.68      |
---------------------------------------
---------------------------------------
| rollout/                |           |
|    ep_len_mean          | 1e+03     |
|    ep_rew_mean          | 690       |
| time/                   |           |
|    fps                  | 442       |
|    iterations           | 856       |
|    time_elapsed         | 990       |
|    total_timesteps      | 438272    |
| train/                  |           |
|    approx_kl            | 2.3775508 |
|    clip_fraction        | 0.92      |
|    clip_range           | 0.2       |
|    entropy_loss         | 12.8      |
|    explained_variance   | 0.838     |
|    learning_rate        | 0.0003    |
|    loss                 | 1.04      |
|    n_updates            | 17100     |
|    policy_gradient_loss | 0.0632    |
|    std                  | 0.0287    |
|    value_loss           | 2.96      |
---------------------------------------
--------------------------------------
| rollout/                |          |
|    ep_len_mean          | 1e+03    |
|    ep_rew_mean          | 690      |
| time/                   |          |
|    fps                  | 442      |
|    iterations           | 857      |
|    time_elapsed         | 992      |
|    total_timesteps      | 438784   |
| train/                  |          |
|    approx_kl            | 2.478199 |
|    clip_fraction        | 0.902    |
|    clip_range           | 0.2      |
|    entropy_loss         | 12.8     |
|    explained_variance   | 0.9      |
|    learning_rate        | 0.0003   |
|    loss                 | 1.96     |
|    n_updates            | 17120    |
|    policy_gradient_loss | -0.0461  |
|    std                  | 0.0286   |
|    value_loss           | 6.24     |
--------------------------------------
---------------------------------------
| rollout/                |           |
|    ep_len_mean          | 1e+03     |
|    ep_rew_mean          | 691       |
| time/                   |           |
|    fps                  | 442       |
|    iterations           | 858       |
|    time_elapsed         | 993       |
|    total_timesteps      | 439296    |
| train/                  |           |
|    approx_kl            | 2.2051797 |
|    clip_fraction        | 0.906     |
|    clip_range           | 0.2       |
|    entropy_loss         | 12.8      |
|    explained_variance   | 0.864     |
|    learning_rate        | 0.0003    |
|    loss                 | 1.56      |
|    n_updates            | 17140     |
|    policy_gradient_loss | 0.042     |
|    std                  | 0.0287    |
|    value_loss           | 3.83      |
---------------------------------------
---------------------------------------
| rollout/                |           |
|    ep_len_mean          | 1e+03     |
|    ep_rew_mean          | 691       |
| time/                   |           |
|    fps                  | 442       |
|    iterations           | 859       |
|    time_elapsed         | 994       |
|    total_timesteps      | 439808    |
| train/                  |           |
|    approx_kl            | 1.8511934 |
|    clip_fraction        | 0.848     |
|    clip_range           | 0.2       |
|    entropy_loss         | 12.8      |
|    explained_variance   | 0.917     |
|    learning_rate        | 0.0003    |
|    loss                 | 1.77      |
|    n_updates            | 17160     |
|    policy_gradient_loss | -0.0339   |
|    std                  | 0.0285    |
|    value_loss           | 7.28      |
---------------------------------------
--------------------------------------
| rollout/                |          |
|    ep_len_mean          | 1e+03    |
|    ep_rew_mean          | 692      |
| time/                   |          |
|    fps                  | 442      |
|    iterations           | 860      |
|    time_elapsed         | 995      |
|    total_timesteps      | 440320   |
| train/                  |          |
|    approx_kl            | 4.416313 |
|    clip_fraction        | 0.924    |
|    clip_range           | 0.2      |
|    entropy_loss         | 12.8     |
|    explained_variance   | 0.787    |
|    learning_rate        | 0.0003   |
|    loss                 | 1.2      |
|    n_updates            | 17180    |
|    policy_gradient_loss | 0.0464   |
|    std                  | 0.0285   |
|    value_loss           | 3.03     |
--------------------------------------
---------------------------------------
| rollout/                |           |
|    ep_len_mean          | 1e+03     |
|    ep_rew_mean          | 692       |
| time/                   |           |
|    fps                  | 442       |
|    iterations           | 861       |
|    time_elapsed         | 996       |
|    total_timesteps      | 440832    |
| train/                  |           |
|    approx_kl            | 2.3833356 |
|    clip_fraction        | 0.909     |
|    clip_range           | 0.2       |
|    entropy_loss         | 12.9      |
|    explained_variance   | 0.886     |
|    learning_rate        | 0.0003    |
|    loss                 | 2.27      |
|    n_updates            | 17200     |
|    policy_gradient_loss | -0.0471   |
|    std                  | 0.0283    |
|    value_loss           | 6.13      |
---------------------------------------
---------------------------------------
| rollout/                |           |
|    ep_len_mean          | 1e+03     |
|    ep_rew_mean          | 691       |
| time/                   |           |
|    fps                  | 442       |
|    iterations           | 862       |
|    time_elapsed         | 997       |
|    total_timesteps      | 441344    |
| train/                  |           |
|    approx_kl            | 2.0053968 |
|    clip_fraction        | 0.921     |
|    clip_range           | 0.2       |
|    entropy_loss         | 12.9      |
|    explained_variance   | 0.579     |
|    learning_rate        | 0.0003    |
|    loss                 | 1.35      |
|    n_updates            | 17220     |
|    policy_gradient_loss | 0.0574    |
|    std                  | 0.0284    |
|    value_loss           | 3.34      |
---------------------------------------
---------------------------------------
| rollout/                |           |
|    ep_len_mean          | 1e+03     |
|    ep_rew_mean          | 691       |
| time/                   |           |
|    fps                  | 442       |
|    iterations           | 863       |
|    time_elapsed         | 998       |
|    total_timesteps      | 441856    |
| train/                  |           |
|    approx_kl            | 2.2814567 |
|    clip_fraction        | 0.877     |
|    clip_range           | 0.2       |
|    entropy_loss         | 12.9      |
|    explained_variance   | 0.919     |
|    learning_rate        | 0.0003    |
|    loss                 | 1.56      |
|    n_updates            | 17240     |
|    policy_gradient_loss | -0.0368   |
|    std                  | 0.0283    |
|    value_loss           | 7.36      |
---------------------------------------
--------------------------------------
| rollout/                |          |
|    ep_len_mean          | 1e+03    |
|    ep_rew_mean          | 690      |
| time/                   |          |
|    fps                  | 442      |
|    iterations           | 864      |
|    time_elapsed         | 999      |
|    total_timesteps      | 442368   |
| train/                  |          |
|    approx_kl            | 2.958652 |
|    clip_fraction        | 0.914    |
|    clip_range           | 0.2      |
|    entropy_loss         | 12.9     |
|    explained_variance   | 0.72     |
|    learning_rate        | 0.0003   |
|    loss                 | 1.81     |
|    n_updates            | 17260    |
|    policy_gradient_loss | 0.0108   |
|    std                  | 0.0283   |
|    value_loss           | 4.11     |
--------------------------------------
---------------------------------------
| rollout/                |           |
|    ep_len_mean          | 1e+03     |
|    ep_rew_mean          | 690       |
| time/                   |           |
|    fps                  | 442       |
|    iterations           | 865       |
|    time_elapsed         | 1001      |
|    total_timesteps      | 442880    |
| train/                  |           |
|    approx_kl            | 2.9037802 |
|    clip_fraction        | 0.908     |
|    clip_range           | 0.2       |
|    entropy_loss         | 12.9      |
|    explained_variance   | 0.913     |
|    learning_rate        | 0.0003    |
|    loss                 | 2.06      |
|    n_updates            | 17280     |
|    policy_gradient_loss | -0.00264  |
|    std                  | 0.0281    |
|    value_loss           | 6.11      |
---------------------------------------
--------------------------------------
| rollout/                |          |
|    ep_len_mean          | 1e+03    |
|    ep_rew_mean          | 689      |
| time/                   |          |
|    fps                  | 442      |
|    iterations           | 866      |
|    time_elapsed         | 1002     |
|    total_timesteps      | 443392   |
| train/                  |          |
|    approx_kl            | 2.249981 |
|    clip_fraction        | 0.916    |
|    clip_range           | 0.2      |
|    entropy_loss         | 12.9     |
|    explained_variance   | 0.822    |
|    learning_rate        | 0.0003   |
|    loss                 | 0.948    |
|    n_updates            | 17300    |
|    policy_gradient_loss | 0.042    |
|    std                  | 0.0281   |
|    value_loss           | 2.83     |
--------------------------------------
---------------------------------------
| rollout/                |           |
|    ep_len_mean          | 1e+03     |
|    ep_rew_mean          | 689       |
| time/                   |           |
|    fps                  | 442       |
|    iterations           | 867       |
|    time_elapsed         | 1003      |
|    total_timesteps      | 443904    |
| train/                  |           |
|    approx_kl            | 3.5973353 |
|    clip_fraction        | 0.92      |
|    clip_range           | 0.2       |
|    entropy_loss         | 12.9      |
|    explained_variance   | 0.847     |
|    learning_rate        | 0.0003    |
|    loss                 | 1.55      |
|    n_updates            | 17320     |
|    policy_gradient_loss | -0.0142   |
|    std                  | 0.0279    |
|    value_loss           | 4.74      |
---------------------------------------
--------------------------------------
| rollout/                |          |
|    ep_len_mean          | 1e+03    |
|    ep_rew_mean          | 687      |
| time/                   |          |
|    fps                  | 442      |
|    iterations           | 868      |
|    time_elapsed         | 1004     |
|    total_timesteps      | 444416   |
| train/                  |          |
|    approx_kl            | 17.31219 |
|    clip_fraction        | 0.912    |
|    clip_range           | 0.2      |
|    entropy_loss         | 13       |
|    explained_variance   | 0.7      |
|    learning_rate        | 0.0003   |
|    loss                 | 0.936    |
|    n_updates            | 17340    |
|    policy_gradient_loss | 0.0942   |
|    std                  | 0.0281   |
|    value_loss           | 3.07     |
--------------------------------------
--------------------------------------
| rollout/                |          |
|    ep_len_mean          | 1e+03    |
|    ep_rew_mean          | 687      |
| time/                   |          |
|    fps                  | 442      |
|    iterations           | 869      |
|    time_elapsed         | 1005     |
|    total_timesteps      | 444928   |
| train/                  |          |
|    approx_kl            | 2.884503 |
|    clip_fraction        | 0.889    |
|    clip_range           | 0.2      |
|    entropy_loss         | 12.9     |
|    explained_variance   | 0.905    |
|    learning_rate        | 0.0003   |
|    loss                 | 1.12     |
|    n_updates            | 17360    |
|    policy_gradient_loss | -0.0466  |
|    std                  | 0.0279   |
|    value_loss           | 4.48     |
--------------------------------------
---------------------------------------
| rollout/                |           |
|    ep_len_mean          | 1e+03     |
|    ep_rew_mean          | 688       |
| time/                   |           |
|    fps                  | 442       |
|    iterations           | 870       |
|    time_elapsed         | 1006      |
|    total_timesteps      | 445440    |
| train/                  |           |
|    approx_kl            | 5.3234105 |
|    clip_fraction        | 0.923     |
|    clip_range           | 0.2       |
|    entropy_loss         | 13        |
|    explained_variance   | 0.708     |
|    learning_rate        | 0.0003    |
|    loss                 | 1.25      |
|    n_updates            | 17380     |
|    policy_gradient_loss | 0.0776    |
|    std                  | 0.0281    |
|    value_loss           | 2.53      |
---------------------------------------
---------------------------------------
| rollout/                |           |
|    ep_len_mean          | 1e+03     |
|    ep_rew_mean          | 688       |
| time/                   |           |
|    fps                  | 442       |
|    iterations           | 871       |
|    time_elapsed         | 1007      |
|    total_timesteps      | 445952    |
| train/                  |           |
|    approx_kl            | 2.8392155 |
|    clip_fraction        | 0.897     |
|    clip_range           | 0.2       |
|    entropy_loss         | 12.9      |
|    explained_variance   | 0.93      |
|    learning_rate        | 0.0003    |
|    loss                 | 1.15      |
|    n_updates            | 17400     |
|    policy_gradient_loss | -0.0429   |
|    std                  | 0.0281    |
|    value_loss           | 4.6       |
---------------------------------------
---------------------------------------
| rollout/                |           |
|    ep_len_mean          | 1e+03     |
|    ep_rew_mean          | 687       |
| time/                   |           |
|    fps                  | 442       |
|    iterations           | 872       |
|    time_elapsed         | 1008      |
|    total_timesteps      | 446464    |
| train/                  |           |
|    approx_kl            | 3.1024756 |
|    clip_fraction        | 0.905     |
|    clip_range           | 0.2       |
|    entropy_loss         | 12.9      |
|    explained_variance   | 0.733     |
|    learning_rate        | 0.0003    |
|    loss                 | 1.74      |
|    n_updates            | 17420     |
|    policy_gradient_loss | 0.0315    |
|    std                  | 0.0281    |
|    value_loss           | 2.98      |
---------------------------------------
--------------------------------------
| rollout/                |          |
|    ep_len_mean          | 1e+03    |
|    ep_rew_mean          | 687      |
| time/                   |          |
|    fps                  | 442      |
|    iterations           | 873      |
|    time_elapsed         | 1009     |
|    total_timesteps      | 446976   |
| train/                  |          |
|    approx_kl            | 2.570916 |
|    clip_fraction        | 0.896    |
|    clip_range           | 0.2      |
|    entropy_loss         | 13       |
|    explained_variance   | 0.925    |
|    learning_rate        | 0.0003   |
|    loss                 | 2.12     |
|    n_updates            | 17440    |
|    policy_gradient_loss | -0.0229  |
|    std                  | 0.0279   |
|    value_loss           | 7.68     |
--------------------------------------
---------------------------------------
| rollout/                |           |
|    ep_len_mean          | 1e+03     |
|    ep_rew_mean          | 686       |
| time/                   |           |
|    fps                  | 442       |
|    iterations           | 874       |
|    time_elapsed         | 1011      |
|    total_timesteps      | 447488    |
| train/                  |           |
|    approx_kl            | 2.8907151 |
|    clip_fraction        | 0.894     |
|    clip_range           | 0.2       |
|    entropy_loss         | 13        |
|    explained_variance   | 0.571     |
|    learning_rate        | 0.0003    |
|    loss                 | 1.3       |
|    n_updates            | 17460     |
|    policy_gradient_loss | 0.00138   |
|    std                  | 0.0278    |
|    value_loss           | 3.15      |
---------------------------------------
---------------------------------------
| rollout/                |           |
|    ep_len_mean          | 1e+03     |
|    ep_rew_mean          | 685       |
| time/                   |           |
|    fps                  | 442       |
|    iterations           | 875       |
|    time_elapsed         | 1012      |
|    total_timesteps      | 448000    |
| train/                  |           |
|    approx_kl            | 2.4909205 |
|    clip_fraction        | 0.9       |
|    clip_range           | 0.2       |
|    entropy_loss         | 13        |
|    explained_variance   | 0.773     |
|    learning_rate        | 0.0003    |
|    loss                 | 2.57      |
|    n_updates            | 17480     |
|    policy_gradient_loss | -0.0294   |
|    std                  | 0.0278    |
|    value_loss           | 6.06      |
---------------------------------------
---------------------------------------
| rollout/                |           |
|    ep_len_mean          | 1e+03     |
|    ep_rew_mean          | 685       |
| time/                   |           |
|    fps                  | 442       |
|    iterations           | 876       |
|    time_elapsed         | 1013      |
|    total_timesteps      | 448512    |
| train/                  |           |
|    approx_kl            | 2.1944323 |
|    clip_fraction        | 0.923     |
|    clip_range           | 0.2       |
|    entropy_loss         | 13        |
|    explained_variance   | 0.734     |
|    learning_rate        | 0.0003    |
|    loss                 | 1.38      |
|    n_updates            | 17500     |
|    policy_gradient_loss | 0.0873    |
|    std                  | 0.0278    |
|    value_loss           | 2.81      |
---------------------------------------
---------------------------------------
| rollout/                |           |
|    ep_len_mean          | 1e+03     |
|    ep_rew_mean          | 686       |
| time/                   |           |
|    fps                  | 442       |
|    iterations           | 877       |
|    time_elapsed         | 1014      |
|    total_timesteps      | 449024    |
| train/                  |           |
|    approx_kl            | 20.281237 |
|    clip_fraction        | 0.928     |
|    clip_range           | 0.2       |
|    entropy_loss         | 13        |
|    explained_variance   | 0.809     |
|    learning_rate        | 0.0003    |
|    loss                 | 1.17      |
|    n_updates            | 17520     |
|    policy_gradient_loss | 0.0142    |
|    std                  | 0.0278    |
|    value_loss           | 4.43      |
---------------------------------------
---------------------------------------
| rollout/                |           |
|    ep_len_mean          | 1e+03     |
|    ep_rew_mean          | 686       |
| time/                   |           |
|    fps                  | 442       |
|    iterations           | 878       |
|    time_elapsed         | 1015      |
|    total_timesteps      | 449536    |
| train/                  |           |
|    approx_kl            | 1.5806551 |
|    clip_fraction        | 0.901     |
|    clip_range           | 0.2       |
|    entropy_loss         | 13        |
|    explained_variance   | 0.903     |
|    learning_rate        | 0.0003    |
|    loss                 | 1.17      |
|    n_updates            | 17540     |
|    policy_gradient_loss | 0.0805    |
|    std                  | 0.028     |
|    value_loss           | 4.03      |
---------------------------------------
---------------------------------------
| rollout/                |           |
|    ep_len_mean          | 1e+03     |
|    ep_rew_mean          | 687       |
| time/                   |           |
|    fps                  | 442       |
|    iterations           | 879       |
|    time_elapsed         | 1016      |
|    total_timesteps      | 450048    |
| train/                  |           |
|    approx_kl            | 2.4985144 |
|    clip_fraction        | 0.886     |
|    clip_range           | 0.2       |
|    entropy_loss         | 13        |
|    explained_variance   | 0.897     |
|    learning_rate        | 0.0003    |
|    loss                 | 1.24      |
|    n_updates            | 17560     |
|    policy_gradient_loss | -0.0283   |
|    std                  | 0.0278    |
|    value_loss           | 4.83      |
---------------------------------------
---------------------------------------
| rollout/                |           |
|    ep_len_mean          | 1e+03     |
|    ep_rew_mean          | 687       |
| time/                   |           |
|    fps                  | 442       |
|    iterations           | 880       |
|    time_elapsed         | 1017      |
|    total_timesteps      | 450560    |
| train/                  |           |
|    approx_kl            | 3.7113786 |
|    clip_fraction        | 0.916     |
|    clip_range           | 0.2       |
|    entropy_loss         | 13        |
|    explained_variance   | 0.962     |
|    learning_rate        | 0.0003    |
|    loss                 | 1.09      |
|    n_updates            | 17580     |
|    policy_gradient_loss | 0.0035    |
|    std                  | 0.0278    |
|    value_loss           | 2.53      |
---------------------------------------
---------------------------------------
| rollout/                |           |
|    ep_len_mean          | 1e+03     |
|    ep_rew_mean          | 688       |
| time/                   |           |
|    fps                  | 442       |
|    iterations           | 881       |
|    time_elapsed         | 1018      |
|    total_timesteps      | 451072    |
| train/                  |           |
|    approx_kl            | 3.0583751 |
|    clip_fraction        | 0.924     |
|    clip_range           | 0.2       |
|    entropy_loss         | 13        |
|    explained_variance   | 0.774     |
|    learning_rate        | 0.0003    |
|    loss                 | 1.34      |
|    n_updates            | 17600     |
|    policy_gradient_loss | 0.00888   |
|    std                  | 0.0278    |
|    value_loss           | 5.1       |
---------------------------------------
---------------------------------------
| rollout/                |           |
|    ep_len_mean          | 1e+03     |
|    ep_rew_mean          | 688       |
| time/                   |           |
|    fps                  | 442       |
|    iterations           | 882       |
|    time_elapsed         | 1019      |
|    total_timesteps      | 451584    |
| train/                  |           |
|    approx_kl            | 1.5955651 |
|    clip_fraction        | 0.854     |
|    clip_range           | 0.2       |
|    entropy_loss         | 13        |
|    explained_variance   | 0.969     |
|    learning_rate        | 0.0003    |
|    loss                 | 1.63      |
|    n_updates            | 17620     |
|    policy_gradient_loss | -0.0372   |
|    std                  | 0.0278    |
|    value_loss           | 5.03      |
---------------------------------------
--------------------------------------
| rollout/                |          |
|    ep_len_mean          | 1e+03    |
|    ep_rew_mean          | 688      |
| time/                   |          |
|    fps                  | 442      |
|    iterations           | 883      |
|    time_elapsed         | 1020     |
|    total_timesteps      | 452096   |
| train/                  |          |
|    approx_kl            | 4.379452 |
|    clip_fraction        | 0.925    |
|    clip_range           | 0.2      |
|    entropy_loss         | 13       |
|    explained_variance   | 0.78     |
|    learning_rate        | 0.0003   |
|    loss                 | 1.29     |
|    n_updates            | 17640    |
|    policy_gradient_loss | 0.0146   |
|    std                  | 0.0277   |
|    value_loss           | 3.64     |
--------------------------------------
--------------------------------------
| rollout/                |          |
|    ep_len_mean          | 1e+03    |
|    ep_rew_mean          | 688      |
| time/                   |          |
|    fps                  | 442      |
|    iterations           | 884      |
|    time_elapsed         | 1022     |
|    total_timesteps      | 452608   |
| train/                  |          |
|    approx_kl            | 2.162722 |
|    clip_fraction        | 0.909    |
|    clip_range           | 0.2      |
|    entropy_loss         | 13       |
|    explained_variance   | 0.958    |
|    learning_rate        | 0.0003   |
|    loss                 | 0.714    |
|    n_updates            | 17660    |
|    policy_gradient_loss | 0.0289   |
|    std                  | 0.0279   |
|    value_loss           | 2.48     |
--------------------------------------
---------------------------------------
| rollout/                |           |
|    ep_len_mean          | 1e+03     |
|    ep_rew_mean          | 689       |
| time/                   |           |
|    fps                  | 442       |
|    iterations           | 885       |
|    time_elapsed         | 1023      |
|    total_timesteps      | 453120    |
| train/                  |           |
|    approx_kl            | 3.2381785 |
|    clip_fraction        | 0.93      |
|    clip_range           | 0.2       |
|    entropy_loss         | 13        |
|    explained_variance   | 0.886     |
|    learning_rate        | 0.0003    |
|    loss                 | 1.02      |
|    n_updates            | 17680     |
|    policy_gradient_loss | 0.0485    |
|    std                  | 0.028     |
|    value_loss           | 3.02      |
---------------------------------------
---------------------------------------
| rollout/                |           |
|    ep_len_mean          | 1e+03     |
|    ep_rew_mean          | 689       |
| time/                   |           |
|    fps                  | 442       |
|    iterations           | 886       |
|    time_elapsed         | 1024      |
|    total_timesteps      | 453632    |
| train/                  |           |
|    approx_kl            | 2.0473115 |
|    clip_fraction        | 0.876     |
|    clip_range           | 0.2       |
|    entropy_loss         | 13        |
|    explained_variance   | 0.94      |
|    learning_rate        | 0.0003    |
|    loss                 | 1.38      |
|    n_updates            | 17700     |
|    policy_gradient_loss | -0.0281   |
|    std                  | 0.0279    |
|    value_loss           | 5.03      |
---------------------------------------
---------------------------------------
| rollout/                |           |
|    ep_len_mean          | 1e+03     |
|    ep_rew_mean          | 688       |
| time/                   |           |
|    fps                  | 442       |
|    iterations           | 887       |
|    time_elapsed         | 1025      |
|    total_timesteps      | 454144    |
| train/                  |           |
|    approx_kl            | 3.2013886 |
|    clip_fraction        | 0.91      |
|    clip_range           | 0.2       |
|    entropy_loss         | 13        |
|    explained_variance   | 0.9       |
|    learning_rate        | 0.0003    |
|    loss                 | 0.856     |
|    n_updates            | 17720     |
|    policy_gradient_loss | 0.00935   |
|    std                  | 0.0277    |
|    value_loss           | 3.32      |
---------------------------------------
--------------------------------------
| rollout/                |          |
|    ep_len_mean          | 1e+03    |
|    ep_rew_mean          | 688      |
| time/                   |          |
|    fps                  | 442      |
|    iterations           | 888      |
|    time_elapsed         | 1026     |
|    total_timesteps      | 454656   |
| train/                  |          |
|    approx_kl            | 2.206643 |
|    clip_fraction        | 0.909    |
|    clip_range           | 0.2      |
|    entropy_loss         | 13       |
|    explained_variance   | 0.962    |
|    learning_rate        | 0.0003   |
|    loss                 | 0.676    |
|    n_updates            | 17740    |
|    policy_gradient_loss | 0.025    |
|    std                  | 0.0277   |
|    value_loss           | 3.47     |
--------------------------------------
--------------------------------------
| rollout/                |          |
|    ep_len_mean          | 1e+03    |
|    ep_rew_mean          | 687      |
| time/                   |          |
|    fps                  | 442      |
|    iterations           | 889      |
|    time_elapsed         | 1027     |
|    total_timesteps      | 455168   |
| train/                  |          |
|    approx_kl            | 3.774994 |
|    clip_fraction        | 0.924    |
|    clip_range           | 0.2      |
|    entropy_loss         | 13       |
|    explained_variance   | 0.904    |
|    learning_rate        | 0.0003   |
|    loss                 | 1.45     |
|    n_updates            | 17760    |
|    policy_gradient_loss | 0.0185   |
|    std                  | 0.0278   |
|    value_loss           | 3.61     |
--------------------------------------
---------------------------------------
| rollout/                |           |
|    ep_len_mean          | 1e+03     |
|    ep_rew_mean          | 687       |
| time/                   |           |
|    fps                  | 442       |
|    iterations           | 890       |
|    time_elapsed         | 1028      |
|    total_timesteps      | 455680    |
| train/                  |           |
|    approx_kl            | 4.6472926 |
|    clip_fraction        | 0.918     |
|    clip_range           | 0.2       |
|    entropy_loss         | 13        |
|    explained_variance   | 0.926     |
|    learning_rate        | 0.0003    |
|    loss                 | 0.65      |
|    n_updates            | 17780     |
|    policy_gradient_loss | -0.0205   |
|    std                  | 0.0277    |
|    value_loss           | 3.55      |
---------------------------------------
---------------------------------------
| rollout/                |           |
|    ep_len_mean          | 1e+03     |
|    ep_rew_mean          | 688       |
| time/                   |           |
|    fps                  | 442       |
|    iterations           | 891       |
|    time_elapsed         | 1029      |
|    total_timesteps      | 456192    |
| train/                  |           |
|    approx_kl            | 3.9387436 |
|    clip_fraction        | 0.896     |
|    clip_range           | 0.2       |
|    entropy_loss         | 13        |
|    explained_variance   | 0.84      |
|    learning_rate        | 0.0003    |
|    loss                 | 0.834     |
|    n_updates            | 17800     |
|    policy_gradient_loss | -0.0248   |
|    std                  | 0.0278    |
|    value_loss           | 2.19      |
---------------------------------------
---------------------------------------
| rollout/                |           |
|    ep_len_mean          | 1e+03     |
|    ep_rew_mean          | 688       |
| time/                   |           |
|    fps                  | 443       |
|    iterations           | 892       |
|    time_elapsed         | 1030      |
|    total_timesteps      | 456704    |
| train/                  |           |
|    approx_kl            | 1.7908777 |
|    clip_fraction        | 0.881     |
|    clip_range           | 0.2       |
|    entropy_loss         | 13        |
|    explained_variance   | 0.959     |
|    learning_rate        | 0.0003    |
|    loss                 | 1.04      |
|    n_updates            | 17820     |
|    policy_gradient_loss | -0.0374   |
|    std                  | 0.0277    |
|    value_loss           | 4.15      |
---------------------------------------
--------------------------------------
| rollout/                |          |
|    ep_len_mean          | 1e+03    |
|    ep_rew_mean          | 686      |
| time/                   |          |
|    fps                  | 443      |
|    iterations           | 893      |
|    time_elapsed         | 1032     |
|    total_timesteps      | 457216   |
| train/                  |          |
|    approx_kl            | 2.994176 |
|    clip_fraction        | 0.905    |
|    clip_range           | 0.2      |
|    entropy_loss         | 13       |
|    explained_variance   | 0.829    |
|    learning_rate        | 0.0003   |
|    loss                 | 1.43     |
|    n_updates            | 17840    |
|    policy_gradient_loss | -0.015   |
|    std                  | 0.0276   |
|    value_loss           | 4.15     |
--------------------------------------
--------------------------------------
| rollout/                |          |
|    ep_len_mean          | 1e+03    |
|    ep_rew_mean          | 686      |
| time/                   |          |
|    fps                  | 443      |
|    iterations           | 894      |
|    time_elapsed         | 1033     |
|    total_timesteps      | 457728   |
| train/                  |          |
|    approx_kl            | 2.199207 |
|    clip_fraction        | 0.89     |
|    clip_range           | 0.2      |
|    entropy_loss         | 13.1     |
|    explained_variance   | 0.955    |
|    learning_rate        | 0.0003   |
|    loss                 | 1.03     |
|    n_updates            | 17860    |
|    policy_gradient_loss | -0.0224  |
|    std                  | 0.0273   |
|    value_loss           | 3.98     |
--------------------------------------
---------------------------------------
| rollout/                |           |
|    ep_len_mean          | 1e+03     |
|    ep_rew_mean          | 685       |
| time/                   |           |
|    fps                  | 443       |
|    iterations           | 895       |
|    time_elapsed         | 1034      |
|    total_timesteps      | 458240    |
| train/                  |           |
|    approx_kl            | 2.7772813 |
|    clip_fraction        | 0.921     |
|    clip_range           | 0.2       |
|    entropy_loss         | 13.1      |
|    explained_variance   | 0.814     |
|    learning_rate        | 0.0003    |
|    loss                 | 0.941     |
|    n_updates            | 17880     |
|    policy_gradient_loss | 0.0388    |
|    std                  | 0.0272    |
|    value_loss           | 2.82      |
---------------------------------------
--------------------------------------
| rollout/                |          |
|    ep_len_mean          | 1e+03    |
|    ep_rew_mean          | 685      |
| time/                   |          |
|    fps                  | 443      |
|    iterations           | 896      |
|    time_elapsed         | 1035     |
|    total_timesteps      | 458752   |
| train/                  |          |
|    approx_kl            | 2.70265  |
|    clip_fraction        | 0.906    |
|    clip_range           | 0.2      |
|    entropy_loss         | 13.1     |
|    explained_variance   | 0.947    |
|    learning_rate        | 0.0003   |
|    loss                 | 1.79     |
|    n_updates            | 17900    |
|    policy_gradient_loss | -0.0187  |
|    std                  | 0.0272   |
|    value_loss           | 5.39     |
--------------------------------------
--------------------------------------
| rollout/                |          |
|    ep_len_mean          | 1e+03    |
|    ep_rew_mean          | 684      |
| time/                   |          |
|    fps                  | 443      |
|    iterations           | 897      |
|    time_elapsed         | 1036     |
|    total_timesteps      | 459264   |
| train/                  |          |
|    approx_kl            | 2.119472 |
|    clip_fraction        | 0.904    |
|    clip_range           | 0.2      |
|    entropy_loss         | 13.1     |
|    explained_variance   | 0.843    |
|    learning_rate        | 0.0003   |
|    loss                 | 1.21     |
|    n_updates            | 17920    |
|    policy_gradient_loss | -0.00385 |
|    std                  | 0.0272   |
|    value_loss           | 3.14     |
--------------------------------------
---------------------------------------
| rollout/                |           |
|    ep_len_mean          | 1e+03     |
|    ep_rew_mean          | 684       |
| time/                   |           |
|    fps                  | 443       |
|    iterations           | 898       |
|    time_elapsed         | 1037      |
|    total_timesteps      | 459776    |
| train/                  |           |
|    approx_kl            | 1.7482915 |
|    clip_fraction        | 0.872     |
|    clip_range           | 0.2       |
|    entropy_loss         | 13.1      |
|    explained_variance   | 0.951     |
|    learning_rate        | 0.0003    |
|    loss                 | 2.06      |
|    n_updates            | 17940     |
|    policy_gradient_loss | -0.0396   |
|    std                  | 0.0271    |
|    value_loss           | 6.8       |
---------------------------------------
---------------------------------------
| rollout/                |           |
|    ep_len_mean          | 1e+03     |
|    ep_rew_mean          | 682       |
| time/                   |           |
|    fps                  | 443       |
|    iterations           | 899       |
|    time_elapsed         | 1038      |
|    total_timesteps      | 460288    |
| train/                  |           |
|    approx_kl            | 2.2256784 |
|    clip_fraction        | 0.912     |
|    clip_range           | 0.2       |
|    entropy_loss         | 13.1      |
|    explained_variance   | 0.724     |
|    learning_rate        | 0.0003    |
|    loss                 | 1.56      |
|    n_updates            | 17960     |
|    policy_gradient_loss | -0.00606  |
|    std                  | 0.0271    |
|    value_loss           | 4.6       |
---------------------------------------
---------------------------------------
| rollout/                |           |
|    ep_len_mean          | 1e+03     |
|    ep_rew_mean          | 682       |
| time/                   |           |
|    fps                  | 443       |
|    iterations           | 900       |
|    time_elapsed         | 1039      |
|    total_timesteps      | 460800    |
| train/                  |           |
|    approx_kl            | 2.4632912 |
|    clip_fraction        | 0.884     |
|    clip_range           | 0.2       |
|    entropy_loss         | 13.2      |
|    explained_variance   | 0.949     |
|    learning_rate        | 0.0003    |
|    loss                 | 1.42      |
|    n_updates            | 17980     |
|    policy_gradient_loss | -0.0329   |
|    std                  | 0.0269    |
|    value_loss           | 6.41      |
---------------------------------------
---------------------------------------
| rollout/                |           |
|    ep_len_mean          | 1e+03     |
|    ep_rew_mean          | 680       |
| time/                   |           |
|    fps                  | 443       |
|    iterations           | 901       |
|    time_elapsed         | 1040      |
|    total_timesteps      | 461312    |
| train/                  |           |
|    approx_kl            | 4.1181307 |
|    clip_fraction        | 0.917     |
|    clip_range           | 0.2       |
|    entropy_loss         | 13.2      |
|    explained_variance   | -0.0548   |
|    learning_rate        | 0.0003    |
|    loss                 | 1.33      |
|    n_updates            | 18000     |
|    policy_gradient_loss | 0.0529    |
|    std                  | 0.0268    |
|    value_loss           | 4.38      |
---------------------------------------
---------------------------------------
| rollout/                |           |
|    ep_len_mean          | 1e+03     |
|    ep_rew_mean          | 680       |
| time/                   |           |
|    fps                  | 443       |
|    iterations           | 902       |
|    time_elapsed         | 1041      |
|    total_timesteps      | 461824    |
| train/                  |           |
|    approx_kl            | 2.5982265 |
|    clip_fraction        | 0.898     |
|    clip_range           | 0.2       |
|    entropy_loss         | 13.2      |
|    explained_variance   | 0.668     |
|    learning_rate        | 0.0003    |
|    loss                 | 1.15      |
|    n_updates            | 18020     |
|    policy_gradient_loss | -0.0383   |
|    std                  | 0.0265    |
|    value_loss           | 5.48      |
---------------------------------------
---------------------------------------
| rollout/                |           |
|    ep_len_mean          | 1e+03     |
|    ep_rew_mean          | 680       |
| time/                   |           |
|    fps                  | 443       |
|    iterations           | 903       |
|    time_elapsed         | 1043      |
|    total_timesteps      | 462336    |
| train/                  |           |
|    approx_kl            | 2.1908152 |
|    clip_fraction        | 0.89      |
|    clip_range           | 0.2       |
|    entropy_loss         | 13.3      |
|    explained_variance   | 0.625     |
|    learning_rate        | 0.0003    |
|    loss                 | 1.37      |
|    n_updates            | 18040     |
|    policy_gradient_loss | 0.00732   |
|    std                  | 0.0264    |
|    value_loss           | 3.79      |
---------------------------------------
---------------------------------------
| rollout/                |           |
|    ep_len_mean          | 1e+03     |
|    ep_rew_mean          | 680       |
| time/                   |           |
|    fps                  | 443       |
|    iterations           | 904       |
|    time_elapsed         | 1044      |
|    total_timesteps      | 462848    |
| train/                  |           |
|    approx_kl            | 1.8630806 |
|    clip_fraction        | 0.896     |
|    clip_range           | 0.2       |
|    entropy_loss         | 13.3      |
|    explained_variance   | 0.873     |
|    learning_rate        | 0.0003    |
|    loss                 | 2.16      |
|    n_updates            | 18060     |
|    policy_gradient_loss | -0.0602   |
|    std                  | 0.0264    |
|    value_loss           | 5.32      |
---------------------------------------
---------------------------------------
| rollout/                |           |
|    ep_len_mean          | 1e+03     |
|    ep_rew_mean          | 681       |
| time/                   |           |
|    fps                  | 443       |
|    iterations           | 905       |
|    time_elapsed         | 1045      |
|    total_timesteps      | 463360    |
| train/                  |           |
|    approx_kl            | 3.2348742 |
|    clip_fraction        | 0.904     |
|    clip_range           | 0.2       |
|    entropy_loss         | 13.3      |
|    explained_variance   | 0.762     |
|    learning_rate        | 0.0003    |
|    loss                 | 1.31      |
|    n_updates            | 18080     |
|    policy_gradient_loss | 0.0252    |
|    std                  | 0.0265    |
|    value_loss           | 3.12      |
---------------------------------------
---------------------------------------
| rollout/                |           |
|    ep_len_mean          | 1e+03     |
|    ep_rew_mean          | 681       |
| time/                   |           |
|    fps                  | 443       |
|    iterations           | 906       |
|    time_elapsed         | 1046      |
|    total_timesteps      | 463872    |
| train/                  |           |
|    approx_kl            | 1.8532975 |
|    clip_fraction        | 0.876     |
|    clip_range           | 0.2       |
|    entropy_loss         | 13.3      |
|    explained_variance   | 0.898     |
|    learning_rate        | 0.0003    |
|    loss                 | 1.56      |
|    n_updates            | 18100     |
|    policy_gradient_loss | -0.0513   |
|    std                  | 0.0264    |
|    value_loss           | 5.21      |
---------------------------------------
---------------------------------------
| rollout/                |           |
|    ep_len_mean          | 1e+03     |
|    ep_rew_mean          | 681       |
| time/                   |           |
|    fps                  | 443       |
|    iterations           | 907       |
|    time_elapsed         | 1047      |
|    total_timesteps      | 464384    |
| train/                  |           |
|    approx_kl            | 1.7437799 |
|    clip_fraction        | 0.903     |
|    clip_range           | 0.2       |
|    entropy_loss         | 13.3      |
|    explained_variance   | 0.736     |
|    learning_rate        | 0.0003    |
|    loss                 | 0.948     |
|    n_updates            | 18120     |
|    policy_gradient_loss | 0.014     |
|    std                  | 0.0263    |
|    value_loss           | 2.92      |
---------------------------------------
---------------------------------------
| rollout/                |           |
|    ep_len_mean          | 1e+03     |
|    ep_rew_mean          | 681       |
| time/                   |           |
|    fps                  | 443       |
|    iterations           | 908       |
|    time_elapsed         | 1048      |
|    total_timesteps      | 464896    |
| train/                  |           |
|    approx_kl            | 3.4339628 |
|    clip_fraction        | 0.899     |
|    clip_range           | 0.2       |
|    entropy_loss         | 13.3      |
|    explained_variance   | 0.924     |
|    learning_rate        | 0.0003    |
|    loss                 | 1.02      |
|    n_updates            | 18140     |
|    policy_gradient_loss | -0.0598   |
|    std                  | 0.0261    |
|    value_loss           | 4.41      |
---------------------------------------
---------------------------------------
| rollout/                |           |
|    ep_len_mean          | 1e+03     |
|    ep_rew_mean          | 679       |
| time/                   |           |
|    fps                  | 443       |
|    iterations           | 909       |
|    time_elapsed         | 1049      |
|    total_timesteps      | 465408    |
| train/                  |           |
|    approx_kl            | 6.6908054 |
|    clip_fraction        | 0.946     |
|    clip_range           | 0.2       |
|    entropy_loss         | 13.3      |
|    explained_variance   | 0.337     |
|    learning_rate        | 0.0003    |
|    loss                 | 1.45      |
|    n_updates            | 18160     |
|    policy_gradient_loss | 0.182     |
|    std                  | 0.0265    |
|    value_loss           | 2.94      |
---------------------------------------
--------------------------------------
| rollout/                |          |
|    ep_len_mean          | 1e+03    |
|    ep_rew_mean          | 679      |
| time/                   |          |
|    fps                  | 443      |
|    iterations           | 910      |
|    time_elapsed         | 1050     |
|    total_timesteps      | 465920   |
| train/                  |          |
|    approx_kl            | 3.804305 |
|    clip_fraction        | 0.917    |
|    clip_range           | 0.2      |
|    entropy_loss         | 13.3     |
|    explained_variance   | 0.725    |
|    learning_rate        | 0.0003   |
|    loss                 | 2.8      |
|    n_updates            | 18180    |
|    policy_gradient_loss | -0.0337  |
|    std                  | 0.0265   |
|    value_loss           | 10.5     |
--------------------------------------
---------------------------------------
| rollout/                |           |
|    ep_len_mean          | 1e+03     |
|    ep_rew_mean          | 680       |
| time/                   |           |
|    fps                  | 443       |
|    iterations           | 911       |
|    time_elapsed         | 1051      |
|    total_timesteps      | 466432    |
| train/                  |           |
|    approx_kl            | 1.9793264 |
|    clip_fraction        | 0.903     |
|    clip_range           | 0.2       |
|    entropy_loss         | 13.3      |
|    explained_variance   | 0.472     |
|    learning_rate        | 0.0003    |
|    loss                 | 1.27      |
|    n_updates            | 18200     |
|    policy_gradient_loss | 0.0411    |
|    std                  | 0.0265    |
|    value_loss           | 2.88      |
---------------------------------------
--------------------------------------
| rollout/                |          |
|    ep_len_mean          | 1e+03    |
|    ep_rew_mean          | 680      |
| time/                   |          |
|    fps                  | 443      |
|    iterations           | 912      |
|    time_elapsed         | 1052     |
|    total_timesteps      | 466944   |
| train/                  |          |
|    approx_kl            | 1.883805 |
|    clip_fraction        | 0.874    |
|    clip_range           | 0.2      |
|    entropy_loss         | 13.3     |
|    explained_variance   | 0.76     |
|    learning_rate        | 0.0003   |
|    loss                 | 2.17     |
|    n_updates            | 18220    |
|    policy_gradient_loss | -0.0731  |
|    std                  | 0.0263   |
|    value_loss           | 7.45     |
--------------------------------------
---------------------------------------
| rollout/                |           |
|    ep_len_mean          | 1e+03     |
|    ep_rew_mean          | 679       |
| time/                   |           |
|    fps                  | 443       |
|    iterations           | 913       |
|    time_elapsed         | 1054      |
|    total_timesteps      | 467456    |
| train/                  |           |
|    approx_kl            | 1.9542166 |
|    clip_fraction        | 0.902     |
|    clip_range           | 0.2       |
|    entropy_loss         | 13.3      |
|    explained_variance   | 0.663     |
|    learning_rate        | 0.0003    |
|    loss                 | 1.7       |
|    n_updates            | 18240     |
|    policy_gradient_loss | 0.0222    |
|    std                  | 0.0264    |
|    value_loss           | 4.21      |
---------------------------------------
---------------------------------------
| rollout/                |           |
|    ep_len_mean          | 1e+03     |
|    ep_rew_mean          | 679       |
| time/                   |           |
|    fps                  | 443       |
|    iterations           | 914       |
|    time_elapsed         | 1055      |
|    total_timesteps      | 467968    |
| train/                  |           |
|    approx_kl            | 1.6961465 |
|    clip_fraction        | 0.876     |
|    clip_range           | 0.2       |
|    entropy_loss         | 13.3      |
|    explained_variance   | 0.883     |
|    learning_rate        | 0.0003    |
|    loss                 | 1.47      |
|    n_updates            | 18260     |
|    policy_gradient_loss | -0.0471   |
|    std                  | 0.0263    |
|    value_loss           | 7.03      |
---------------------------------------
---------------------------------------
| rollout/                |           |
|    ep_len_mean          | 1e+03     |
|    ep_rew_mean          | 676       |
| time/                   |           |
|    fps                  | 443       |
|    iterations           | 915       |
|    time_elapsed         | 1056      |
|    total_timesteps      | 468480    |
| train/                  |           |
|    approx_kl            | 3.0306702 |
|    clip_fraction        | 0.91      |
|    clip_range           | 0.2       |
|    entropy_loss         | 13.3      |
|    explained_variance   | 0.714     |
|    learning_rate        | 0.0003    |
|    loss                 | 1.4       |
|    n_updates            | 18280     |
|    policy_gradient_loss | -0.0061   |
|    std                  | 0.0262    |
|    value_loss           | 2.78      |
---------------------------------------
---------------------------------------
| rollout/                |           |
|    ep_len_mean          | 1e+03     |
|    ep_rew_mean          | 676       |
| time/                   |           |
|    fps                  | 443       |
|    iterations           | 916       |
|    time_elapsed         | 1057      |
|    total_timesteps      | 468992    |
| train/                  |           |
|    approx_kl            | 3.0361729 |
|    clip_fraction        | 0.93      |
|    clip_range           | 0.2       |
|    entropy_loss         | 13.3      |
|    explained_variance   | 0.861     |
|    learning_rate        | 0.0003    |
|    loss                 | 3.02      |
|    n_updates            | 18300     |
|    policy_gradient_loss | 0.0188    |
|    std                  | 0.0263    |
|    value_loss           | 6.56      |
---------------------------------------
---------------------------------------
| rollout/                |           |
|    ep_len_mean          | 1e+03     |
|    ep_rew_mean          | 679       |
| time/                   |           |
|    fps                  | 443       |
|    iterations           | 917       |
|    time_elapsed         | 1058      |
|    total_timesteps      | 469504    |
| train/                  |           |
|    approx_kl            | 2.9035828 |
|    clip_fraction        | 0.916     |
|    clip_range           | 0.2       |
|    entropy_loss         | 13.3      |
|    explained_variance   | 0.386     |
|    learning_rate        | 0.0003    |
|    loss                 | 1.11      |
|    n_updates            | 18320     |
|    policy_gradient_loss | 0.0792    |
|    std                  | 0.0264    |
|    value_loss           | 2.79      |
---------------------------------------
--------------------------------------
| rollout/                |          |
|    ep_len_mean          | 1e+03    |
|    ep_rew_mean          | 678      |
| time/                   |          |
|    fps                  | 443      |
|    iterations           | 918      |
|    time_elapsed         | 1059     |
|    total_timesteps      | 470016   |
| train/                  |          |
|    approx_kl            | 3.581184 |
|    clip_fraction        | 0.899    |
|    clip_range           | 0.2      |
|    entropy_loss         | 13.3     |
|    explained_variance   | 0.895    |
|    learning_rate        | 0.0003   |
|    loss                 | 2.29     |
|    n_updates            | 18340    |
|    policy_gradient_loss | -0.0353  |
|    std                  | 0.0263   |
|    value_loss           | 8.28     |
--------------------------------------
--------------------------------------
| rollout/                |          |
|    ep_len_mean          | 1e+03    |
|    ep_rew_mean          | 678      |
| time/                   |          |
|    fps                  | 443      |
|    iterations           | 919      |
|    time_elapsed         | 1060     |
|    total_timesteps      | 470528   |
| train/                  |          |
|    approx_kl            | 2.416665 |
|    clip_fraction        | 0.902    |
|    clip_range           | 0.2      |
|    entropy_loss         | 13.3     |
|    explained_variance   | 0.933    |
|    learning_rate        | 0.0003   |
|    loss                 | 1.28     |
|    n_updates            | 18360    |
|    policy_gradient_loss | 0.0247   |
|    std                  | 0.0263   |
|    value_loss           | 3.19     |
--------------------------------------
--------------------------------------
| rollout/                |          |
|    ep_len_mean          | 1e+03    |
|    ep_rew_mean          | 677      |
| time/                   |          |
|    fps                  | 443      |
|    iterations           | 920      |
|    time_elapsed         | 1061     |
|    total_timesteps      | 471040   |
| train/                  |          |
|    approx_kl            | 4.188401 |
|    clip_fraction        | 0.894    |
|    clip_range           | 0.2      |
|    entropy_loss         | 13.3     |
|    explained_variance   | 0.876    |
|    learning_rate        | 0.0003   |
|    loss                 | 2.42     |
|    n_updates            | 18380    |
|    policy_gradient_loss | -0.0479  |
|    std                  | 0.0263   |
|    value_loss           | 6.74     |
--------------------------------------
---------------------------------------
| rollout/                |           |
|    ep_len_mean          | 1e+03     |
|    ep_rew_mean          | 677       |
| time/                   |           |
|    fps                  | 443       |
|    iterations           | 921       |
|    time_elapsed         | 1062      |
|    total_timesteps      | 471552    |
| train/                  |           |
|    approx_kl            | 3.0335884 |
|    clip_fraction        | 0.907     |
|    clip_range           | 0.2       |
|    entropy_loss         | 13.3      |
|    explained_variance   | 0.943     |
|    learning_rate        | 0.0003    |
|    loss                 | 1.18      |
|    n_updates            | 18400     |
|    policy_gradient_loss | 0.0189    |
|    std                  | 0.0263    |
|    value_loss           | 2.83      |
---------------------------------------
--------------------------------------
| rollout/                |          |
|    ep_len_mean          | 1e+03    |
|    ep_rew_mean          | 677      |
| time/                   |          |
|    fps                  | 443      |
|    iterations           | 922      |
|    time_elapsed         | 1064     |
|    total_timesteps      | 472064   |
| train/                  |          |
|    approx_kl            | 4.881231 |
|    clip_fraction        | 0.933    |
|    clip_range           | 0.2      |
|    entropy_loss         | 13.3     |
|    explained_variance   | 0.879    |
|    learning_rate        | 0.0003   |
|    loss                 | 1.83     |
|    n_updates            | 18420    |
|    policy_gradient_loss | 0.0697   |
|    std                  | 0.0263   |
|    value_loss           | 4.93     |
--------------------------------------
---------------------------------------
| rollout/                |           |
|    ep_len_mean          | 1e+03     |
|    ep_rew_mean          | 677       |
| time/                   |           |
|    fps                  | 443       |
|    iterations           | 923       |
|    time_elapsed         | 1065      |
|    total_timesteps      | 472576    |
| train/                  |           |
|    approx_kl            | 2.7377663 |
|    clip_fraction        | 0.897     |
|    clip_range           | 0.2       |
|    entropy_loss         | 13.3      |
|    explained_variance   | 0.891     |
|    learning_rate        | 0.0003    |
|    loss                 | 0.623     |
|    n_updates            | 18440     |
|    policy_gradient_loss | 0.00935   |
|    std                  | 0.0262    |
|    value_loss           | 3.2       |
---------------------------------------
--------------------------------------
| rollout/                |          |
|    ep_len_mean          | 1e+03    |
|    ep_rew_mean          | 678      |
| time/                   |          |
|    fps                  | 443      |
|    iterations           | 924      |
|    time_elapsed         | 1066     |
|    total_timesteps      | 473088   |
| train/                  |          |
|    approx_kl            | 3.32894  |
|    clip_fraction        | 0.912    |
|    clip_range           | 0.2      |
|    entropy_loss         | 13.3     |
|    explained_variance   | 0.887    |
|    learning_rate        | 0.0003   |
|    loss                 | 0.926    |
|    n_updates            | 18460    |
|    policy_gradient_loss | 0.00816  |
|    std                  | 0.0261   |
|    value_loss           | 2.98     |
--------------------------------------
--------------------------------------
| rollout/                |          |
|    ep_len_mean          | 1e+03    |
|    ep_rew_mean          | 678      |
| time/                   |          |
|    fps                  | 443      |
|    iterations           | 925      |
|    time_elapsed         | 1067     |
|    total_timesteps      | 473600   |
| train/                  |          |
|    approx_kl            | 2.171812 |
|    clip_fraction        | 0.881    |
|    clip_range           | 0.2      |
|    entropy_loss         | 13.4     |
|    explained_variance   | 0.89     |
|    learning_rate        | 0.0003   |
|    loss                 | 1.77     |
|    n_updates            | 18480    |
|    policy_gradient_loss | -0.0059  |
|    std                  | 0.0261   |
|    value_loss           | 6.08     |
--------------------------------------
--------------------------------------
| rollout/                |          |
|    ep_len_mean          | 1e+03    |
|    ep_rew_mean          | 678      |
| time/                   |          |
|    fps                  | 443      |
|    iterations           | 926      |
|    time_elapsed         | 1068     |
|    total_timesteps      | 474112   |
| train/                  |          |
|    approx_kl            | 3.124601 |
|    clip_fraction        | 0.915    |
|    clip_range           | 0.2      |
|    entropy_loss         | 13.4     |
|    explained_variance   | 0.889    |
|    learning_rate        | 0.0003   |
|    loss                 | 1.11     |
|    n_updates            | 18500    |
|    policy_gradient_loss | 0.0088   |
|    std                  | 0.026    |
|    value_loss           | 3.31     |
--------------------------------------
---------------------------------------
| rollout/                |           |
|    ep_len_mean          | 1e+03     |
|    ep_rew_mean          | 678       |
| time/                   |           |
|    fps                  | 443       |
|    iterations           | 927       |
|    time_elapsed         | 1069      |
|    total_timesteps      | 474624    |
| train/                  |           |
|    approx_kl            | 1.8699293 |
|    clip_fraction        | 0.871     |
|    clip_range           | 0.2       |
|    entropy_loss         | 13.4      |
|    explained_variance   | 0.946     |
|    learning_rate        | 0.0003    |
|    loss                 | 1.14      |
|    n_updates            | 18520     |
|    policy_gradient_loss | -0.0208   |
|    std                  | 0.026     |
|    value_loss           | 3.45      |
---------------------------------------
---------------------------------------
| rollout/                |           |
|    ep_len_mean          | 1e+03     |
|    ep_rew_mean          | 677       |
| time/                   |           |
|    fps                  | 443       |
|    iterations           | 928       |
|    time_elapsed         | 1070      |
|    total_timesteps      | 475136    |
| train/                  |           |
|    approx_kl            | 2.9335256 |
|    clip_fraction        | 0.921     |
|    clip_range           | 0.2       |
|    entropy_loss         | 13.4      |
|    explained_variance   | 0.937     |
|    learning_rate        | 0.0003    |
|    loss                 | 0.964     |
|    n_updates            | 18540     |
|    policy_gradient_loss | 0.0617    |
|    std                  | 0.026     |
|    value_loss           | 2.59      |
---------------------------------------
---------------------------------------
| rollout/                |           |
|    ep_len_mean          | 1e+03     |
|    ep_rew_mean          | 677       |
| time/                   |           |
|    fps                  | 443       |
|    iterations           | 929       |
|    time_elapsed         | 1071      |
|    total_timesteps      | 475648    |
| train/                  |           |
|    approx_kl            | 1.7748444 |
|    clip_fraction        | 0.893     |
|    clip_range           | 0.2       |
|    entropy_loss         | 13.4      |
|    explained_variance   | 0.964     |
|    learning_rate        | 0.0003    |
|    loss                 | 0.847     |
|    n_updates            | 18560     |
|    policy_gradient_loss | -0.0167   |
|    std                  | 0.026     |
|    value_loss           | 3.81      |
---------------------------------------
---------------------------------------
| rollout/                |           |
|    ep_len_mean          | 1e+03     |
|    ep_rew_mean          | 677       |
| time/                   |           |
|    fps                  | 443       |
|    iterations           | 930       |
|    time_elapsed         | 1072      |
|    total_timesteps      | 476160    |
| train/                  |           |
|    approx_kl            | 5.4395103 |
|    clip_fraction        | 0.922     |
|    clip_range           | 0.2       |
|    entropy_loss         | 13.3      |
|    explained_variance   | 0.0796    |
|    learning_rate        | 0.0003    |
|    loss                 | 0.644     |
|    n_updates            | 18580     |
|    policy_gradient_loss | 0.0302    |
|    std                  | 0.0262    |
|    value_loss           | 2.9       |
---------------------------------------
---------------------------------------
| rollout/                |           |
|    ep_len_mean          | 1e+03     |
|    ep_rew_mean          | 677       |
| time/                   |           |
|    fps                  | 443       |
|    iterations           | 931       |
|    time_elapsed         | 1073      |
|    total_timesteps      | 476672    |
| train/                  |           |
|    approx_kl            | 2.5955462 |
|    clip_fraction        | 0.879     |
|    clip_range           | 0.2       |
|    entropy_loss         | 13.4      |
|    explained_variance   | 0.568     |
|    learning_rate        | 0.0003    |
|    loss                 | 1.15      |
|    n_updates            | 18600     |
|    policy_gradient_loss | 0.316     |
|    std                  | 0.026     |
|    value_loss           | 4.43      |
---------------------------------------
---------------------------------------
| rollout/                |           |
|    ep_len_mean          | 1e+03     |
|    ep_rew_mean          | 676       |
| time/                   |           |
|    fps                  | 443       |
|    iterations           | 932       |
|    time_elapsed         | 1075      |
|    total_timesteps      | 477184    |
| train/                  |           |
|    approx_kl            | 2.9048233 |
|    clip_fraction        | 0.914     |
|    clip_range           | 0.2       |
|    entropy_loss         | 13.4      |
|    explained_variance   | 0.759     |
|    learning_rate        | 0.0003    |
|    loss                 | 1.26      |
|    n_updates            | 18620     |
|    policy_gradient_loss | -0.0261   |
|    std                  | 0.0259    |
|    value_loss           | 3.11      |
---------------------------------------
---------------------------------------
| rollout/                |           |
|    ep_len_mean          | 1e+03     |
|    ep_rew_mean          | 676       |
| time/                   |           |
|    fps                  | 443       |
|    iterations           | 933       |
|    time_elapsed         | 1076      |
|    total_timesteps      | 477696    |
| train/                  |           |
|    approx_kl            | 2.0508845 |
|    clip_fraction        | 0.892     |
|    clip_range           | 0.2       |
|    entropy_loss         | 13.4      |
|    explained_variance   | 0.947     |
|    learning_rate        | 0.0003    |
|    loss                 | 1.93      |
|    n_updates            | 18640     |
|    policy_gradient_loss | -0.0231   |
|    std                  | 0.0259    |
|    value_loss           | 5.7       |
---------------------------------------
---------------------------------------
| rollout/                |           |
|    ep_len_mean          | 1e+03     |
|    ep_rew_mean          | 673       |
| time/                   |           |
|    fps                  | 443       |
|    iterations           | 934       |
|    time_elapsed         | 1077      |
|    total_timesteps      | 478208    |
| train/                  |           |
|    approx_kl            | 4.2441893 |
|    clip_fraction        | 0.922     |
|    clip_range           | 0.2       |
|    entropy_loss         | 13.4      |
|    explained_variance   | 0.392     |
|    learning_rate        | 0.0003    |
|    loss                 | 1         |
|    n_updates            | 18660     |
|    policy_gradient_loss | 0.0412    |
|    std                  | 0.0259    |
|    value_loss           | 2.55      |
---------------------------------------
--------------------------------------
| rollout/                |          |
|    ep_len_mean          | 1e+03    |
|    ep_rew_mean          | 673      |
| time/                   |          |
|    fps                  | 443      |
|    iterations           | 935      |
|    time_elapsed         | 1078     |
|    total_timesteps      | 478720   |
| train/                  |          |
|    approx_kl            | 4.796567 |
|    clip_fraction        | 0.901    |
|    clip_range           | 0.2      |
|    entropy_loss         | 13.4     |
|    explained_variance   | 0.812    |
|    learning_rate        | 0.0003   |
|    loss                 | 0.839    |
|    n_updates            | 18680    |
|    policy_gradient_loss | 0.0121   |
|    std                  | 0.0257   |
|    value_loss           | 3.94     |
--------------------------------------
---------------------------------------
| rollout/                |           |
|    ep_len_mean          | 1e+03     |
|    ep_rew_mean          | 672       |
| time/                   |           |
|    fps                  | 443       |
|    iterations           | 936       |
|    time_elapsed         | 1079      |
|    total_timesteps      | 479232    |
| train/                  |           |
|    approx_kl            | 2.6972723 |
|    clip_fraction        | 0.918     |
|    clip_range           | 0.2       |
|    entropy_loss         | 13.5      |
|    explained_variance   | 0.859     |
|    learning_rate        | 0.0003    |
|    loss                 | 1.14      |
|    n_updates            | 18700     |
|    policy_gradient_loss | 0.0411    |
|    std                  | 0.0257    |
|    value_loss           | 3.04      |
---------------------------------------
---------------------------------------
| rollout/                |           |
|    ep_len_mean          | 1e+03     |
|    ep_rew_mean          | 672       |
| time/                   |           |
|    fps                  | 444       |
|    iterations           | 937       |
|    time_elapsed         | 1080      |
|    total_timesteps      | 479744    |
| train/                  |           |
|    approx_kl            | 1.8166342 |
|    clip_fraction        | 0.85      |
|    clip_range           | 0.2       |
|    entropy_loss         | 13.5      |
|    explained_variance   | 0.944     |
|    learning_rate        | 0.0003    |
|    loss                 | 1.54      |
|    n_updates            | 18720     |
|    policy_gradient_loss | -0.0531   |
|    std                  | 0.0255    |
|    value_loss           | 5.85      |
---------------------------------------
--------------------------------------
| rollout/                |          |
|    ep_len_mean          | 1e+03    |
|    ep_rew_mean          | 669      |
| time/                   |          |
|    fps                  | 444      |
|    iterations           | 938      |
|    time_elapsed         | 1081     |
|    total_timesteps      | 480256   |
| train/                  |          |
|    approx_kl            | 9.906762 |
|    clip_fraction        | 0.921    |
|    clip_range           | 0.2      |
|    entropy_loss         | 13.5     |
|    explained_variance   | 0.458    |
|    learning_rate        | 0.0003   |
|    loss                 | 1.68     |
|    n_updates            | 18740    |
|    policy_gradient_loss | 0.007    |
|    std                  | 0.0254   |
|    value_loss           | 4.05     |
--------------------------------------
---------------------------------------
| rollout/                |           |
|    ep_len_mean          | 1e+03     |
|    ep_rew_mean          | 669       |
| time/                   |           |
|    fps                  | 444       |
|    iterations           | 939       |
|    time_elapsed         | 1082      |
|    total_timesteps      | 480768    |
| train/                  |           |
|    approx_kl            | 2.6044807 |
|    clip_fraction        | 0.904     |
|    clip_range           | 0.2       |
|    entropy_loss         | 13.6      |
|    explained_variance   | 0.7       |
|    learning_rate        | 0.0003    |
|    loss                 | 1.93      |
|    n_updates            | 18760     |
|    policy_gradient_loss | -0.0214   |
|    std                  | 0.0252    |
|    value_loss           | 5.09      |
---------------------------------------
---------------------------------------
| rollout/                |           |
|    ep_len_mean          | 1e+03     |
|    ep_rew_mean          | 669       |
| time/                   |           |
|    fps                  | 444       |
|    iterations           | 940       |
|    time_elapsed         | 1083      |
|    total_timesteps      | 481280    |
| train/                  |           |
|    approx_kl            | 2.8597684 |
|    clip_fraction        | 0.891     |
|    clip_range           | 0.2       |
|    entropy_loss         | 13.6      |
|    explained_variance   | 0.701     |
|    learning_rate        | 0.0003    |
|    loss                 | 1.21      |
|    n_updates            | 18780     |
|    policy_gradient_loss | -0.0499   |
|    std                  | 0.0251    |
|    value_loss           | 3.61      |
---------------------------------------
---------------------------------------
| rollout/                |           |
|    ep_len_mean          | 1e+03     |
|    ep_rew_mean          | 669       |
| time/                   |           |
|    fps                  | 444       |
|    iterations           | 941       |
|    time_elapsed         | 1084      |
|    total_timesteps      | 481792    |
| train/                  |           |
|    approx_kl            | 1.2606817 |
|    clip_fraction        | 0.864     |
|    clip_range           | 0.2       |
|    entropy_loss         | 13.6      |
|    explained_variance   | 0.938     |
|    learning_rate        | 0.0003    |
|    loss                 | 1.59      |
|    n_updates            | 18800     |
|    policy_gradient_loss | -0.067    |
|    std                  | 0.0249    |
|    value_loss           | 6.55      |
---------------------------------------
---------------------------------------
| rollout/                |           |
|    ep_len_mean          | 1e+03     |
|    ep_rew_mean          | 669       |
| time/                   |           |
|    fps                  | 444       |
|    iterations           | 942       |
|    time_elapsed         | 1086      |
|    total_timesteps      | 482304    |
| train/                  |           |
|    approx_kl            | 2.7387118 |
|    clip_fraction        | 0.904     |
|    clip_range           | 0.2       |
|    entropy_loss         | 13.6      |
|    explained_variance   | 0.77      |
|    learning_rate        | 0.0003    |
|    loss                 | 1.38      |
|    n_updates            | 18820     |
|    policy_gradient_loss | -0.022    |
|    std                  | 0.0248    |
|    value_loss           | 2.79      |
---------------------------------------
---------------------------------------
| rollout/                |           |
|    ep_len_mean          | 1e+03     |
|    ep_rew_mean          | 669       |
| time/                   |           |
|    fps                  | 444       |
|    iterations           | 943       |
|    time_elapsed         | 1087      |
|    total_timesteps      | 482816    |
| train/                  |           |
|    approx_kl            | 1.9229414 |
|    clip_fraction        | 0.9       |
|    clip_range           | 0.2       |
|    entropy_loss         | 13.7      |
|    explained_variance   | 0.937     |
|    learning_rate        | 0.0003    |
|    loss                 | 1.62      |
|    n_updates            | 18840     |
|    policy_gradient_loss | -0.0349   |
|    std                  | 0.0249    |
|    value_loss           | 5.48      |
---------------------------------------
---------------------------------------
| rollout/                |           |
|    ep_len_mean          | 1e+03     |
|    ep_rew_mean          | 668       |
| time/                   |           |
|    fps                  | 444       |
|    iterations           | 944       |
|    time_elapsed         | 1088      |
|    total_timesteps      | 483328    |
| train/                  |           |
|    approx_kl            | 2.7281268 |
|    clip_fraction        | 0.904     |
|    clip_range           | 0.2       |
|    entropy_loss         | 13.6      |
|    explained_variance   | 0.804     |
|    learning_rate        | 0.0003    |
|    loss                 | 1.2       |
|    n_updates            | 18860     |
|    policy_gradient_loss | 0.0235    |
|    std                  | 0.0249    |
|    value_loss           | 2.83      |
---------------------------------------
---------------------------------------
| rollout/                |           |
|    ep_len_mean          | 1e+03     |
|    ep_rew_mean          | 668       |
| time/                   |           |
|    fps                  | 444       |
|    iterations           | 945       |
|    time_elapsed         | 1089      |
|    total_timesteps      | 483840    |
| train/                  |           |
|    approx_kl            | 1.7728304 |
|    clip_fraction        | 0.873     |
|    clip_range           | 0.2       |
|    entropy_loss         | 13.7      |
|    explained_variance   | 0.952     |
|    learning_rate        | 0.0003    |
|    loss                 | 2.25      |
|    n_updates            | 18880     |
|    policy_gradient_loss | -0.0426   |
|    std                  | 0.0247    |
|    value_loss           | 6.8       |
---------------------------------------
---------------------------------------
| rollout/                |           |
|    ep_len_mean          | 1e+03     |
|    ep_rew_mean          | 668       |
| time/                   |           |
|    fps                  | 444       |
|    iterations           | 946       |
|    time_elapsed         | 1090      |
|    total_timesteps      | 484352    |
| train/                  |           |
|    approx_kl            | 2.2988744 |
|    clip_fraction        | 0.884     |
|    clip_range           | 0.2       |
|    entropy_loss         | 13.7      |
|    explained_variance   | 0.92      |
|    learning_rate        | 0.0003    |
|    loss                 | 0.869     |
|    n_updates            | 18900     |
|    policy_gradient_loss | -0.0205   |
|    std                  | 0.0247    |
|    value_loss           | 2.67      |
---------------------------------------
---------------------------------------
| rollout/                |           |
|    ep_len_mean          | 1e+03     |
|    ep_rew_mean          | 668       |
| time/                   |           |
|    fps                  | 444       |
|    iterations           | 947       |
|    time_elapsed         | 1091      |
|    total_timesteps      | 484864    |
| train/                  |           |
|    approx_kl            | 2.7638361 |
|    clip_fraction        | 0.9       |
|    clip_range           | 0.2       |
|    entropy_loss         | 13.7      |
|    explained_variance   | 0.945     |
|    learning_rate        | 0.0003    |
|    loss                 | 1.61      |
|    n_updates            | 18920     |
|    policy_gradient_loss | -0.037    |
|    std                  | 0.0246    |
|    value_loss           | 5.77      |
---------------------------------------
---------------------------------------
| rollout/                |           |
|    ep_len_mean          | 1e+03     |
|    ep_rew_mean          | 669       |
| time/                   |           |
|    fps                  | 444       |
|    iterations           | 948       |
|    time_elapsed         | 1092      |
|    total_timesteps      | 485376    |
| train/                  |           |
|    approx_kl            | 3.4288573 |
|    clip_fraction        | 0.929     |
|    clip_range           | 0.2       |
|    entropy_loss         | 13.7      |
|    explained_variance   | 0.731     |
|    learning_rate        | 0.0003    |
|    loss                 | 1.04      |
|    n_updates            | 18940     |
|    policy_gradient_loss | 0.0448    |
|    std                  | 0.0247    |
|    value_loss           | 2.4       |
---------------------------------------
--------------------------------------
| rollout/                |          |
|    ep_len_mean          | 1e+03    |
|    ep_rew_mean          | 669      |
| time/                   |          |
|    fps                  | 444      |
|    iterations           | 949      |
|    time_elapsed         | 1093     |
|    total_timesteps      | 485888   |
| train/                  |          |
|    approx_kl            | 2.460454 |
|    clip_fraction        | 0.9      |
|    clip_range           | 0.2      |
|    entropy_loss         | 13.7     |
|    explained_variance   | 0.947    |
|    learning_rate        | 0.0003   |
|    loss                 | 1.98     |
|    n_updates            | 18960    |
|    policy_gradient_loss | -0.0311  |
|    std                  | 0.0247   |
|    value_loss           | 6.48     |
--------------------------------------
---------------------------------------
| rollout/                |           |
|    ep_len_mean          | 1e+03     |
|    ep_rew_mean          | 667       |
| time/                   |           |
|    fps                  | 444       |
|    iterations           | 950       |
|    time_elapsed         | 1094      |
|    total_timesteps      | 486400    |
| train/                  |           |
|    approx_kl            | 2.8586824 |
|    clip_fraction        | 0.91      |
|    clip_range           | 0.2       |
|    entropy_loss         | 13.7      |
|    explained_variance   | 0.789     |
|    learning_rate        | 0.0003    |
|    loss                 | 0.864     |
|    n_updates            | 18980     |
|    policy_gradient_loss | 0.0197    |
|    std                  | 0.0248    |
|    value_loss           | 3.96      |
---------------------------------------
---------------------------------------
| rollout/                |           |
|    ep_len_mean          | 1e+03     |
|    ep_rew_mean          | 667       |
| time/                   |           |
|    fps                  | 444       |
|    iterations           | 951       |
|    time_elapsed         | 1096      |
|    total_timesteps      | 486912    |
| train/                  |           |
|    approx_kl            | 2.5572853 |
|    clip_fraction        | 0.875     |
|    clip_range           | 0.2       |
|    entropy_loss         | 13.7      |
|    explained_variance   | 0.917     |
|    learning_rate        | 0.0003    |
|    loss                 | 2.44      |
|    n_updates            | 19000     |
|    policy_gradient_loss | -0.0281   |
|    std                  | 0.0246    |
|    value_loss           | 8.21      |
---------------------------------------
---------------------------------------
| rollout/                |           |
|    ep_len_mean          | 1e+03     |
|    ep_rew_mean          | 666       |
| time/                   |           |
|    fps                  | 444       |
|    iterations           | 952       |
|    time_elapsed         | 1097      |
|    total_timesteps      | 487424    |
| train/                  |           |
|    approx_kl            | 4.1644287 |
|    clip_fraction        | 0.913     |
|    clip_range           | 0.2       |
|    entropy_loss         | 13.7      |
|    explained_variance   | 0.746     |
|    learning_rate        | 0.0003    |
|    loss                 | 1.28      |
|    n_updates            | 19020     |
|    policy_gradient_loss | 0.0241    |
|    std                  | 0.0246    |
|    value_loss           | 3.71      |
---------------------------------------
---------------------------------------
| rollout/                |           |
|    ep_len_mean          | 1e+03     |
|    ep_rew_mean          | 666       |
| time/                   |           |
|    fps                  | 444       |
|    iterations           | 953       |
|    time_elapsed         | 1098      |
|    total_timesteps      | 487936    |
| train/                  |           |
|    approx_kl            | 2.5489306 |
|    clip_fraction        | 0.883     |
|    clip_range           | 0.2       |
|    entropy_loss         | 13.7      |
|    explained_variance   | 0.931     |
|    learning_rate        | 0.0003    |
|    loss                 | 2.4       |
|    n_updates            | 19040     |
|    policy_gradient_loss | -0.0416   |
|    std                  | 0.0244    |
|    value_loss           | 7.46      |
---------------------------------------
---------------------------------------
| rollout/                |           |
|    ep_len_mean          | 1e+03     |
|    ep_rew_mean          | 665       |
| time/                   |           |
|    fps                  | 444       |
|    iterations           | 954       |
|    time_elapsed         | 1099      |
|    total_timesteps      | 488448    |
| train/                  |           |
|    approx_kl            | 3.7589264 |
|    clip_fraction        | 0.919     |
|    clip_range           | 0.2       |
|    entropy_loss         | 13.7      |
|    explained_variance   | 0.771     |
|    learning_rate        | 0.0003    |
|    loss                 | 0.904     |
|    n_updates            | 19060     |
|    policy_gradient_loss | 0.0616    |
|    std                  | 0.0246    |
|    value_loss           | 2.19      |
---------------------------------------
---------------------------------------
| rollout/                |           |
|    ep_len_mean          | 1e+03     |
|    ep_rew_mean          | 665       |
| time/                   |           |
|    fps                  | 444       |
|    iterations           | 955       |
|    time_elapsed         | 1100      |
|    total_timesteps      | 488960    |
| train/                  |           |
|    approx_kl            | 3.0820127 |
|    clip_fraction        | 0.915     |
|    clip_range           | 0.2       |
|    entropy_loss         | 13.7      |
|    explained_variance   | 0.915     |
|    learning_rate        | 0.0003    |
|    loss                 | 1.4       |
|    n_updates            | 19080     |
|    policy_gradient_loss | -0.0258   |
|    std                  | 0.0245    |
|    value_loss           | 4.77      |
---------------------------------------
--------------------------------------
| rollout/                |          |
|    ep_len_mean          | 1e+03    |
|    ep_rew_mean          | 665      |
| time/                   |          |
|    fps                  | 444      |
|    iterations           | 956      |
|    time_elapsed         | 1101     |
|    total_timesteps      | 489472   |
| train/                  |          |
|    approx_kl            | 2.434656 |
|    clip_fraction        | 0.906    |
|    clip_range           | 0.2      |
|    entropy_loss         | 13.7     |
|    explained_variance   | 0.689    |
|    learning_rate        | 0.0003   |
|    loss                 | 1.35     |
|    n_updates            | 19100    |
|    policy_gradient_loss | 0.0171   |
|    std                  | 0.0246   |
|    value_loss           | 2.82     |
--------------------------------------
---------------------------------------
| rollout/                |           |
|    ep_len_mean          | 1e+03     |
|    ep_rew_mean          | 665       |
| time/                   |           |
|    fps                  | 444       |
|    iterations           | 957       |
|    time_elapsed         | 1102      |
|    total_timesteps      | 489984    |
| train/                  |           |
|    approx_kl            | 3.4749846 |
|    clip_fraction        | 0.909     |
|    clip_range           | 0.2       |
|    entropy_loss         | 13.7      |
|    explained_variance   | 0.842     |
|    learning_rate        | 0.0003    |
|    loss                 | 1.82      |
|    n_updates            | 19120     |
|    policy_gradient_loss | -0.0074   |
|    std                  | 0.0245    |
|    value_loss           | 5.12      |
---------------------------------------
---------------------------------------
| rollout/                |           |
|    ep_len_mean          | 1e+03     |
|    ep_rew_mean          | 665       |
| time/                   |           |
|    fps                  | 444       |
|    iterations           | 958       |
|    time_elapsed         | 1103      |
|    total_timesteps      | 490496    |
| train/                  |           |
|    approx_kl            | 2.2717407 |
|    clip_fraction        | 0.892     |
|    clip_range           | 0.2       |
|    entropy_loss         | 13.7      |
|    explained_variance   | 0.612     |
|    learning_rate        | 0.0003    |
|    loss                 | 1.43      |
|    n_updates            | 19140     |
|    policy_gradient_loss | 0.0311    |
|    std                  | 0.0245    |
|    value_loss           | 2.87      |
---------------------------------------
---------------------------------------
| rollout/                |           |
|    ep_len_mean          | 1e+03     |
|    ep_rew_mean          | 662       |
| time/                   |           |
|    fps                  | 444       |
|    iterations           | 959       |
|    time_elapsed         | 1104      |
|    total_timesteps      | 491008    |
| train/                  |           |
|    approx_kl            | 2.6296105 |
|    clip_fraction        | 0.904     |
|    clip_range           | 0.2       |
|    entropy_loss         | 13.7      |
|    explained_variance   | 0.883     |
|    learning_rate        | 0.0003    |
|    loss                 | 1.46      |
|    n_updates            | 19160     |
|    policy_gradient_loss | -0.0175   |
|    std                  | 0.0245    |
|    value_loss           | 5.68      |
---------------------------------------
---------------------------------------
| rollout/                |           |
|    ep_len_mean          | 1e+03     |
|    ep_rew_mean          | 662       |
| time/                   |           |
|    fps                  | 444       |
|    iterations           | 960       |
|    time_elapsed         | 1106      |
|    total_timesteps      | 491520    |
| train/                  |           |
|    approx_kl            | 3.1995316 |
|    clip_fraction        | 0.927     |
|    clip_range           | 0.2       |
|    entropy_loss         | 13.7      |
|    explained_variance   | 0.901     |
|    learning_rate        | 0.0003    |
|    loss                 | 1.11      |
|    n_updates            | 19180     |
|    policy_gradient_loss | 0.0452    |
|    std                  | 0.0247    |
|    value_loss           | 2.58      |
---------------------------------------
---------------------------------------
| rollout/                |           |
|    ep_len_mean          | 1e+03     |
|    ep_rew_mean          | 661       |
| time/                   |           |
|    fps                  | 444       |
|    iterations           | 961       |
|    time_elapsed         | 1107      |
|    total_timesteps      | 492032    |
| train/                  |           |
|    approx_kl            | 2.8363514 |
|    clip_fraction        | 0.923     |
|    clip_range           | 0.2       |
|    entropy_loss         | 13.7      |
|    explained_variance   | 0.924     |
|    learning_rate        | 0.0003    |
|    loss                 | 1.34      |
|    n_updates            | 19200     |
|    policy_gradient_loss | 0.00891   |
|    std                  | 0.0248    |
|    value_loss           | 3.72      |
---------------------------------------
---------------------------------------
| rollout/                |           |
|    ep_len_mean          | 1e+03     |
|    ep_rew_mean          | 661       |
| time/                   |           |
|    fps                  | 444       |
|    iterations           | 962       |
|    time_elapsed         | 1108      |
|    total_timesteps      | 492544    |
| train/                  |           |
|    approx_kl            | 2.1863542 |
|    clip_fraction        | 0.93      |
|    clip_range           | 0.2       |
|    entropy_loss         | 13.7      |
|    explained_variance   | 0.958     |
|    learning_rate        | 0.0003    |
|    loss                 | 1.14      |
|    n_updates            | 19220     |
|    policy_gradient_loss | 0.0931    |
|    std                  | 0.025     |
|    value_loss           | 2.44      |
---------------------------------------
---------------------------------------
| rollout/                |           |
|    ep_len_mean          | 1e+03     |
|    ep_rew_mean          | 660       |
| time/                   |           |
|    fps                  | 444       |
|    iterations           | 963       |
|    time_elapsed         | 1109      |
|    total_timesteps      | 493056    |
| train/                  |           |
|    approx_kl            | 3.5332456 |
|    clip_fraction        | 0.924     |
|    clip_range           | 0.2       |
|    entropy_loss         | 13.6      |
|    explained_variance   | 0.907     |
|    learning_rate        | 0.0003    |
|    loss                 | 1.82      |
|    n_updates            | 19240     |
|    policy_gradient_loss | 0.0413    |
|    std                  | 0.025     |
|    value_loss           | 4.15      |
---------------------------------------
---------------------------------------
| rollout/                |           |
|    ep_len_mean          | 1e+03     |
|    ep_rew_mean          | 660       |
| time/                   |           |
|    fps                  | 444       |
|    iterations           | 964       |
|    time_elapsed         | 1110      |
|    total_timesteps      | 493568    |
| train/                  |           |
|    approx_kl            | 2.0184178 |
|    clip_fraction        | 0.878     |
|    clip_range           | 0.2       |
|    entropy_loss         | 13.6      |
|    explained_variance   | 0.961     |
|    learning_rate        | 0.0003    |
|    loss                 | 1.31      |
|    n_updates            | 19260     |
|    policy_gradient_loss | -0.0158   |
|    std                  | 0.025     |
|    value_loss           | 3.81      |
---------------------------------------
---------------------------------------
| rollout/                |           |
|    ep_len_mean          | 1e+03     |
|    ep_rew_mean          | 658       |
| time/                   |           |
|    fps                  | 444       |
|    iterations           | 965       |
|    time_elapsed         | 1111      |
|    total_timesteps      | 494080    |
| train/                  |           |
|    approx_kl            | 2.2090616 |
|    clip_fraction        | 0.887     |
|    clip_range           | 0.2       |
|    entropy_loss         | 13.6      |
|    explained_variance   | 0.893     |
|    learning_rate        | 0.0003    |
|    loss                 | 2.14      |
|    n_updates            | 19280     |
|    policy_gradient_loss | -0.0444   |
|    std                  | 0.0248    |
|    value_loss           | 7.05      |
---------------------------------------
---------------------------------------
| rollout/                |           |
|    ep_len_mean          | 1e+03     |
|    ep_rew_mean          | 658       |
| time/                   |           |
|    fps                  | 444       |
|    iterations           | 966       |
|    time_elapsed         | 1112      |
|    total_timesteps      | 494592    |
| train/                  |           |
|    approx_kl            | 1.6067836 |
|    clip_fraction        | 0.829     |
|    clip_range           | 0.2       |
|    entropy_loss         | 13.7      |
|    explained_variance   | 0.949     |
|    learning_rate        | 0.0003    |
|    loss                 | 1.29      |
|    n_updates            | 19300     |
|    policy_gradient_loss | -0.0544   |
|    std                  | 0.0248    |
|    value_loss           | 5.36      |
---------------------------------------
---------------------------------------
| rollout/                |           |
|    ep_len_mean          | 1e+03     |
|    ep_rew_mean          | 662       |
| time/                   |           |
|    fps                  | 444       |
|    iterations           | 967       |
|    time_elapsed         | 1113      |
|    total_timesteps      | 495104    |
| train/                  |           |
|    approx_kl            | 4.1994314 |
|    clip_fraction        | 0.924     |
|    clip_range           | 0.2       |
|    entropy_loss         | 13.7      |
|    explained_variance   | 0.933     |
|    learning_rate        | 0.0003    |
|    loss                 | 1.41      |
|    n_updates            | 19320     |
|    policy_gradient_loss | 0.0276    |
|    std                  | 0.0248    |
|    value_loss           | 3.96      |
---------------------------------------
---------------------------------------
| rollout/                |           |
|    ep_len_mean          | 1e+03     |
|    ep_rew_mean          | 662       |
| time/                   |           |
|    fps                  | 444       |
|    iterations           | 968       |
|    time_elapsed         | 1114      |
|    total_timesteps      | 495616    |
| train/                  |           |
|    approx_kl            | 3.1910577 |
|    clip_fraction        | 0.92      |
|    clip_range           | 0.2       |
|    entropy_loss         | 13.7      |
|    explained_variance   | 0.762     |
|    learning_rate        | 0.0003    |
|    loss                 | 1.88      |
|    n_updates            | 19340     |
|    policy_gradient_loss | -0.0253   |
|    std                  | 0.0248    |
|    value_loss           | 9.07      |
---------------------------------------
---------------------------------------
| rollout/                |           |
|    ep_len_mean          | 1e+03     |
|    ep_rew_mean          | 661       |
| time/                   |           |
|    fps                  | 444       |
|    iterations           | 969       |
|    time_elapsed         | 1116      |
|    total_timesteps      | 496128    |
| train/                  |           |
|    approx_kl            | 34.593952 |
|    clip_fraction        | 0.94      |
|    clip_range           | 0.2       |
|    entropy_loss         | 13.7      |
|    explained_variance   | 0.93      |
|    learning_rate        | 0.0003    |
|    loss                 | 0.906     |
|    n_updates            | 19360     |
|    policy_gradient_loss | 0.103     |
|    std                  | 0.0249    |
|    value_loss           | 2.54      |
---------------------------------------
---------------------------------------
| rollout/                |           |
|    ep_len_mean          | 1e+03     |
|    ep_rew_mean          | 661       |
| time/                   |           |
|    fps                  | 444       |
|    iterations           | 970       |
|    time_elapsed         | 1117      |
|    total_timesteps      | 496640    |
| train/                  |           |
|    approx_kl            | 3.8465223 |
|    clip_fraction        | 0.93      |
|    clip_range           | 0.2       |
|    entropy_loss         | 13.6      |
|    explained_variance   | 0.933     |
|    learning_rate        | 0.0003    |
|    loss                 | 1.23      |
|    n_updates            | 19380     |
|    policy_gradient_loss | 0.0102    |
|    std                  | 0.025     |
|    value_loss           | 4.12      |
---------------------------------------
---------------------------------------
| rollout/                |           |
|    ep_len_mean          | 1e+03     |
|    ep_rew_mean          | 664       |
| time/                   |           |
|    fps                  | 444       |
|    iterations           | 971       |
|    time_elapsed         | 1118      |
|    total_timesteps      | 497152    |
| train/                  |           |
|    approx_kl            | 5.5596247 |
|    clip_fraction        | 0.934     |
|    clip_range           | 0.2       |
|    entropy_loss         | 13.6      |
|    explained_variance   | 0.895     |
|    learning_rate        | 0.0003    |
|    loss                 | 1.61      |
|    n_updates            | 19400     |
|    policy_gradient_loss | 0.0662    |
|    std                  | 0.025     |
|    value_loss           | 3.62      |
---------------------------------------
---------------------------------------
| rollout/                |           |
|    ep_len_mean          | 1e+03     |
|    ep_rew_mean          | 664       |
| time/                   |           |
|    fps                  | 444       |
|    iterations           | 972       |
|    time_elapsed         | 1119      |
|    total_timesteps      | 497664    |
| train/                  |           |
|    approx_kl            | 3.8582933 |
|    clip_fraction        | 0.908     |
|    clip_range           | 0.2       |
|    entropy_loss         | 13.6      |
|    explained_variance   | 0.948     |
|    learning_rate        | 0.0003    |
|    loss                 | 1.22      |
|    n_updates            | 19420     |
|    policy_gradient_loss | -0.00563  |
|    std                  | 0.0251    |
|    value_loss           | 5.19      |
---------------------------------------
---------------------------------------
| rollout/                |           |
|    ep_len_mean          | 1e+03     |
|    ep_rew_mean          | 663       |
| time/                   |           |
|    fps                  | 444       |
|    iterations           | 973       |
|    time_elapsed         | 1120      |
|    total_timesteps      | 498176    |
| train/                  |           |
|    approx_kl            | 3.8272817 |
|    clip_fraction        | 0.924     |
|    clip_range           | 0.2       |
|    entropy_loss         | 13.6      |
|    explained_variance   | 0.833     |
|    learning_rate        | 0.0003    |
|    loss                 | 2.55      |
|    n_updates            | 19440     |
|    policy_gradient_loss | 0.0188    |
|    std                  | 0.0251    |
|    value_loss           | 4.74      |
---------------------------------------
---------------------------------------
| rollout/                |           |
|    ep_len_mean          | 1e+03     |
|    ep_rew_mean          | 663       |
| time/                   |           |
|    fps                  | 444       |
|    iterations           | 974       |
|    time_elapsed         | 1121      |
|    total_timesteps      | 498688    |
| train/                  |           |
|    approx_kl            | 1.4853193 |
|    clip_fraction        | 0.842     |
|    clip_range           | 0.2       |
|    entropy_loss         | 13.6      |
|    explained_variance   | 0.948     |
|    learning_rate        | 0.0003    |
|    loss                 | 2.6       |
|    n_updates            | 19460     |
|    policy_gradient_loss | -0.0601   |
|    std                  | 0.0249    |
|    value_loss           | 7.4       |
---------------------------------------
---------------------------------------
| rollout/                |           |
|    ep_len_mean          | 1e+03     |
|    ep_rew_mean          | 661       |
| time/                   |           |
|    fps                  | 444       |
|    iterations           | 975       |
|    time_elapsed         | 1122      |
|    total_timesteps      | 499200    |
| train/                  |           |
|    approx_kl            | 14.043025 |
|    clip_fraction        | 0.917     |
|    clip_range           | 0.2       |
|    entropy_loss         | 13.6      |
|    explained_variance   | 0.893     |
|    learning_rate        | 0.0003    |
|    loss                 | 1.15      |
|    n_updates            | 19480     |
|    policy_gradient_loss | -0.000538 |
|    std                  | 0.0249    |
|    value_loss           | 5.24      |
---------------------------------------
---------------------------------------
| rollout/                |           |
|    ep_len_mean          | 1e+03     |
|    ep_rew_mean          | 661       |
| time/                   |           |
|    fps                  | 444       |
|    iterations           | 976       |
|    time_elapsed         | 1123      |
|    total_timesteps      | 499712    |
| train/                  |           |
|    approx_kl            | 3.3896067 |
|    clip_fraction        | 0.908     |
|    clip_range           | 0.2       |
|    entropy_loss         | 13.7      |
|    explained_variance   | 0.957     |
|    learning_rate        | 0.0003    |
|    loss                 | 1.43      |
|    n_updates            | 19500     |
|    policy_gradient_loss | -0.0188   |
|    std                  | 0.0247    |
|    value_loss           | 5.23      |
---------------------------------------
Eval num_timesteps=500000, episode_reward=590.81 +/- 114.64
Episode length: 1000.00 +/- 0.00
---------------------------------------
| eval/                   |           |
|    mean_ep_length       | 1e+03     |
|    mean_reward          | 591       |
| time/                   |           |
|    total_timesteps      | 500000    |
| train/                  |           |
|    approx_kl            | 3.2185082 |
|    clip_fraction        | 0.918     |
|    clip_range           | 0.2       |
|    entropy_loss         | 13.7      |
|    explained_variance   | 0.812     |
|    learning_rate        | 0.0003    |
|    loss                 | 2.98      |
|    n_updates            | 19520     |
|    policy_gradient_loss | 0.0162    |
|    std                  | 0.0248    |
|    value_loss           | 7.86      |
---------------------------------------
---------------------------------
| rollout/           |          |
|    ep_len_mean     | 1e+03    |
|    ep_rew_mean     | 660      |
| time/              |          |
|    fps             | 441      |
|    iterations      | 977      |
|    time_elapsed    | 1131     |
|    total_timesteps | 500224   |
---------------------------------
---------------------------------------
| rollout/                |           |
|    ep_len_mean          | 1e+03     |
|    ep_rew_mean          | 660       |
| time/                   |           |
|    fps                  | 441       |
|    iterations           | 978       |
|    time_elapsed         | 1133      |
|    total_timesteps      | 500736    |
| train/                  |           |
|    approx_kl            | 1.4977489 |
|    clip_fraction        | 0.857     |
|    clip_range           | 0.2       |
|    entropy_loss         | 13.7      |
|    explained_variance   | 0.919     |
|    learning_rate        | 0.0003    |
|    loss                 | 3.23      |
|    n_updates            | 19540     |
|    policy_gradient_loss | -0.0562   |
|    std                  | 0.0246    |
|    value_loss           | 9.38      |
---------------------------------------
--------------------------------------
| rollout/                |          |
|    ep_len_mean          | 1e+03    |
|    ep_rew_mean          | 662      |
| time/                   |          |
|    fps                  | 441      |
|    iterations           | 979      |
|    time_elapsed         | 1134     |
|    total_timesteps      | 501248   |
| train/                  |          |
|    approx_kl            | 4.461105 |
|    clip_fraction        | 0.924    |
|    clip_range           | 0.2      |
|    entropy_loss         | 13.7     |
|    explained_variance   | 0.879    |
|    learning_rate        | 0.0003   |
|    loss                 | 1.7      |
|    n_updates            | 19560    |
|    policy_gradient_loss | 0.0568   |
|    std                  | 0.0245   |
|    value_loss           | 4.54     |
--------------------------------------
---------------------------------------
| rollout/                |           |
|    ep_len_mean          | 1e+03     |
|    ep_rew_mean          | 662       |
| time/                   |           |
|    fps                  | 441       |
|    iterations           | 980       |
|    time_elapsed         | 1135      |
|    total_timesteps      | 501760    |
| train/                  |           |
|    approx_kl            | 3.0112467 |
|    clip_fraction        | 0.901     |
|    clip_range           | 0.2       |
|    entropy_loss         | 13.7      |
|    explained_variance   | 0.961     |
|    learning_rate        | 0.0003    |
|    loss                 | 1.61      |
|    n_updates            | 19580     |
|    policy_gradient_loss | 0.0205    |
|    std                  | 0.0245    |
|    value_loss           | 5.55      |
---------------------------------------
---------------------------------------
| rollout/                |           |
|    ep_len_mean          | 1e+03     |
|    ep_rew_mean          | 658       |
| time/                   |           |
|    fps                  | 441       |
|    iterations           | 981       |
|    time_elapsed         | 1136      |
|    total_timesteps      | 502272    |
| train/                  |           |
|    approx_kl            | 5.0841694 |
|    clip_fraction        | 0.938     |
|    clip_range           | 0.2       |
|    entropy_loss         | 13.7      |
|    explained_variance   | 0.277     |
|    learning_rate        | 0.0003    |
|    loss                 | 1.25      |
|    n_updates            | 19600     |
|    policy_gradient_loss | 0.0447    |
|    std                  | 0.0246    |
|    value_loss           | 4.56      |
---------------------------------------
---------------------------------------
| rollout/                |           |
|    ep_len_mean          | 1e+03     |
|    ep_rew_mean          | 658       |
| time/                   |           |
|    fps                  | 442       |
|    iterations           | 982       |
|    time_elapsed         | 1137      |
|    total_timesteps      | 502784    |
| train/                  |           |
|    approx_kl            | 1.9266876 |
|    clip_fraction        | 0.901     |
|    clip_range           | 0.2       |
|    entropy_loss         | 13.7      |
|    explained_variance   | 0.774     |
|    learning_rate        | 0.0003    |
|    loss                 | 2.01      |
|    n_updates            | 19620     |
|    policy_gradient_loss | -0.0234   |
|    std                  | 0.0246    |
|    value_loss           | 6.75      |
---------------------------------------
---------------------------------------
| rollout/                |           |
|    ep_len_mean          | 1e+03     |
|    ep_rew_mean          | 655       |
| time/                   |           |
|    fps                  | 442       |
|    iterations           | 983       |
|    time_elapsed         | 1138      |
|    total_timesteps      | 503296    |
| train/                  |           |
|    approx_kl            | 2.9202232 |
|    clip_fraction        | 0.907     |
|    clip_range           | 0.2       |
|    entropy_loss         | 13.7      |
|    explained_variance   | 0.776     |
|    learning_rate        | 0.0003    |
|    loss                 | 2.71      |
|    n_updates            | 19640     |
|    policy_gradient_loss | 0.00304   |
|    std                  | 0.0247    |
|    value_loss           | 6.43      |
---------------------------------------
--------------------------------------
| rollout/                |          |
|    ep_len_mean          | 1e+03    |
|    ep_rew_mean          | 655      |
| time/                   |          |
|    fps                  | 442      |
|    iterations           | 984      |
|    time_elapsed         | 1139     |
|    total_timesteps      | 503808   |
| train/                  |          |
|    approx_kl            | 2.373209 |
|    clip_fraction        | 0.877    |
|    clip_range           | 0.2      |
|    entropy_loss         | 13.7     |
|    explained_variance   | 0.96     |
|    learning_rate        | 0.0003   |
|    loss                 | 2.89     |
|    n_updates            | 19660    |
|    policy_gradient_loss | -0.0523  |
|    std                  | 0.0246   |
|    value_loss           | 7.82     |
--------------------------------------
---------------------------------------
| rollout/                |           |
|    ep_len_mean          | 1e+03     |
|    ep_rew_mean          | 655       |
| time/                   |           |
|    fps                  | 442       |
|    iterations           | 985       |
|    time_elapsed         | 1140      |
|    total_timesteps      | 504320    |
| train/                  |           |
|    approx_kl            | 3.2209358 |
|    clip_fraction        | 0.908     |
|    clip_range           | 0.2       |
|    entropy_loss         | 13.7      |
|    explained_variance   | 0.892     |
|    learning_rate        | 0.0003    |
|    loss                 | 1.96      |
|    n_updates            | 19680     |
|    policy_gradient_loss | 0.0327    |
|    std                  | 0.0246    |
|    value_loss           | 4.52      |
---------------------------------------
---------------------------------------
| rollout/                |           |
|    ep_len_mean          | 1e+03     |
|    ep_rew_mean          | 655       |
| time/                   |           |
|    fps                  | 442       |
|    iterations           | 986       |
|    time_elapsed         | 1141      |
|    total_timesteps      | 504832    |
| train/                  |           |
|    approx_kl            | 2.3987064 |
|    clip_fraction        | 0.922     |
|    clip_range           | 0.2       |
|    entropy_loss         | 13.7      |
|    explained_variance   | 0.935     |
|    learning_rate        | 0.0003    |
|    loss                 | 1.81      |
|    n_updates            | 19700     |
|    policy_gradient_loss | -0.0231   |
|    std                  | 0.0246    |
|    value_loss           | 5.36      |
---------------------------------------
--------------------------------------
| rollout/                |          |
|    ep_len_mean          | 1e+03    |
|    ep_rew_mean          | 657      |
| time/                   |          |
|    fps                  | 442      |
|    iterations           | 987      |
|    time_elapsed         | 1143     |
|    total_timesteps      | 505344   |
| train/                  |          |
|    approx_kl            | 2.633184 |
|    clip_fraction        | 0.912    |
|    clip_range           | 0.2      |
|    entropy_loss         | 13.7     |
|    explained_variance   | 0.681    |
|    learning_rate        | 0.0003   |
|    loss                 | 1.26     |
|    n_updates            | 19720    |
|    policy_gradient_loss | 0.07     |
|    std                  | 0.0248   |
|    value_loss           | 3.04     |
--------------------------------------
--------------------------------------
| rollout/                |          |
|    ep_len_mean          | 1e+03    |
|    ep_rew_mean          | 657      |
| time/                   |          |
|    fps                  | 442      |
|    iterations           | 988      |
|    time_elapsed         | 1144     |
|    total_timesteps      | 505856   |
| train/                  |          |
|    approx_kl            | 2.483977 |
|    clip_fraction        | 0.893    |
|    clip_range           | 0.2      |
|    entropy_loss         | 13.7     |
|    explained_variance   | 0.917    |
|    learning_rate        | 0.0003   |
|    loss                 | 1.45     |
|    n_updates            | 19740    |
|    policy_gradient_loss | -0.0174  |
|    std                  | 0.0248   |
|    value_loss           | 8.87     |
--------------------------------------
---------------------------------------
| rollout/                |           |
|    ep_len_mean          | 1e+03     |
|    ep_rew_mean          | 655       |
| time/                   |           |
|    fps                  | 442       |
|    iterations           | 989       |
|    time_elapsed         | 1145      |
|    total_timesteps      | 506368    |
| train/                  |           |
|    approx_kl            | 3.3195686 |
|    clip_fraction        | 0.934     |
|    clip_range           | 0.2       |
|    entropy_loss         | 13.7      |
|    explained_variance   | 0.814     |
|    learning_rate        | 0.0003    |
|    loss                 | 1.59      |
|    n_updates            | 19760     |
|    policy_gradient_loss | 0.0754    |
|    std                  | 0.0249    |
|    value_loss           | 3.88      |
---------------------------------------
---------------------------------------
| rollout/                |           |
|    ep_len_mean          | 1e+03     |
|    ep_rew_mean          | 655       |
| time/                   |           |
|    fps                  | 442       |
|    iterations           | 990       |
|    time_elapsed         | 1146      |
|    total_timesteps      | 506880    |
| train/                  |           |
|    approx_kl            | 3.0569055 |
|    clip_fraction        | 0.896     |
|    clip_range           | 0.2       |
|    entropy_loss         | 13.7      |
|    explained_variance   | 0.949     |
|    learning_rate        | 0.0003    |
|    loss                 | 1.33      |
|    n_updates            | 19780     |
|    policy_gradient_loss | -0.0394   |
|    std                  | 0.0248    |
|    value_loss           | 5.14      |
---------------------------------------
--------------------------------------
| rollout/                |          |
|    ep_len_mean          | 1e+03    |
|    ep_rew_mean          | 653      |
| time/                   |          |
|    fps                  | 442      |
|    iterations           | 991      |
|    time_elapsed         | 1147     |
|    total_timesteps      | 507392   |
| train/                  |          |
|    approx_kl            | 4.402807 |
|    clip_fraction        | 0.93     |
|    clip_range           | 0.2      |
|    entropy_loss         | 13.7     |
|    explained_variance   | 0.505    |
|    learning_rate        | 0.0003   |
|    loss                 | 1.52     |
|    n_updates            | 19800    |
|    policy_gradient_loss | 0.0681   |
|    std                  | 0.0248   |
|    value_loss           | 4.15     |
--------------------------------------
---------------------------------------
| rollout/                |           |
|    ep_len_mean          | 1e+03     |
|    ep_rew_mean          | 653       |
| time/                   |           |
|    fps                  | 442       |
|    iterations           | 992       |
|    time_elapsed         | 1148      |
|    total_timesteps      | 507904    |
| train/                  |           |
|    approx_kl            | 3.4201908 |
|    clip_fraction        | 0.901     |
|    clip_range           | 0.2       |
|    entropy_loss         | 13.7      |
|    explained_variance   | 0.939     |
|    learning_rate        | 0.0003    |
|    loss                 | 1.79      |
|    n_updates            | 19820     |
|    policy_gradient_loss | -0.0118   |
|    std                  | 0.0246    |
|    value_loss           | 4.49      |
---------------------------------------
---------------------------------------
| rollout/                |           |
|    ep_len_mean          | 1e+03     |
|    ep_rew_mean          | 652       |
| time/                   |           |
|    fps                  | 442       |
|    iterations           | 993       |
|    time_elapsed         | 1149      |
|    total_timesteps      | 508416    |
| train/                  |           |
|    approx_kl            | 4.8698006 |
|    clip_fraction        | 0.942     |
|    clip_range           | 0.2       |
|    entropy_loss         | 13.7      |
|    explained_variance   | 0.691     |
|    learning_rate        | 0.0003    |
|    loss                 | 1.43      |
|    n_updates            | 19840     |
|    policy_gradient_loss | 0.117     |
|    std                  | 0.0247    |
|    value_loss           | 3.7       |
---------------------------------------
---------------------------------------
| rollout/                |           |
|    ep_len_mean          | 1e+03     |
|    ep_rew_mean          | 652       |
| time/                   |           |
|    fps                  | 442       |
|    iterations           | 994       |
|    time_elapsed         | 1150      |
|    total_timesteps      | 508928    |
| train/                  |           |
|    approx_kl            | 6.7680783 |
|    clip_fraction        | 0.902     |
|    clip_range           | 0.2       |
|    entropy_loss         | 13.7      |
|    explained_variance   | 0.871     |
|    learning_rate        | 0.0003    |
|    loss                 | 2.09      |
|    n_updates            | 19860     |
|    policy_gradient_loss | -0.0291   |
|    std                  | 0.0247    |
|    value_loss           | 7.15      |
---------------------------------------
---------------------------------------
| rollout/                |           |
|    ep_len_mean          | 1e+03     |
|    ep_rew_mean          | 649       |
| time/                   |           |
|    fps                  | 442       |
|    iterations           | 995       |
|    time_elapsed         | 1152      |
|    total_timesteps      | 509440    |
| train/                  |           |
|    approx_kl            | 5.9120946 |
|    clip_fraction        | 0.949     |
|    clip_range           | 0.2       |
|    entropy_loss         | 13.7      |
|    explained_variance   | 0.475     |
|    learning_rate        | 0.0003    |
|    loss                 | 1.33      |
|    n_updates            | 19880     |
|    policy_gradient_loss | 0.142     |
|    std                  | 0.0251    |
|    value_loss           | 3.94      |
---------------------------------------
--------------------------------------
| rollout/                |          |
|    ep_len_mean          | 1e+03    |
|    ep_rew_mean          | 649      |
| time/                   |          |
|    fps                  | 442      |
|    iterations           | 996      |
|    time_elapsed         | 1153     |
|    total_timesteps      | 509952   |
| train/                  |          |
|    approx_kl            | 3.431545 |
|    clip_fraction        | 0.91     |
|    clip_range           | 0.2      |
|    entropy_loss         | 13.6     |
|    explained_variance   | 0.893    |
|    learning_rate        | 0.0003   |
|    loss                 | 1.38     |
|    n_updates            | 19900    |
|    policy_gradient_loss | -0.0302  |
|    std                  | 0.0249   |
|    value_loss           | 4.3      |
--------------------------------------
---------------------------------------
| rollout/                |           |
|    ep_len_mean          | 1e+03     |
|    ep_rew_mean          | 648       |
| time/                   |           |
|    fps                  | 442       |
|    iterations           | 997       |
|    time_elapsed         | 1154      |
|    total_timesteps      | 510464    |
| train/                  |           |
|    approx_kl            | 2.2210488 |
|    clip_fraction        | 0.903     |
|    clip_range           | 0.2       |
|    entropy_loss         | 13.6      |
|    explained_variance   | 0.507     |
|    learning_rate        | 0.0003    |
|    loss                 | 1.28      |
|    n_updates            | 19920     |
|    policy_gradient_loss | 0.0244    |
|    std                  | 0.0251    |
|    value_loss           | 2.66      |
---------------------------------------
--------------------------------------
| rollout/                |          |
|    ep_len_mean          | 1e+03    |
|    ep_rew_mean          | 648      |
| time/                   |          |
|    fps                  | 442      |
|    iterations           | 998      |
|    time_elapsed         | 1155     |
|    total_timesteps      | 510976   |
| train/                  |          |
|    approx_kl            | 9.74448  |
|    clip_fraction        | 0.909    |
|    clip_range           | 0.2      |
|    entropy_loss         | 13.6     |
|    explained_variance   | 0.703    |
|    learning_rate        | 0.0003   |
|    loss                 | 2.69     |
|    n_updates            | 19940    |
|    policy_gradient_loss | -0.0568  |
|    std                  | 0.0249   |
|    value_loss           | 13.1     |
--------------------------------------
---------------------------------------
| rollout/                |           |
|    ep_len_mean          | 1e+03     |
|    ep_rew_mean          | 648       |
| time/                   |           |
|    fps                  | 442       |
|    iterations           | 999       |
|    time_elapsed         | 1156      |
|    total_timesteps      | 511488    |
| train/                  |           |
|    approx_kl            | 2.0528147 |
|    clip_fraction        | 0.894     |
|    clip_range           | 0.2       |
|    entropy_loss         | 13.6      |
|    explained_variance   | 0.678     |
|    learning_rate        | 0.0003    |
|    loss                 | 2.37      |
|    n_updates            | 19960     |
|    policy_gradient_loss | 0.0581    |
|    std                  | 0.025     |
|    value_loss           | 5.31      |
---------------------------------------
---------------------------------------
| rollout/                |           |
|    ep_len_mean          | 1e+03     |
|    ep_rew_mean          | 649       |
| time/                   |           |
|    fps                  | 442       |
|    iterations           | 1000      |
|    time_elapsed         | 1157      |
|    total_timesteps      | 512000    |
| train/                  |           |
|    approx_kl            | 3.1584635 |
|    clip_fraction        | 0.919     |
|    clip_range           | 0.2       |
|    entropy_loss         | 13.6      |
|    explained_variance   | 0.869     |
|    learning_rate        | 0.0003    |
|    loss                 | 2.08      |
|    n_updates            | 19980     |
|    policy_gradient_loss | 0.00708   |
|    std                  | 0.025     |
|    value_loss           | 5.73      |
---------------------------------------
---------------------------------------
| rollout/                |           |
|    ep_len_mean          | 1e+03     |
|    ep_rew_mean          | 649       |
| time/                   |           |
|    fps                  | 442       |
|    iterations           | 1001      |
|    time_elapsed         | 1158      |
|    total_timesteps      | 512512    |
| train/                  |           |
|    approx_kl            | 2.4992986 |
|    clip_fraction        | 0.908     |
|    clip_range           | 0.2       |
|    entropy_loss         | 13.6      |
|    explained_variance   | 0.233     |
|    learning_rate        | 0.0003    |
|    loss                 | 1.36      |
|    n_updates            | 20000     |
|    policy_gradient_loss | 0.0486    |
|    std                  | 0.025     |
|    value_loss           | 3.41      |
---------------------------------------
---------------------------------------
| rollout/                |           |
|    ep_len_mean          | 1e+03     |
|    ep_rew_mean          | 647       |
| time/                   |           |
|    fps                  | 442       |
|    iterations           | 1002      |
|    time_elapsed         | 1159      |
|    total_timesteps      | 513024    |
| train/                  |           |
|    approx_kl            | 5.1116223 |
|    clip_fraction        | 0.894     |
|    clip_range           | 0.2       |
|    entropy_loss         | 13.6      |
|    explained_variance   | 0.871     |
|    learning_rate        | 0.0003    |
|    loss                 | 2.75      |
|    n_updates            | 20020     |
|    policy_gradient_loss | -0.0213   |
|    std                  | 0.025     |
|    value_loss           | 7.82      |
---------------------------------------
--------------------------------------
| rollout/                |          |
|    ep_len_mean          | 1e+03    |
|    ep_rew_mean          | 647      |
| time/                   |          |
|    fps                  | 442      |
|    iterations           | 1003     |
|    time_elapsed         | 1160     |
|    total_timesteps      | 513536   |
| train/                  |          |
|    approx_kl            | 4.112645 |
|    clip_fraction        | 0.922    |
|    clip_range           | 0.2      |
|    entropy_loss         | 13.6     |
|    explained_variance   | 0.927    |
|    learning_rate        | 0.0003   |
|    loss                 | 1.63     |
|    n_updates            | 20040    |
|    policy_gradient_loss | 0.0505   |
|    std                  | 0.025    |
|    value_loss           | 3.55     |
--------------------------------------
---------------------------------------
| rollout/                |           |
|    ep_len_mean          | 1e+03     |
|    ep_rew_mean          | 646       |
| time/                   |           |
|    fps                  | 442       |
|    iterations           | 1004      |
|    time_elapsed         | 1162      |
|    total_timesteps      | 514048    |
| train/                  |           |
|    approx_kl            | 2.4059863 |
|    clip_fraction        | 0.913     |
|    clip_range           | 0.2       |
|    entropy_loss         | 13.6      |
|    explained_variance   | 0.917     |
|    learning_rate        | 0.0003    |
|    loss                 | 2.02      |
|    n_updates            | 20060     |
|    policy_gradient_loss | 0.00123   |
|    std                  | 0.025     |
|    value_loss           | 7.37      |
---------------------------------------
---------------------------------------
| rollout/                |           |
|    ep_len_mean          | 1e+03     |
|    ep_rew_mean          | 646       |
| time/                   |           |
|    fps                  | 442       |
|    iterations           | 1005      |
|    time_elapsed         | 1163      |
|    total_timesteps      | 514560    |
| train/                  |           |
|    approx_kl            | 2.7175217 |
|    clip_fraction        | 0.905     |
|    clip_range           | 0.2       |
|    entropy_loss         | 13.6      |
|    explained_variance   | 0.954     |
|    learning_rate        | 0.0003    |
|    loss                 | 1.61      |
|    n_updates            | 20080     |
|    policy_gradient_loss | 0.0179    |
|    std                  | 0.0249    |
|    value_loss           | 4.33      |
---------------------------------------
---------------------------------------
| rollout/                |           |
|    ep_len_mean          | 1e+03     |
|    ep_rew_mean          | 643       |
| time/                   |           |
|    fps                  | 442       |
|    iterations           | 1006      |
|    time_elapsed         | 1164      |
|    total_timesteps      | 515072    |
| train/                  |           |
|    approx_kl            | 2.9154282 |
|    clip_fraction        | 0.92      |
|    clip_range           | 0.2       |
|    entropy_loss         | 13.6      |
|    explained_variance   | 0.915     |
|    learning_rate        | 0.0003    |
|    loss                 | 1.64      |
|    n_updates            | 20100     |
|    policy_gradient_loss | 0.00282   |
|    std                  | 0.0249    |
|    value_loss           | 5.03      |
---------------------------------------
--------------------------------------
| rollout/                |          |
|    ep_len_mean          | 1e+03    |
|    ep_rew_mean          | 643      |
| time/                   |          |
|    fps                  | 442      |
|    iterations           | 1007     |
|    time_elapsed         | 1165     |
|    total_timesteps      | 515584   |
| train/                  |          |
|    approx_kl            | 2.661055 |
|    clip_fraction        | 0.899    |
|    clip_range           | 0.2      |
|    entropy_loss         | 13.7     |
|    explained_variance   | 0.966    |
|    learning_rate        | 0.0003   |
|    loss                 | 1.8      |
|    n_updates            | 20120    |
|    policy_gradient_loss | 0.0239   |
|    std                  | 0.0248   |
|    value_loss           | 4.37     |
--------------------------------------
---------------------------------------
| rollout/                |           |
|    ep_len_mean          | 1e+03     |
|    ep_rew_mean          | 640       |
| time/                   |           |
|    fps                  | 442       |
|    iterations           | 1008      |
|    time_elapsed         | 1166      |
|    total_timesteps      | 516096    |
| train/                  |           |
|    approx_kl            | 2.4019556 |
|    clip_fraction        | 0.916     |
|    clip_range           | 0.2       |
|    entropy_loss         | 13.7      |
|    explained_variance   | 0.897     |
|    learning_rate        | 0.0003    |
|    loss                 | 2.61      |
|    n_updates            | 20140     |
|    policy_gradient_loss | -0.00128  |
|    std                  | 0.0248    |
|    value_loss           | 7.2       |
---------------------------------------
---------------------------------------
| rollout/                |           |
|    ep_len_mean          | 1e+03     |
|    ep_rew_mean          | 640       |
| time/                   |           |
|    fps                  | 442       |
|    iterations           | 1009      |
|    time_elapsed         | 1167      |
|    total_timesteps      | 516608    |
| train/                  |           |
|    approx_kl            | 5.2748075 |
|    clip_fraction        | 0.886     |
|    clip_range           | 0.2       |
|    entropy_loss         | 13.7      |
|    explained_variance   | 0.972     |
|    learning_rate        | 0.0003    |
|    loss                 | 1.39      |
|    n_updates            | 20160     |
|    policy_gradient_loss | -0.0219   |
|    std                  | 0.0246    |
|    value_loss           | 4.5       |
---------------------------------------
---------------------------------------
| rollout/                |           |
|    ep_len_mean          | 1e+03     |
|    ep_rew_mean          | 636       |
| time/                   |           |
|    fps                  | 442       |
|    iterations           | 1010      |
|    time_elapsed         | 1168      |
|    total_timesteps      | 517120    |
| train/                  |           |
|    approx_kl            | 3.7639823 |
|    clip_fraction        | 0.931     |
|    clip_range           | 0.2       |
|    entropy_loss         | 13.7      |
|    explained_variance   | 0.923     |
|    learning_rate        | 0.0003    |
|    loss                 | 2.37      |
|    n_updates            | 20180     |
|    policy_gradient_loss | 0.0458    |
|    std                  | 0.0247    |
|    value_loss           | 6.37      |
---------------------------------------
---------------------------------------
| rollout/                |           |
|    ep_len_mean          | 1e+03     |
|    ep_rew_mean          | 636       |
| time/                   |           |
|    fps                  | 442       |
|    iterations           | 1011      |
|    time_elapsed         | 1169      |
|    total_timesteps      | 517632    |
| train/                  |           |
|    approx_kl            | 3.2083044 |
|    clip_fraction        | 0.906     |
|    clip_range           | 0.2       |
|    entropy_loss         | 13.7      |
|    explained_variance   | 0.964     |
|    learning_rate        | 0.0003    |
|    loss                 | 1.2       |
|    n_updates            | 20200     |
|    policy_gradient_loss | -0.000741 |
|    std                  | 0.0246    |
|    value_loss           | 5.28      |
---------------------------------------
---------------------------------------
| rollout/                |           |
|    ep_len_mean          | 1e+03     |
|    ep_rew_mean          | 634       |
| time/                   |           |
|    fps                  | 442       |
|    iterations           | 1012      |
|    time_elapsed         | 1171      |
|    total_timesteps      | 518144    |
| train/                  |           |
|    approx_kl            | 3.2744505 |
|    clip_fraction        | 0.922     |
|    clip_range           | 0.2       |
|    entropy_loss         | 13.7      |
|    explained_variance   | 0.928     |
|    learning_rate        | 0.0003    |
|    loss                 | 2.17      |
|    n_updates            | 20220     |
|    policy_gradient_loss | 0.0166    |
|    std                  | 0.0247    |
|    value_loss           | 5.37      |
---------------------------------------
---------------------------------------
| rollout/                |           |
|    ep_len_mean          | 1e+03     |
|    ep_rew_mean          | 634       |
| time/                   |           |
|    fps                  | 442       |
|    iterations           | 1013      |
|    time_elapsed         | 1172      |
|    total_timesteps      | 518656    |
| train/                  |           |
|    approx_kl            | 2.7235315 |
|    clip_fraction        | 0.884     |
|    clip_range           | 0.2       |
|    entropy_loss         | 13.7      |
|    explained_variance   | 0.97      |
|    learning_rate        | 0.0003    |
|    loss                 | 1.56      |
|    n_updates            | 20240     |
|    policy_gradient_loss | -0.0228   |
|    std                  | 0.0246    |
|    value_loss           | 6.04      |
---------------------------------------
---------------------------------------
| rollout/                |           |
|    ep_len_mean          | 1e+03     |
|    ep_rew_mean          | 633       |
| time/                   |           |
|    fps                  | 442       |
|    iterations           | 1014      |
|    time_elapsed         | 1173      |
|    total_timesteps      | 519168    |
| train/                  |           |
|    approx_kl            | 5.2409434 |
|    clip_fraction        | 0.933     |
|    clip_range           | 0.2       |
|    entropy_loss         | 13.7      |
|    explained_variance   | 0.292     |
|    learning_rate        | 0.0003    |
|    loss                 | 1.42      |
|    n_updates            | 20260     |
|    policy_gradient_loss | 0.0462    |
|    std                  | 0.0248    |
|    value_loss           | 3.67      |
---------------------------------------
--------------------------------------
| rollout/                |          |
|    ep_len_mean          | 1e+03    |
|    ep_rew_mean          | 633      |
| time/                   |          |
|    fps                  | 442      |
|    iterations           | 1015     |
|    time_elapsed         | 1174     |
|    total_timesteps      | 519680   |
| train/                  |          |
|    approx_kl            | 4.191428 |
|    clip_fraction        | 0.934    |
|    clip_range           | 0.2      |
|    entropy_loss         | 13.7     |
|    explained_variance   | 0.922    |
|    learning_rate        | 0.0003   |
|    loss                 | 1.38     |
|    n_updates            | 20280    |
|    policy_gradient_loss | -0.00599 |
|    std                  | 0.0246   |
|    value_loss           | 4.4      |
--------------------------------------
---------------------------------------
| rollout/                |           |
|    ep_len_mean          | 1e+03     |
|    ep_rew_mean          | 635       |
| time/                   |           |
|    fps                  | 442       |
|    iterations           | 1016      |
|    time_elapsed         | 1175      |
|    total_timesteps      | 520192    |
| train/                  |           |
|    approx_kl            | 2.5362678 |
|    clip_fraction        | 0.908     |
|    clip_range           | 0.2       |
|    entropy_loss         | 13.7      |
|    explained_variance   | 0.866     |
|    learning_rate        | 0.0003    |
|    loss                 | 2.18      |
|    n_updates            | 20300     |
|    policy_gradient_loss | -0.00368  |
|    std                  | 0.0245    |
|    value_loss           | 5.46      |
---------------------------------------
---------------------------------------
| rollout/                |           |
|    ep_len_mean          | 1e+03     |
|    ep_rew_mean          | 635       |
| time/                   |           |
|    fps                  | 442       |
|    iterations           | 1017      |
|    time_elapsed         | 1176      |
|    total_timesteps      | 520704    |
| train/                  |           |
|    approx_kl            | 3.1409304 |
|    clip_fraction        | 0.901     |
|    clip_range           | 0.2       |
|    entropy_loss         | 13.7      |
|    explained_variance   | 0.942     |
|    learning_rate        | 0.0003    |
|    loss                 | 1.82      |
|    n_updates            | 20320     |
|    policy_gradient_loss | -0.00685  |
|    std                  | 0.0245    |
|    value_loss           | 5.14      |
---------------------------------------
---------------------------------------
| rollout/                |           |
|    ep_len_mean          | 1e+03     |
|    ep_rew_mean          | 634       |
| time/                   |           |
|    fps                  | 442       |
|    iterations           | 1018      |
|    time_elapsed         | 1177      |
|    total_timesteps      | 521216    |
| train/                  |           |
|    approx_kl            | 5.9391065 |
|    clip_fraction        | 0.941     |
|    clip_range           | 0.2       |
|    entropy_loss         | 13.7      |
|    explained_variance   | 0.614     |
|    learning_rate        | 0.0003    |
|    loss                 | 2.09      |
|    n_updates            | 20340     |
|    policy_gradient_loss | 0.104     |
|    std                  | 0.0245    |
|    value_loss           | 5.14      |
---------------------------------------
---------------------------------------
| rollout/                |           |
|    ep_len_mean          | 1e+03     |
|    ep_rew_mean          | 634       |
| time/                   |           |
|    fps                  | 442       |
|    iterations           | 1019      |
|    time_elapsed         | 1178      |
|    total_timesteps      | 521728    |
| train/                  |           |
|    approx_kl            | 2.6666756 |
|    clip_fraction        | 0.894     |
|    clip_range           | 0.2       |
|    entropy_loss         | 13.8      |
|    explained_variance   | 0.926     |
|    learning_rate        | 0.0003    |
|    loss                 | 1.14      |
|    n_updates            | 20360     |
|    policy_gradient_loss | -0.0145   |
|    std                  | 0.0243    |
|    value_loss           | 4.69      |
---------------------------------------
---------------------------------------
| rollout/                |           |
|    ep_len_mean          | 1e+03     |
|    ep_rew_mean          | 630       |
| time/                   |           |
|    fps                  | 442       |
|    iterations           | 1020      |
|    time_elapsed         | 1179      |
|    total_timesteps      | 522240    |
| train/                  |           |
|    approx_kl            | 3.9704607 |
|    clip_fraction        | 0.935     |
|    clip_range           | 0.2       |
|    entropy_loss         | 13.8      |
|    explained_variance   | 0.858     |
|    learning_rate        | 0.0003    |
|    loss                 | 2.79      |
|    n_updates            | 20380     |
|    policy_gradient_loss | 0.0802    |
|    std                  | 0.0244    |
|    value_loss           | 6.46      |
---------------------------------------
---------------------------------------
| rollout/                |           |
|    ep_len_mean          | 1e+03     |
|    ep_rew_mean          | 630       |
| time/                   |           |
|    fps                  | 442       |
|    iterations           | 1021      |
|    time_elapsed         | 1181      |
|    total_timesteps      | 522752    |
| train/                  |           |
|    approx_kl            | 4.2090025 |
|    clip_fraction        | 0.89      |
|    clip_range           | 0.2       |
|    entropy_loss         | 13.8      |
|    explained_variance   | 0.938     |
|    learning_rate        | 0.0003    |
|    loss                 | 1.65      |
|    n_updates            | 20400     |
|    policy_gradient_loss | -0.0571   |
|    std                  | 0.0242    |
|    value_loss           | 6.21      |
---------------------------------------
---------------------------------------
| rollout/                |           |
|    ep_len_mean          | 1e+03     |
|    ep_rew_mean          | 629       |
| time/                   |           |
|    fps                  | 442       |
|    iterations           | 1022      |
|    time_elapsed         | 1182      |
|    total_timesteps      | 523264    |
| train/                  |           |
|    approx_kl            | 3.0211365 |
|    clip_fraction        | 0.918     |
|    clip_range           | 0.2       |
|    entropy_loss         | 13.8      |
|    explained_variance   | 0.907     |
|    learning_rate        | 0.0003    |
|    loss                 | 1.39      |
|    n_updates            | 20420     |
|    policy_gradient_loss | 0.0454    |
|    std                  | 0.0242    |
|    value_loss           | 3.84      |
---------------------------------------
--------------------------------------
| rollout/                |          |
|    ep_len_mean          | 1e+03    |
|    ep_rew_mean          | 629      |
| time/                   |          |
|    fps                  | 442      |
|    iterations           | 1023     |
|    time_elapsed         | 1183     |
|    total_timesteps      | 523776   |
| train/                  |          |
|    approx_kl            | 2.590654 |
|    clip_fraction        | 0.886    |
|    clip_range           | 0.2      |
|    entropy_loss         | 13.8     |
|    explained_variance   | 0.955    |
|    learning_rate        | 0.0003   |
|    loss                 | 3.51     |
|    n_updates            | 20440    |
|    policy_gradient_loss | -0.0247  |
|    std                  | 0.0241   |
|    value_loss           | 6.92     |
--------------------------------------
---------------------------------------
| rollout/                |           |
|    ep_len_mean          | 1e+03     |
|    ep_rew_mean          | 625       |
| time/                   |           |
|    fps                  | 442       |
|    iterations           | 1024      |
|    time_elapsed         | 1184      |
|    total_timesteps      | 524288    |
| train/                  |           |
|    approx_kl            | 1.6113873 |
|    clip_fraction        | 0.902     |
|    clip_range           | 0.2       |
|    entropy_loss         | 13.8      |
|    explained_variance   | 0.919     |
|    learning_rate        | 0.0003    |
|    loss                 | 2.7       |
|    n_updates            | 20460     |
|    policy_gradient_loss | -0.0289   |
|    std                  | 0.0241    |
|    value_loss           | 8.94      |
---------------------------------------
--------------------------------------
| rollout/                |          |
|    ep_len_mean          | 1e+03    |
|    ep_rew_mean          | 625      |
| time/                   |          |
|    fps                  | 442      |
|    iterations           | 1025     |
|    time_elapsed         | 1185     |
|    total_timesteps      | 524800   |
| train/                  |          |
|    approx_kl            | 4.272735 |
|    clip_fraction        | 0.903    |
|    clip_range           | 0.2      |
|    entropy_loss         | 13.9     |
|    explained_variance   | 0.94     |
|    learning_rate        | 0.0003   |
|    loss                 | 3.25     |
|    n_updates            | 20480    |
|    policy_gradient_loss | -0.0158  |
|    std                  | 0.024    |
|    value_loss           | 7.92     |
--------------------------------------
---------------------------------------
| rollout/                |           |
|    ep_len_mean          | 1e+03     |
|    ep_rew_mean          | 622       |
| time/                   |           |
|    fps                  | 442       |
|    iterations           | 1026      |
|    time_elapsed         | 1186      |
|    total_timesteps      | 525312    |
| train/                  |           |
|    approx_kl            | 3.8236382 |
|    clip_fraction        | 0.905     |
|    clip_range           | 0.2       |
|    entropy_loss         | 13.9      |
|    explained_variance   | 0.906     |
|    learning_rate        | 0.0003    |
|    loss                 | 1.9       |
|    n_updates            | 20500     |
|    policy_gradient_loss | -0.00413  |
|    std                  | 0.0241    |
|    value_loss           | 5.5       |
---------------------------------------
--------------------------------------
| rollout/                |          |
|    ep_len_mean          | 1e+03    |
|    ep_rew_mean          | 622      |
| time/                   |          |
|    fps                  | 442      |
|    iterations           | 1027     |
|    time_elapsed         | 1187     |
|    total_timesteps      | 525824   |
| train/                  |          |
|    approx_kl            | 3.124284 |
|    clip_fraction        | 0.875    |
|    clip_range           | 0.2      |
|    entropy_loss         | 13.8     |
|    explained_variance   | 0.949    |
|    learning_rate        | 0.0003   |
|    loss                 | 1.03     |
|    n_updates            | 20520    |
|    policy_gradient_loss | -0.031   |
|    std                  | 0.0241   |
|    value_loss           | 5.59     |
--------------------------------------
--------------------------------------
| rollout/                |          |
|    ep_len_mean          | 1e+03    |
|    ep_rew_mean          | 615      |
| time/                   |          |
|    fps                  | 442      |
|    iterations           | 1028     |
|    time_elapsed         | 1188     |
|    total_timesteps      | 526336   |
| train/                  |          |
|    approx_kl            | 4.951174 |
|    clip_fraction        | 0.925    |
|    clip_range           | 0.2      |
|    entropy_loss         | 13.8     |
|    explained_variance   | 0.637    |
|    learning_rate        | 0.0003   |
|    loss                 | 1.75     |
|    n_updates            | 20540    |
|    policy_gradient_loss | 0.0418   |
|    std                  | 0.0241   |
|    value_loss           | 4.64     |
--------------------------------------
---------------------------------------
| rollout/                |           |
|    ep_len_mean          | 1e+03     |
|    ep_rew_mean          | 615       |
| time/                   |           |
|    fps                  | 442       |
|    iterations           | 1029      |
|    time_elapsed         | 1190      |
|    total_timesteps      | 526848    |
| train/                  |           |
|    approx_kl            | 1.9871277 |
|    clip_fraction        | 0.899     |
|    clip_range           | 0.2       |
|    entropy_loss         | 13.8      |
|    explained_variance   | 0.898     |
|    learning_rate        | 0.0003    |
|    loss                 | 2.02      |
|    n_updates            | 20560     |
|    policy_gradient_loss | -0.0237   |
|    std                  | 0.0241    |
|    value_loss           | 6.12      |
---------------------------------------
---------------------------------------
| rollout/                |           |
|    ep_len_mean          | 1e+03     |
|    ep_rew_mean          | 612       |
| time/                   |           |
|    fps                  | 442       |
|    iterations           | 1030      |
|    time_elapsed         | 1191      |
|    total_timesteps      | 527360    |
| train/                  |           |
|    approx_kl            | 3.3133695 |
|    clip_fraction        | 0.905     |
|    clip_range           | 0.2       |
|    entropy_loss         | 13.8      |
|    explained_variance   | 0.562     |
|    learning_rate        | 0.0003    |
|    loss                 | 1.29      |
|    n_updates            | 20580     |
|    policy_gradient_loss | 0.0335    |
|    std                  | 0.0242    |
|    value_loss           | 3.75      |
---------------------------------------
---------------------------------------
| rollout/                |           |
|    ep_len_mean          | 1e+03     |
|    ep_rew_mean          | 612       |
| time/                   |           |
|    fps                  | 442       |
|    iterations           | 1031      |
|    time_elapsed         | 1192      |
|    total_timesteps      | 527872    |
| train/                  |           |
|    approx_kl            | 2.3873856 |
|    clip_fraction        | 0.893     |
|    clip_range           | 0.2       |
|    entropy_loss         | 13.8      |
|    explained_variance   | 0.959     |
|    learning_rate        | 0.0003    |
|    loss                 | 1.05      |
|    n_updates            | 20600     |
|    policy_gradient_loss | -0.0324   |
|    std                  | 0.0241    |
|    value_loss           | 5.38      |
---------------------------------------
---------------------------------------
| rollout/                |           |
|    ep_len_mean          | 1e+03     |
|    ep_rew_mean          | 607       |
| time/                   |           |
|    fps                  | 442       |
|    iterations           | 1032      |
|    time_elapsed         | 1193      |
|    total_timesteps      | 528384    |
| train/                  |           |
|    approx_kl            | 3.2429395 |
|    clip_fraction        | 0.913     |
|    clip_range           | 0.2       |
|    entropy_loss         | 13.8      |
|    explained_variance   | 0.943     |
|    learning_rate        | 0.0003    |
|    loss                 | 1.93      |
|    n_updates            | 20620     |
|    policy_gradient_loss | 0.0308    |
|    std                  | 0.0241    |
|    value_loss           | 4.83      |
---------------------------------------
---------------------------------------
| rollout/                |           |
|    ep_len_mean          | 1e+03     |
|    ep_rew_mean          | 607       |
| time/                   |           |
|    fps                  | 442       |
|    iterations           | 1033      |
|    time_elapsed         | 1194      |
|    total_timesteps      | 528896    |
| train/                  |           |
|    approx_kl            | 2.9659433 |
|    clip_fraction        | 0.911     |
|    clip_range           | 0.2       |
|    entropy_loss         | 13.8      |
|    explained_variance   | 0.901     |
|    learning_rate        | 0.0003    |
|    loss                 | 3.07      |
|    n_updates            | 20640     |
|    policy_gradient_loss | -0.0321   |
|    std                  | 0.024     |
|    value_loss           | 9.3       |
---------------------------------------
---------------------------------------
| rollout/                |           |
|    ep_len_mean          | 1e+03     |
|    ep_rew_mean          | 607       |
| time/                   |           |
|    fps                  | 442       |
|    iterations           | 1034      |
|    time_elapsed         | 1195      |
|    total_timesteps      | 529408    |
| train/                  |           |
|    approx_kl            | 4.4145255 |
|    clip_fraction        | 0.929     |
|    clip_range           | 0.2       |
|    entropy_loss         | 13.8      |
|    explained_variance   | 0.464     |
|    learning_rate        | 0.0003    |
|    loss                 | 1.56      |
|    n_updates            | 20660     |
|    policy_gradient_loss | 0.0859    |
|    std                  | 0.0241    |
|    value_loss           | 3.35      |
---------------------------------------
---------------------------------------
| rollout/                |           |
|    ep_len_mean          | 1e+03     |
|    ep_rew_mean          | 607       |
| time/                   |           |
|    fps                  | 442       |
|    iterations           | 1035      |
|    time_elapsed         | 1196      |
|    total_timesteps      | 529920    |
| train/                  |           |
|    approx_kl            | 1.9222397 |
|    clip_fraction        | 0.89      |
|    clip_range           | 0.2       |
|    entropy_loss         | 13.8      |
|    explained_variance   | 0.921     |
|    learning_rate        | 0.0003    |
|    loss                 | 5.87      |
|    n_updates            | 20680     |
|    policy_gradient_loss | -0.0413   |
|    std                  | 0.0241    |
|    value_loss           | 11.4      |
---------------------------------------
---------------------------------------
| rollout/                |           |
|    ep_len_mean          | 1e+03     |
|    ep_rew_mean          | 605       |
| time/                   |           |
|    fps                  | 442       |
|    iterations           | 1036      |
|    time_elapsed         | 1197      |
|    total_timesteps      | 530432    |
| train/                  |           |
|    approx_kl            | 2.3200858 |
|    clip_fraction        | 0.898     |
|    clip_range           | 0.2       |
|    entropy_loss         | 13.9      |
|    explained_variance   | 0.877     |
|    learning_rate        | 0.0003    |
|    loss                 | 2.07      |
|    n_updates            | 20700     |
|    policy_gradient_loss | -0.0152   |
|    std                  | 0.0239    |
|    value_loss           | 4.75      |
---------------------------------------
---------------------------------------
| rollout/                |           |
|    ep_len_mean          | 1e+03     |
|    ep_rew_mean          | 605       |
| time/                   |           |
|    fps                  | 442       |
|    iterations           | 1037      |
|    time_elapsed         | 1199      |
|    total_timesteps      | 530944    |
| train/                  |           |
|    approx_kl            | 2.6218371 |
|    clip_fraction        | 0.91      |
|    clip_range           | 0.2       |
|    entropy_loss         | 13.9      |
|    explained_variance   | 0.863     |
|    learning_rate        | 0.0003    |
|    loss                 | 2.67      |
|    n_updates            | 20720     |
|    policy_gradient_loss | -0.0601   |
|    std                  | 0.0239    |
|    value_loss           | 9.76      |
---------------------------------------
---------------------------------------
| rollout/                |           |
|    ep_len_mean          | 1e+03     |
|    ep_rew_mean          | 607       |
| time/                   |           |
|    fps                  | 442       |
|    iterations           | 1038      |
|    time_elapsed         | 1200      |
|    total_timesteps      | 531456    |
| train/                  |           |
|    approx_kl            | 5.6433973 |
|    clip_fraction        | 0.936     |
|    clip_range           | 0.2       |
|    entropy_loss         | 13.9      |
|    explained_variance   | 0.333     |
|    learning_rate        | 0.0003    |
|    loss                 | 1.71      |
|    n_updates            | 20740     |
|    policy_gradient_loss | 0.131     |
|    std                  | 0.024     |
|    value_loss           | 3.17      |
---------------------------------------
---------------------------------------
| rollout/                |           |
|    ep_len_mean          | 1e+03     |
|    ep_rew_mean          | 607       |
| time/                   |           |
|    fps                  | 442       |
|    iterations           | 1039      |
|    time_elapsed         | 1201      |
|    total_timesteps      | 531968    |
| train/                  |           |
|    approx_kl            | 3.6452658 |
|    clip_fraction        | 0.919     |
|    clip_range           | 0.2       |
|    entropy_loss         | 13.9      |
|    explained_variance   | 0.919     |
|    learning_rate        | 0.0003    |
|    loss                 | 1.47      |
|    n_updates            | 20760     |
|    policy_gradient_loss | -0.00366  |
|    std                  | 0.024     |
|    value_loss           | 4.6       |
---------------------------------------
---------------------------------------
| rollout/                |           |
|    ep_len_mean          | 1e+03     |
|    ep_rew_mean          | 607       |
| time/                   |           |
|    fps                  | 442       |
|    iterations           | 1040      |
|    time_elapsed         | 1202      |
|    total_timesteps      | 532480    |
| train/                  |           |
|    approx_kl            | 2.8817296 |
|    clip_fraction        | 0.925     |
|    clip_range           | 0.2       |
|    entropy_loss         | 13.8      |
|    explained_variance   | 0.607     |
|    learning_rate        | 0.0003    |
|    loss                 | 2.12      |
|    n_updates            | 20780     |
|    policy_gradient_loss | 0.0971    |
|    std                  | 0.0242    |
|    value_loss           | 3.75      |
---------------------------------------
---------------------------------------
| rollout/                |           |
|    ep_len_mean          | 1e+03     |
|    ep_rew_mean          | 607       |
| time/                   |           |
|    fps                  | 442       |
|    iterations           | 1041      |
|    time_elapsed         | 1203      |
|    total_timesteps      | 532992    |
| train/                  |           |
|    approx_kl            | 3.6160216 |
|    clip_fraction        | 0.918     |
|    clip_range           | 0.2       |
|    entropy_loss         | 13.8      |
|    explained_variance   | 0.893     |
|    learning_rate        | 0.0003    |
|    loss                 | 1.5       |
|    n_updates            | 20800     |
|    policy_gradient_loss | 0.0226    |
|    std                  | 0.0242    |
|    value_loss           | 6.83      |
---------------------------------------
--------------------------------------
| rollout/                |          |
|    ep_len_mean          | 1e+03    |
|    ep_rew_mean          | 603      |
| time/                   |          |
|    fps                  | 442      |
|    iterations           | 1042     |
|    time_elapsed         | 1204     |
|    total_timesteps      | 533504   |
| train/                  |          |
|    approx_kl            | 3.137464 |
|    clip_fraction        | 0.917    |
|    clip_range           | 0.2      |
|    entropy_loss         | 13.8     |
|    explained_variance   | 0.815    |
|    learning_rate        | 0.0003   |
|    loss                 | 1.62     |
|    n_updates            | 20820    |
|    policy_gradient_loss | 0.0187   |
|    std                  | 0.0243   |
|    value_loss           | 3.5      |
--------------------------------------
---------------------------------------
| rollout/                |           |
|    ep_len_mean          | 1e+03     |
|    ep_rew_mean          | 604       |
| time/                   |           |
|    fps                  | 442       |
|    iterations           | 1043      |
|    time_elapsed         | 1205      |
|    total_timesteps      | 534016    |
| train/                  |           |
|    approx_kl            | 3.4490237 |
|    clip_fraction        | 0.921     |
|    clip_range           | 0.2       |
|    entropy_loss         | 13.8      |
|    explained_variance   | 0.805     |
|    learning_rate        | 0.0003    |
|    loss                 | 3.31      |
|    n_updates            | 20840     |
|    policy_gradient_loss | -0.0503   |
|    std                  | 0.0243    |
|    value_loss           | 15.4      |
---------------------------------------
