Running on node: w010
CUDA_VISIBLE_DEVICES = 0
[CudaDevice(id=0)]
Using AIRL:  False
Using GAIL:  False
Using RGCL:  True
Experiment State @  2025-11-19 11:29:59.952180-05:00
Experiment Saved @  results/experiment_124
Experiment Settings Saved @  results/experiment_124
124
Wrapping the env with a `Monitor` wrapper
Wrapping the env in a DummyVecEnv.
t: 0, State: [[-0.44504812 -0.00209875]], Action: [[-0.999843]], Reward: [-0.0999686],Reward_sum: -0.09996860474348068, Done: [False]
==========
t: 1, State: [[-0.44922984 -0.00418171]], Action: [[-0.9995088]], Reward: [-0.09990178],Reward_sum: -0.19987037777900696, Done: [False]
==========
t: 2, State: [[-0.45546228 -0.00623244]], Action: [[-0.9983893]], Reward: [-0.09967812],Reward_sum: -0.29954850673675537, Done: [False]
==========
t: 3, State: [[-0.46369386 -0.00823159]], Action: [[-0.99445134]], Reward: [-0.09889334],Reward_sum: -0.3984418511390686, Done: [False]
==========
t: 4, State: [[-0.47384167 -0.01014781]], Action: [[-0.97956765]], Reward: [-0.09595527],Reward_sum: -0.4943971335887909, Done: [False]
==========
t: 5, State: [[-0.48574778 -0.01190611]], Action: [[-0.92433596]], Reward: [-0.0854397],Reward_sum: -0.5798368453979492, Done: [False]
==========
t: 6, State: [[-0.49905273 -0.01330496]], Action: [[-0.74371725]], Reward: [-0.05531153],Reward_sum: -0.6351484060287476, Done: [False]
==========
t: 7, State: [[-0.51309943 -0.01404672]], Action: [[-0.3718896]], Reward: [-0.01383019],Reward_sum: -0.6489785313606262, Done: [False]
==========
t: 8, State: [[-0.52771425 -0.01461484]], Action: [[-0.32625443]], Reward: [-0.0106442],Reward_sum: -0.6596227288246155, Done: [False]
==========
t: 9, State: [[-0.54273176 -0.01501751]], Action: [[-0.28902805]], Reward: [-0.00835372],Reward_sum: -0.667976438999176, Done: [False]
==========
t: 10, State: [[-0.5579833  -0.01525155]], Action: [[-0.2516346]], Reward: [-0.006332],Reward_sum: -0.6743084192276001, Done: [False]
==========
t: 11, State: [[-0.57327807 -0.0152948 ]], Action: [[-0.20045567]], Reward: [-0.00401825],Reward_sum: -0.6783266663551331, Done: [False]
==========
t: 12, State: [[-0.5884307  -0.01515265]], Action: [[-0.15270674]], Reward: [-0.00233193],Reward_sum: -0.6806585788726807, Done: [False]
==========
t: 13, State: [[-0.603272   -0.01484132]], Action: [[-0.11457151]], Reward: [-0.00131266],Reward_sum: -0.6819712519645691, Done: [False]
==========
t: 14, State: [[-0.6176507  -0.01437865]], Action: [[-0.08613169]], Reward: [-0.00074187],Reward_sum: -0.6827130913734436, Done: [False]
==========
t: 15, State: [[-0.63143396 -0.01378326]], Action: [[-0.06711841]], Reward: [-0.00045049],Reward_sum: -0.6831636428833008, Done: [False]
==========
t: 16, State: [[-0.64450806 -0.01307408]], Action: [[-0.05703515]], Reward: [-0.0003253],Reward_sum: -0.6834889650344849, Done: [False]
==========
t: 17, State: [[-0.656778   -0.01226989]], Action: [[-0.0552482]], Reward: [-0.00030524],Reward_sum: -0.6837942004203796, Done: [False]
==========
t: 18, State: [[-0.66816694 -0.01138897]], Action: [[-0.06104243]], Reward: [-0.00037262],Reward_sum: -0.6841667890548706, Done: [False]
==========
t: 19, State: [[-0.67854196 -0.01037504]], Action: [[-0.02443868]], Reward: [-5.9724905e-05],Reward_sum: -0.6842265129089355, Done: [False]
==========
t: 20, State: [[-0.6876493  -0.00910734]], Action: [[0.0980171]], Reward: [-0.00096074],Reward_sum: -0.6851872205734253, Done: [False]
==========
t: 21, State: [[-0.6952154  -0.00756612]], Action: [[0.2399385]], Reward: [-0.00575705],Reward_sum: -0.690944254398346, Done: [False]
==========
t: 22, State: [[-0.7009135  -0.00569808]], Action: [[0.42468572]], Reward: [-0.0180358],Reward_sum: -0.7089800238609314, Done: [False]
==========
t: 23, State: [[-0.7044388  -0.00352533]], Action: [[0.6031486]], Reward: [-0.03637882],Reward_sum: -0.745358943939209, Done: [False]
==========
t: 24, State: [[-0.70548236 -0.00104357]], Action: [[0.7940135]], Reward: [-0.06304574],Reward_sum: -0.8084046840667725, Done: [False]
==========
t: 25, State: [[-0.7038446   0.00163773]], Action: [[0.9225805]], Reward: [-0.08511548],Reward_sum: -0.893520176410675, Done: [False]
==========
t: 26, State: [[-0.699444    0.00440058]], Action: [[0.9839542]], Reward: [-0.09681658],Reward_sum: -0.9903367757797241, Done: [False]
==========
t: 27, State: [[-0.69228506  0.00715893]], Action: [[0.99989104]], Reward: [-0.09997821],Reward_sum: -1.0903149843215942, Done: [False]
==========
t: 28, State: [[-0.6824143   0.00987077]], Action: [[0.99999905]], Reward: [-0.09999981],Reward_sum: -1.190314769744873, Done: [False]
==========
t: 29, State: [[-0.66989696  0.01251733]], Action: [[1.]], Reward: [-0.1],Reward_sum: -1.290314793586731, Done: [False]
==========
t: 30, State: [[-0.6548173   0.01507968]], Action: [[1.]], Reward: [-0.1],Reward_sum: -1.3903148174285889, Done: [False]
==========
t: 31, State: [[-0.6372787   0.01753859]], Action: [[1.]], Reward: [-0.1],Reward_sum: -1.4903147220611572, Done: [False]
==========
t: 32, State: [[-0.6174039   0.01987476]], Action: [[1.]], Reward: [-0.1],Reward_sum: -1.5903147459030151, Done: [False]
==========
t: 33, State: [[-0.5953349   0.02206905]], Action: [[1.]], Reward: [-0.1],Reward_sum: -1.690314769744873, Done: [False]
==========
t: 34, State: [[-0.57123196  0.02410293]], Action: [[1.]], Reward: [-0.1],Reward_sum: -1.790314793586731, Done: [False]
==========
t: 35, State: [[-0.545273    0.02595896]], Action: [[1.]], Reward: [-0.1],Reward_sum: -1.8903148174285889, Done: [False]
==========
t: 36, State: [[-0.5176516  0.0276214]], Action: [[1.]], Reward: [-0.1],Reward_sum: -1.9903148412704468, Done: [False]
==========
t: 37, State: [[-0.4885748  0.0290768]], Action: [[1.]], Reward: [-0.1],Reward_sum: -2.0903148651123047, Done: [False]
==========
t: 38, State: [[-0.4582602   0.03031461]], Action: [[1.]], Reward: [-0.1],Reward_sum: -2.190314769744873, Done: [False]
==========
t: 39, State: [[-0.4269325  0.0313277]], Action: [[1.]], Reward: [-0.1],Reward_sum: -2.2903146743774414, Done: [False]
==========
t: 40, State: [[-0.39481968  0.03211282]], Action: [[1.]], Reward: [-0.1],Reward_sum: -2.3903145790100098, Done: [False]
==========
t: 41, State: [[-0.36214885  0.03267083]], Action: [[1.]], Reward: [-0.1],Reward_sum: -2.490314483642578, Done: [False]
==========
t: 42, State: [[-0.3291421   0.03300674]], Action: [[1.]], Reward: [-0.1],Reward_sum: -2.5903143882751465, Done: [False]
==========
t: 43, State: [[-0.29601246  0.03312964]], Action: [[1.]], Reward: [-0.1],Reward_sum: -2.690314292907715, Done: [False]
==========
t: 44, State: [[-0.26296017  0.0330523 ]], Action: [[1.]], Reward: [-0.1],Reward_sum: -2.790314197540283, Done: [False]
==========
t: 45, State: [[-0.23016946  0.0327907 ]], Action: [[1.]], Reward: [-0.1],Reward_sum: -2.8903141021728516, Done: [False]
==========
t: 46, State: [[-0.19780606  0.0323634 ]], Action: [[1.]], Reward: [-0.1],Reward_sum: -2.99031400680542, Done: [False]
==========
t: 47, State: [[-0.16601525  0.03179081]], Action: [[1.]], Reward: [-0.1],Reward_sum: -3.0903146266937256, Done: [False]
==========
t: 48, State: [[-0.13492073  0.03109452]], Action: [[1.]], Reward: [-0.1],Reward_sum: -3.190314531326294, Done: [False]
==========
t: 49, State: [[-0.1046242   0.03029653]], Action: [[1.]], Reward: [-0.1],Reward_sum: -3.2903144359588623, Done: [False]
==========
t: 50, State: [[-0.07520554  0.02941866]], Action: [[1.]], Reward: [-0.1],Reward_sum: -3.3903143405914307, Done: [False]
==========
t: 51, State: [[-0.04672352  0.02848202]], Action: [[1.]], Reward: [-0.1],Reward_sum: -3.490314245223999, Done: [False]
==========
t: 52, State: [[-0.01921698  0.02750654]], Action: [[1.]], Reward: [-0.1],Reward_sum: -3.5903141498565674, Done: [False]
==========
t: 53, State: [[0.00729372 0.0265107 ]], Action: [[1.]], Reward: [-0.1],Reward_sum: -3.6903140544891357, Done: [False]
==========
t: 54, State: [[0.03280502 0.02551129]], Action: [[1.]], Reward: [-0.1],Reward_sum: -3.790313959121704, Done: [False]
==========
t: 55, State: [[0.05732841 0.02452339]], Action: [[1.]], Reward: [-0.1],Reward_sum: -3.8903145790100098, Done: [False]
==========
t: 56, State: [[0.08088869 0.02356027]], Action: [[1.]], Reward: [-0.1],Reward_sum: -3.990314483642578, Done: [False]
==========
t: 57, State: [[0.10352221 0.02263352]], Action: [[1.]], Reward: [-0.1],Reward_sum: -4.0903143882751465, Done: [False]
==========
t: 58, State: [[0.12527533 0.02175312]], Action: [[1.]], Reward: [-0.1],Reward_sum: -4.190314292907715, Done: [False]
==========
t: 59, State: [[0.14620294 0.02092761]], Action: [[1.]], Reward: [-0.1],Reward_sum: -4.290314197540283, Done: [False]
==========
t: 60, State: [[0.16636719 0.02016425]], Action: [[1.]], Reward: [-0.1],Reward_sum: -4.390314102172852, Done: [False]
==========
t: 61, State: [[0.1858364  0.01946922]], Action: [[1.]], Reward: [-0.1],Reward_sum: -4.49031400680542, Done: [False]
==========
t: 62, State: [[0.20468418 0.01884778]], Action: [[1.]], Reward: [-0.1],Reward_sum: -4.590313911437988, Done: [False]
==========
t: 63, State: [[0.22298867 0.01830448]], Action: [[1.]], Reward: [-0.1],Reward_sum: -4.690314769744873, Done: [False]
==========
t: 64, State: [[0.24083199 0.01784332]], Action: [[1.]], Reward: [-0.1],Reward_sum: -4.790314674377441, Done: [False]
==========
t: 65, State: [[0.25829992 0.01746793]], Action: [[1.]], Reward: [-0.1],Reward_sum: -4.89031457901001, Done: [False]
==========
t: 66, State: [[0.2754816 0.0171817]], Action: [[1.]], Reward: [-0.1],Reward_sum: -4.990314483642578, Done: [False]
==========
t: 67, State: [[0.29246956 0.01698796]], Action: [[1.]], Reward: [-0.1],Reward_sum: -5.0903143882751465, Done: [False]
==========
t: 68, State: [[0.30935967 0.0168901 ]], Action: [[1.]], Reward: [-0.1],Reward_sum: -5.190314292907715, Done: [False]
==========
t: 69, State: [[0.32625133 0.01689166]], Action: [[1.]], Reward: [-0.1],Reward_sum: -5.290314197540283, Done: [False]
==========
t: 70, State: [[0.34324786 0.01699652]], Action: [[1.]], Reward: [-0.1],Reward_sum: -5.390314102172852, Done: [False]
==========
t: 71, State: [[0.3604568  0.01720892]], Action: [[1.]], Reward: [-0.1],Reward_sum: -5.490314960479736, Done: [False]
==========
t: 72, State: [[0.37799042 0.01753363]], Action: [[1.]], Reward: [-0.1],Reward_sum: -5.590314865112305, Done: [False]
==========
t: 73, State: [[0.39596638 0.01797596]], Action: [[1.]], Reward: [-0.1],Reward_sum: -5.690314769744873, Done: [False]
==========
t: 74, State: [[0.4145083  0.01854194]], Action: [[1.]], Reward: [-0.1],Reward_sum: -5.790314674377441, Done: [False]
==========
t: 75, State: [[0.4337466  0.01923829]], Action: [[1.]], Reward: [-0.1],Reward_sum: -5.89031457901001, Done: [False]
==========
t: 76, State: [[0.45381913 0.02007253]], Action: [[1.]], Reward: [99.9],Reward_sum: 94.00968933105469, Done: [False]
==========
t: 77, State: [[0.4748721  0.02105299]], Action: [[1.]], Reward: [99.9],Reward_sum: 193.90969848632812, Done: [False]
==========
t: 78, State: [[0.49706095 0.02218884]], Action: [[1.]], Reward: [99.9],Reward_sum: 293.8096923828125, Done: [False]
==========
t: 79, State: [[0.52055097 0.02349002]], Action: [[1.]], Reward: [99.9],Reward_sum: 393.7096862792969, Done: [False]
==========
t: 80, State: [[0.5455181  0.02496716]], Action: [[1.]], Reward: [99.9],Reward_sum: 493.60968017578125, Done: [False]
==========
t: 81, State: [[0.5721495  0.02663144]], Action: [[1.]], Reward: [99.9],Reward_sum: 593.5097045898438, Done: [False]
==========
t: 82, State: [[0.6        0.02849428]], Action: [[1.]], Reward: [99.9],Reward_sum: 693.4097290039062, Done: [False]
==========
t: 83, State: [[0.6        0.03056229]], Action: [[1.]], Reward: [99.9],Reward_sum: 793.3097534179688, Done: [False]
==========
t: 84, State: [[0.6        0.03263029]], Action: [[1.]], Reward: [99.9],Reward_sum: 893.2097778320312, Done: [False]
==========
t: 85, State: [[0.6       0.0346983]], Action: [[1.]], Reward: [99.9],Reward_sum: 993.1098022460938, Done: [False]
==========
t: 86, State: [[0.6        0.03676631]], Action: [[1.]], Reward: [99.9],Reward_sum: 1093.009765625, Done: [False]
==========
t: 87, State: [[0.6        0.03883431]], Action: [[1.]], Reward: [99.9],Reward_sum: 1192.90966796875, Done: [False]
==========
t: 88, State: [[0.6        0.04090232]], Action: [[1.]], Reward: [99.9],Reward_sum: 1292.8096923828125, Done: [False]
==========
t: 89, State: [[0.6        0.04297032]], Action: [[1.]], Reward: [99.9],Reward_sum: 1392.709716796875, Done: [False]
==========
t: 90, State: [[0.6        0.04503833]], Action: [[1.]], Reward: [99.9],Reward_sum: 1492.6097412109375, Done: [False]
==========
t: 91, State: [[0.6        0.04710633]], Action: [[1.]], Reward: [99.9],Reward_sum: 1592.509765625, Done: [False]
==========
t: 92, State: [[0.6        0.04917434]], Action: [[1.]], Reward: [99.9],Reward_sum: 1692.4097900390625, Done: [False]
==========
t: 93, State: [[0.6        0.05124234]], Action: [[1.]], Reward: [99.9],Reward_sum: 1792.309814453125, Done: [False]
==========
t: 94, State: [[0.6        0.05331035]], Action: [[1.]], Reward: [99.9],Reward_sum: 1892.2098388671875, Done: [False]
==========
t: 95, State: [[0.6        0.05537836]], Action: [[1.]], Reward: [99.9],Reward_sum: 1992.109619140625, Done: [False]
==========
t: 96, State: [[0.6        0.05744636]], Action: [[1.]], Reward: [99.9],Reward_sum: 2092.009521484375, Done: [False]
==========
t: 97, State: [[0.6        0.05951437]], Action: [[1.]], Reward: [99.9],Reward_sum: 2191.909423828125, Done: [False]
==========
t: 98, State: [[0.6        0.06158237]], Action: [[1.]], Reward: [99.9],Reward_sum: 2291.809326171875, Done: [False]
==========
t: 99, State: [[0.6        0.06365038]], Action: [[1.]], Reward: [99.9],Reward_sum: 2391.709228515625, Done: [False]
==========
t: 100, State: [[0.6        0.06571838]], Action: [[1.]], Reward: [99.9],Reward_sum: 2491.609130859375, Done: [False]
==========
t: 101, State: [[0.6        0.06778639]], Action: [[1.]], Reward: [99.9],Reward_sum: 2591.509033203125, Done: [False]
==========
t: 102, State: [[0.6        0.06985439]], Action: [[1.]], Reward: [99.9],Reward_sum: 2691.408935546875, Done: [False]
==========
t: 103, State: [[0.6  0.07]], Action: [[1.]], Reward: [99.9],Reward_sum: 2791.3095703125, Done: [False]
==========
t: 104, State: [[0.6  0.07]], Action: [[1.]], Reward: [99.9],Reward_sum: 2891.20947265625, Done: [False]
==========
t: 105, State: [[0.6  0.07]], Action: [[1.]], Reward: [99.9],Reward_sum: 2991.109375, Done: [False]
==========
t: 106, State: [[0.6  0.07]], Action: [[1.]], Reward: [99.9],Reward_sum: 3091.00927734375, Done: [False]
==========
t: 107, State: [[0.6  0.07]], Action: [[1.]], Reward: [99.9],Reward_sum: 3190.9091796875, Done: [False]
==========
t: 108, State: [[0.6  0.07]], Action: [[1.]], Reward: [99.9],Reward_sum: 3290.80908203125, Done: [False]
==========
t: 109, State: [[0.6  0.07]], Action: [[1.]], Reward: [99.9],Reward_sum: 3390.708984375, Done: [False]
==========
t: 110, State: [[0.6  0.07]], Action: [[1.]], Reward: [99.9],Reward_sum: 3490.60888671875, Done: [False]
==========
t: 111, State: [[0.6  0.07]], Action: [[1.]], Reward: [99.9],Reward_sum: 3590.509765625, Done: [False]
==========
t: 112, State: [[0.6  0.07]], Action: [[1.]], Reward: [99.9],Reward_sum: 3690.40966796875, Done: [False]
==========
t: 113, State: [[0.6  0.07]], Action: [[1.]], Reward: [99.9],Reward_sum: 3790.3095703125, Done: [False]
==========
t: 114, State: [[0.6  0.07]], Action: [[1.]], Reward: [99.9],Reward_sum: 3890.20947265625, Done: [False]
==========
t: 115, State: [[0.6  0.07]], Action: [[1.]], Reward: [99.9],Reward_sum: 3990.109375, Done: [False]
==========
t: 116, State: [[0.6  0.07]], Action: [[1.]], Reward: [99.9],Reward_sum: 4090.00927734375, Done: [False]
==========
t: 117, State: [[0.6  0.07]], Action: [[1.]], Reward: [99.9],Reward_sum: 4189.9091796875, Done: [False]
==========
t: 118, State: [[0.6  0.07]], Action: [[1.]], Reward: [99.9],Reward_sum: 4289.80908203125, Done: [False]
==========
t: 119, State: [[0.6  0.07]], Action: [[1.]], Reward: [99.9],Reward_sum: 4389.70947265625, Done: [False]
==========
t: 120, State: [[0.6  0.07]], Action: [[1.]], Reward: [99.9],Reward_sum: 4489.609375, Done: [False]
==========
t: 121, State: [[0.6  0.07]], Action: [[1.]], Reward: [99.9],Reward_sum: 4589.50927734375, Done: [False]
==========
t: 122, State: [[0.6  0.07]], Action: [[1.]], Reward: [99.9],Reward_sum: 4689.4091796875, Done: [False]
==========
t: 123, State: [[0.6  0.07]], Action: [[1.]], Reward: [99.9],Reward_sum: 4789.30908203125, Done: [False]
==========
t: 124, State: [[0.6  0.07]], Action: [[1.]], Reward: [99.9],Reward_sum: 4889.208984375, Done: [False]
==========
t: 125, State: [[0.6  0.07]], Action: [[1.]], Reward: [99.9],Reward_sum: 4989.10888671875, Done: [False]
==========
t: 126, State: [[0.6  0.07]], Action: [[1.]], Reward: [99.9],Reward_sum: 5089.0087890625, Done: [False]
==========
t: 127, State: [[0.6  0.07]], Action: [[1.]], Reward: [99.9],Reward_sum: 5188.90966796875, Done: [False]
==========
t: 128, State: [[0.6  0.07]], Action: [[1.]], Reward: [99.9],Reward_sum: 5288.8095703125, Done: [False]
==========
t: 129, State: [[0.6  0.07]], Action: [[1.]], Reward: [99.9],Reward_sum: 5388.70947265625, Done: [False]
==========
t: 130, State: [[0.6  0.07]], Action: [[1.]], Reward: [99.9],Reward_sum: 5488.609375, Done: [False]
==========
t: 131, State: [[0.6  0.07]], Action: [[1.]], Reward: [99.9],Reward_sum: 5588.50927734375, Done: [False]
==========
t: 132, State: [[0.6  0.07]], Action: [[1.]], Reward: [99.9],Reward_sum: 5688.4091796875, Done: [False]
==========
t: 133, State: [[0.6  0.07]], Action: [[1.]], Reward: [99.9],Reward_sum: 5788.30908203125, Done: [False]
==========
t: 134, State: [[0.6  0.07]], Action: [[1.]], Reward: [99.9],Reward_sum: 5888.208984375, Done: [False]
==========
t: 135, State: [[0.6  0.07]], Action: [[1.]], Reward: [99.9],Reward_sum: 5988.10986328125, Done: [False]
==========
t: 136, State: [[0.6  0.07]], Action: [[1.]], Reward: [99.9],Reward_sum: 6088.009765625, Done: [False]
==========
t: 137, State: [[0.6  0.07]], Action: [[1.]], Reward: [99.9],Reward_sum: 6187.90966796875, Done: [False]
==========
t: 138, State: [[0.6  0.07]], Action: [[1.]], Reward: [99.9],Reward_sum: 6287.8095703125, Done: [False]
==========
t: 139, State: [[0.6  0.07]], Action: [[1.]], Reward: [99.9],Reward_sum: 6387.70947265625, Done: [False]
==========
t: 140, State: [[0.6  0.07]], Action: [[1.]], Reward: [99.9],Reward_sum: 6487.609375, Done: [False]
==========
t: 141, State: [[0.6  0.07]], Action: [[1.]], Reward: [99.9],Reward_sum: 6587.50927734375, Done: [False]
==========
t: 142, State: [[0.6  0.07]], Action: [[1.]], Reward: [99.9],Reward_sum: 6687.4091796875, Done: [False]
==========
t: 143, State: [[0.6  0.07]], Action: [[1.]], Reward: [99.9],Reward_sum: 6787.310546875, Done: [False]
==========
t: 144, State: [[0.6  0.07]], Action: [[1.]], Reward: [99.9],Reward_sum: 6887.21044921875, Done: [False]
==========
t: 145, State: [[0.6  0.07]], Action: [[1.]], Reward: [99.9],Reward_sum: 6987.1103515625, Done: [False]
==========
t: 146, State: [[0.6  0.07]], Action: [[1.]], Reward: [99.9],Reward_sum: 7087.01025390625, Done: [False]
==========
t: 147, State: [[0.6  0.07]], Action: [[1.]], Reward: [99.9],Reward_sum: 7186.91015625, Done: [False]
==========
t: 148, State: [[0.6  0.07]], Action: [[1.]], Reward: [99.9],Reward_sum: 7286.81005859375, Done: [False]
==========
t: 149, State: [[0.6  0.07]], Action: [[1.]], Reward: [99.9],Reward_sum: 7386.7099609375, Done: [False]
==========
t: 150, State: [[0.6  0.07]], Action: [[1.]], Reward: [99.9],Reward_sum: 7486.60986328125, Done: [False]
==========
t: 151, State: [[0.6  0.07]], Action: [[1.]], Reward: [99.9],Reward_sum: 7586.5107421875, Done: [False]
==========
t: 152, State: [[0.6  0.07]], Action: [[1.]], Reward: [99.9],Reward_sum: 7686.41064453125, Done: [False]
==========
t: 153, State: [[0.6  0.07]], Action: [[1.]], Reward: [99.9],Reward_sum: 7786.310546875, Done: [False]
==========
t: 154, State: [[0.6  0.07]], Action: [[1.]], Reward: [99.9],Reward_sum: 7886.21044921875, Done: [False]
==========
t: 155, State: [[0.6  0.07]], Action: [[1.]], Reward: [99.9],Reward_sum: 7986.1103515625, Done: [False]
==========
t: 156, State: [[0.6  0.07]], Action: [[1.]], Reward: [99.9],Reward_sum: 8086.01025390625, Done: [False]
==========
t: 157, State: [[0.6  0.07]], Action: [[1.]], Reward: [99.9],Reward_sum: 8185.91015625, Done: [False]
==========
t: 158, State: [[0.6  0.07]], Action: [[1.]], Reward: [99.9],Reward_sum: 8285.810546875, Done: [False]
==========
t: 159, State: [[0.6  0.07]], Action: [[1.]], Reward: [99.9],Reward_sum: 8385.7109375, Done: [False]
==========
t: 160, State: [[0.6  0.07]], Action: [[1.]], Reward: [99.9],Reward_sum: 8485.6103515625, Done: [False]
==========
t: 161, State: [[0.6  0.07]], Action: [[1.]], Reward: [99.9],Reward_sum: 8585.5107421875, Done: [False]
==========
t: 162, State: [[0.6  0.07]], Action: [[1.]], Reward: [99.9],Reward_sum: 8685.4111328125, Done: [False]
==========
t: 163, State: [[0.6  0.07]], Action: [[1.]], Reward: [99.9],Reward_sum: 8785.3115234375, Done: [False]
==========
t: 164, State: [[0.6  0.07]], Action: [[1.]], Reward: [99.9],Reward_sum: 8885.2119140625, Done: [False]
==========
t: 165, State: [[0.6  0.07]], Action: [[1.]], Reward: [99.9],Reward_sum: 8985.1123046875, Done: [False]
==========
t: 166, State: [[0.6  0.07]], Action: [[1.]], Reward: [99.9],Reward_sum: 9085.0126953125, Done: [False]
==========
t: 167, State: [[0.6  0.07]], Action: [[1.]], Reward: [99.9],Reward_sum: 9184.9111328125, Done: [False]
==========
t: 168, State: [[0.6  0.07]], Action: [[1.]], Reward: [99.9],Reward_sum: 9284.8115234375, Done: [False]
==========
t: 169, State: [[0.6  0.07]], Action: [[1.]], Reward: [99.9],Reward_sum: 9384.7119140625, Done: [False]
==========
t: 170, State: [[0.6  0.07]], Action: [[1.]], Reward: [99.9],Reward_sum: 9484.6123046875, Done: [False]
==========
t: 171, State: [[0.6  0.07]], Action: [[1.]], Reward: [99.9],Reward_sum: 9584.5126953125, Done: [False]
==========
t: 172, State: [[0.6  0.07]], Action: [[1.]], Reward: [99.9],Reward_sum: 9684.4130859375, Done: [False]
==========
t: 173, State: [[0.6  0.07]], Action: [[1.]], Reward: [99.9],Reward_sum: 9784.3134765625, Done: [False]
==========
t: 174, State: [[0.6  0.07]], Action: [[1.]], Reward: [99.9],Reward_sum: 9884.2138671875, Done: [False]
==========
t: 175, State: [[0.6  0.07]], Action: [[1.]], Reward: [99.9],Reward_sum: 9984.111328125, Done: [False]
==========
t: 176, State: [[0.6  0.07]], Action: [[1.]], Reward: [99.9],Reward_sum: 10084.01171875, Done: [False]
==========
t: 177, State: [[0.6  0.07]], Action: [[1.]], Reward: [99.9],Reward_sum: 10183.912109375, Done: [False]
==========
t: 178, State: [[0.6  0.07]], Action: [[1.]], Reward: [99.9],Reward_sum: 10283.8125, Done: [False]
==========
t: 179, State: [[0.6  0.07]], Action: [[1.]], Reward: [99.9],Reward_sum: 10383.712890625, Done: [False]
==========
t: 180, State: [[0.6  0.07]], Action: [[1.]], Reward: [99.9],Reward_sum: 10483.61328125, Done: [False]
==========
t: 181, State: [[0.6  0.07]], Action: [[1.]], Reward: [99.9],Reward_sum: 10583.513671875, Done: [False]
==========
t: 182, State: [[0.6  0.07]], Action: [[1.]], Reward: [99.9],Reward_sum: 10683.4140625, Done: [False]
==========
t: 183, State: [[0.6  0.07]], Action: [[1.]], Reward: [99.9],Reward_sum: 10783.310546875, Done: [False]
==========
t: 184, State: [[0.6  0.07]], Action: [[1.]], Reward: [99.9],Reward_sum: 10883.2109375, Done: [False]
==========
t: 185, State: [[0.6  0.07]], Action: [[1.]], Reward: [99.9],Reward_sum: 10983.111328125, Done: [False]
==========
t: 186, State: [[0.6  0.07]], Action: [[1.]], Reward: [99.9],Reward_sum: 11083.01171875, Done: [False]
==========
t: 187, State: [[0.6  0.07]], Action: [[1.]], Reward: [99.9],Reward_sum: 11182.912109375, Done: [False]
==========
t: 188, State: [[0.6  0.07]], Action: [[1.]], Reward: [99.9],Reward_sum: 11282.8125, Done: [False]
==========
t: 189, State: [[0.6  0.07]], Action: [[1.]], Reward: [99.9],Reward_sum: 11382.712890625, Done: [False]
==========
t: 190, State: [[0.6  0.07]], Action: [[1.]], Reward: [99.9],Reward_sum: 11482.61328125, Done: [False]
==========
t: 191, State: [[0.6  0.07]], Action: [[1.]], Reward: [99.9],Reward_sum: 11582.5107421875, Done: [False]
==========
t: 192, State: [[0.6  0.07]], Action: [[1.]], Reward: [99.9],Reward_sum: 11682.4111328125, Done: [False]
==========
t: 193, State: [[0.6  0.07]], Action: [[1.]], Reward: [99.9],Reward_sum: 11782.3115234375, Done: [False]
==========
t: 194, State: [[0.6  0.07]], Action: [[1.]], Reward: [99.9],Reward_sum: 11882.2119140625, Done: [False]
==========
t: 195, State: [[0.6  0.07]], Action: [[1.]], Reward: [99.9],Reward_sum: 11982.1123046875, Done: [False]
==========
t: 196, State: [[0.6  0.07]], Action: [[1.]], Reward: [99.9],Reward_sum: 12082.0126953125, Done: [False]
==========
t: 197, State: [[0.6  0.07]], Action: [[1.]], Reward: [99.9],Reward_sum: 12181.9130859375, Done: [False]
==========
t: 198, State: [[0.6  0.07]], Action: [[1.]], Reward: [99.9],Reward_sum: 12281.8134765625, Done: [False]
==========
t: 199, State: [[0.6  0.07]], Action: [[1.]], Reward: [99.9],Reward_sum: 12381.7109375, Done: [False]
==========
t: 200, State: [[0.6  0.07]], Action: [[1.]], Reward: [99.9],Reward_sum: 12481.611328125, Done: [False]
==========
t: 201, State: [[0.6  0.07]], Action: [[1.]], Reward: [99.9],Reward_sum: 12581.51171875, Done: [False]
==========
t: 202, State: [[0.6  0.07]], Action: [[1.]], Reward: [99.9],Reward_sum: 12681.412109375, Done: [False]
==========
t: 203, State: [[0.6  0.07]], Action: [[1.]], Reward: [99.9],Reward_sum: 12781.3125, Done: [False]
==========
t: 204, State: [[0.6  0.07]], Action: [[1.]], Reward: [99.9],Reward_sum: 12881.212890625, Done: [False]
==========
t: 205, State: [[0.6  0.07]], Action: [[1.]], Reward: [99.9],Reward_sum: 12981.11328125, Done: [False]
==========
t: 206, State: [[0.6  0.07]], Action: [[1.]], Reward: [99.9],Reward_sum: 13081.013671875, Done: [False]
==========
t: 207, State: [[0.6  0.07]], Action: [[1.]], Reward: [99.9],Reward_sum: 13180.9111328125, Done: [False]
==========
t: 208, State: [[0.6  0.07]], Action: [[1.]], Reward: [99.9],Reward_sum: 13280.8115234375, Done: [False]
==========
t: 209, State: [[0.6  0.07]], Action: [[1.]], Reward: [99.9],Reward_sum: 13380.7119140625, Done: [False]
==========
t: 210, State: [[0.6  0.07]], Action: [[1.]], Reward: [99.9],Reward_sum: 13480.6123046875, Done: [False]
==========
t: 211, State: [[0.6  0.07]], Action: [[1.]], Reward: [99.9],Reward_sum: 13580.5126953125, Done: [False]
==========
t: 212, State: [[0.6  0.07]], Action: [[1.]], Reward: [99.9],Reward_sum: 13680.4130859375, Done: [False]
==========
t: 213, State: [[0.6  0.07]], Action: [[1.]], Reward: [99.9],Reward_sum: 13780.3134765625, Done: [False]
==========
t: 214, State: [[0.6  0.07]], Action: [[1.]], Reward: [99.9],Reward_sum: 13880.2138671875, Done: [False]
==========
t: 215, State: [[0.6  0.07]], Action: [[1.]], Reward: [99.9],Reward_sum: 13980.111328125, Done: [False]
==========
t: 216, State: [[0.6  0.07]], Action: [[1.]], Reward: [99.9],Reward_sum: 14080.01171875, Done: [False]
==========
t: 217, State: [[0.6  0.07]], Action: [[1.]], Reward: [99.9],Reward_sum: 14179.912109375, Done: [False]
==========
t: 218, State: [[0.6  0.07]], Action: [[1.]], Reward: [99.9],Reward_sum: 14279.8125, Done: [False]
==========
t: 219, State: [[0.6  0.07]], Action: [[1.]], Reward: [99.9],Reward_sum: 14379.712890625, Done: [False]
==========
t: 220, State: [[0.6  0.07]], Action: [[1.]], Reward: [99.9],Reward_sum: 14479.61328125, Done: [False]
==========
t: 221, State: [[0.6  0.07]], Action: [[1.]], Reward: [99.9],Reward_sum: 14579.513671875, Done: [False]
==========
t: 222, State: [[0.6  0.07]], Action: [[1.]], Reward: [99.9],Reward_sum: 14679.4140625, Done: [False]
==========
t: 223, State: [[0.6  0.07]], Action: [[1.]], Reward: [99.9],Reward_sum: 14779.3115234375, Done: [False]
==========
t: 224, State: [[0.6  0.07]], Action: [[1.]], Reward: [99.9],Reward_sum: 14879.2119140625, Done: [False]
==========
t: 225, State: [[0.6  0.07]], Action: [[1.]], Reward: [99.9],Reward_sum: 14979.1123046875, Done: [False]
==========
t: 226, State: [[0.6  0.07]], Action: [[1.]], Reward: [99.9],Reward_sum: 15079.0126953125, Done: [False]
==========
t: 227, State: [[0.6  0.07]], Action: [[1.]], Reward: [99.9],Reward_sum: 15178.9130859375, Done: [False]
==========
t: 228, State: [[0.6  0.07]], Action: [[1.]], Reward: [99.9],Reward_sum: 15278.8134765625, Done: [False]
==========
t: 229, State: [[0.6  0.07]], Action: [[1.]], Reward: [99.9],Reward_sum: 15378.7138671875, Done: [False]
==========
t: 230, State: [[0.6  0.07]], Action: [[1.]], Reward: [99.9],Reward_sum: 15478.6142578125, Done: [False]
==========
t: 231, State: [[0.6  0.07]], Action: [[1.]], Reward: [99.9],Reward_sum: 15578.51171875, Done: [False]
==========
t: 232, State: [[0.6  0.07]], Action: [[1.]], Reward: [99.9],Reward_sum: 15678.412109375, Done: [False]
==========
t: 233, State: [[0.6  0.07]], Action: [[1.]], Reward: [99.9],Reward_sum: 15778.3125, Done: [False]
==========
t: 234, State: [[0.6  0.07]], Action: [[1.]], Reward: [99.9],Reward_sum: 15878.212890625, Done: [False]
==========
t: 235, State: [[0.6  0.07]], Action: [[1.]], Reward: [99.9],Reward_sum: 15978.11328125, Done: [False]
==========
t: 236, State: [[0.6  0.07]], Action: [[1.]], Reward: [99.9],Reward_sum: 16078.013671875, Done: [False]
==========
t: 237, State: [[0.6  0.07]], Action: [[1.]], Reward: [99.9],Reward_sum: 16177.9140625, Done: [False]
==========
t: 238, State: [[0.6  0.07]], Action: [[1.]], Reward: [99.9],Reward_sum: 16277.814453125, Done: [False]
==========
t: 239, State: [[0.6  0.07]], Action: [[1.]], Reward: [99.9],Reward_sum: 16377.7109375, Done: [False]
==========
t: 240, State: [[0.6  0.07]], Action: [[1.]], Reward: [99.9],Reward_sum: 16477.611328125, Done: [False]
==========
t: 241, State: [[0.6  0.07]], Action: [[1.]], Reward: [99.9],Reward_sum: 16577.51171875, Done: [False]
==========
t: 242, State: [[0.6  0.07]], Action: [[1.]], Reward: [99.9],Reward_sum: 16677.412109375, Done: [False]
==========
t: 243, State: [[0.6  0.07]], Action: [[1.]], Reward: [99.9],Reward_sum: 16777.3125, Done: [False]
==========
t: 244, State: [[0.6  0.07]], Action: [[1.]], Reward: [99.9],Reward_sum: 16877.212890625, Done: [False]
==========
t: 245, State: [[0.6  0.07]], Action: [[1.]], Reward: [99.9],Reward_sum: 16977.11328125, Done: [False]
==========
t: 246, State: [[0.6  0.07]], Action: [[1.]], Reward: [99.9],Reward_sum: 17077.013671875, Done: [False]
==========
t: 247, State: [[0.6  0.07]], Action: [[1.]], Reward: [99.9],Reward_sum: 17176.912109375, Done: [False]
==========
t: 248, State: [[0.6  0.07]], Action: [[1.]], Reward: [99.9],Reward_sum: 17276.810546875, Done: [False]
==========
t: 249, State: [[0.6  0.07]], Action: [[1.]], Reward: [99.9],Reward_sum: 17376.7109375, Done: [False]
==========
t: 250, State: [[0.6  0.07]], Action: [[1.]], Reward: [99.9],Reward_sum: 17476.609375, Done: [False]
==========
t: 251, State: [[0.6  0.07]], Action: [[1.]], Reward: [99.9],Reward_sum: 17576.509765625, Done: [False]
==========
t: 252, State: [[0.6  0.07]], Action: [[1.]], Reward: [99.9],Reward_sum: 17676.41015625, Done: [False]
==========
t: 253, State: [[0.6  0.07]], Action: [[1.]], Reward: [99.9],Reward_sum: 17776.310546875, Done: [False]
==========
t: 254, State: [[0.6  0.07]], Action: [[1.]], Reward: [99.9],Reward_sum: 17876.208984375, Done: [False]
==========
t: 255, State: [[0.6  0.07]], Action: [[1.]], Reward: [99.9],Reward_sum: 17976.111328125, Done: [False]
==========
t: 256, State: [[0.6  0.07]], Action: [[1.]], Reward: [99.9],Reward_sum: 18076.01171875, Done: [False]
==========
t: 257, State: [[0.6  0.07]], Action: [[1.]], Reward: [99.9],Reward_sum: 18175.91015625, Done: [False]
==========
t: 258, State: [[0.6  0.07]], Action: [[1.]], Reward: [99.9],Reward_sum: 18275.810546875, Done: [False]
==========
t: 259, State: [[0.6  0.07]], Action: [[1.]], Reward: [99.9],Reward_sum: 18375.7109375, Done: [False]
==========
t: 260, State: [[0.6  0.07]], Action: [[1.]], Reward: [99.9],Reward_sum: 18475.611328125, Done: [False]
==========
t: 261, State: [[0.6  0.07]], Action: [[1.]], Reward: [99.9],Reward_sum: 18575.509765625, Done: [False]
==========
t: 262, State: [[0.6  0.07]], Action: [[1.]], Reward: [99.9],Reward_sum: 18675.41015625, Done: [False]
==========
t: 263, State: [[0.6  0.07]], Action: [[1.]], Reward: [99.9],Reward_sum: 18775.310546875, Done: [False]
==========
t: 264, State: [[0.6  0.07]], Action: [[1.]], Reward: [99.9],Reward_sum: 18875.2109375, Done: [False]
==========
t: 265, State: [[0.6  0.07]], Action: [[1.]], Reward: [99.9],Reward_sum: 18975.111328125, Done: [False]
==========
t: 266, State: [[0.6  0.07]], Action: [[1.]], Reward: [99.9],Reward_sum: 19075.01171875, Done: [False]
==========
t: 267, State: [[0.6  0.07]], Action: [[1.]], Reward: [99.9],Reward_sum: 19174.91015625, Done: [False]
==========
t: 268, State: [[0.6  0.07]], Action: [[1.]], Reward: [99.9],Reward_sum: 19274.810546875, Done: [False]
==========
t: 269, State: [[0.6  0.07]], Action: [[1.]], Reward: [99.9],Reward_sum: 19374.7109375, Done: [False]
==========
t: 270, State: [[0.6  0.07]], Action: [[1.]], Reward: [99.9],Reward_sum: 19474.611328125, Done: [False]
==========
t: 271, State: [[0.6  0.07]], Action: [[1.]], Reward: [99.9],Reward_sum: 19574.51171875, Done: [False]
==========
t: 272, State: [[0.6  0.07]], Action: [[1.]], Reward: [99.9],Reward_sum: 19674.41015625, Done: [False]
==========
t: 273, State: [[0.6  0.07]], Action: [[1.]], Reward: [99.9],Reward_sum: 19774.310546875, Done: [False]
==========
t: 274, State: [[0.6  0.07]], Action: [[1.]], Reward: [99.9],Reward_sum: 19874.2109375, Done: [False]
==========
t: 275, State: [[0.6  0.07]], Action: [[1.]], Reward: [99.9],Reward_sum: 19974.111328125, Done: [False]
==========
t: 276, State: [[0.6  0.07]], Action: [[1.]], Reward: [99.9],Reward_sum: 20074.009765625, Done: [False]
==========
t: 277, State: [[0.6  0.07]], Action: [[1.]], Reward: [99.9],Reward_sum: 20173.91015625, Done: [False]
==========
t: 278, State: [[0.6  0.07]], Action: [[1.]], Reward: [99.9],Reward_sum: 20273.810546875, Done: [False]
==========
t: 279, State: [[0.6  0.07]], Action: [[1.]], Reward: [99.9],Reward_sum: 20373.7109375, Done: [False]
==========
t: 280, State: [[0.6  0.07]], Action: [[1.]], Reward: [99.9],Reward_sum: 20473.611328125, Done: [False]
==========
t: 281, State: [[0.6  0.07]], Action: [[1.]], Reward: [99.9],Reward_sum: 20573.51171875, Done: [False]
==========
t: 282, State: [[0.6  0.07]], Action: [[1.]], Reward: [99.9],Reward_sum: 20673.41015625, Done: [False]
==========
t: 283, State: [[0.6  0.07]], Action: [[1.]], Reward: [99.9],Reward_sum: 20773.310546875, Done: [False]
==========
t: 284, State: [[0.6  0.07]], Action: [[1.]], Reward: [99.9],Reward_sum: 20873.2109375, Done: [False]
==========
t: 285, State: [[0.6  0.07]], Action: [[1.]], Reward: [99.9],Reward_sum: 20973.111328125, Done: [False]
==========
t: 286, State: [[0.6  0.07]], Action: [[1.]], Reward: [99.9],Reward_sum: 21073.009765625, Done: [False]
==========
t: 287, State: [[0.6  0.07]], Action: [[1.]], Reward: [99.9],Reward_sum: 21172.912109375, Done: [False]
==========
t: 288, State: [[0.6  0.07]], Action: [[1.]], Reward: [99.9],Reward_sum: 21272.8125, Done: [False]
==========
t: 289, State: [[0.6  0.07]], Action: [[1.]], Reward: [99.9],Reward_sum: 21372.7109375, Done: [False]
==========
t: 290, State: [[0.6  0.07]], Action: [[1.]], Reward: [99.9],Reward_sum: 21472.611328125, Done: [False]
==========
t: 291, State: [[0.6  0.07]], Action: [[1.]], Reward: [99.9],Reward_sum: 21572.51171875, Done: [False]
==========
t: 292, State: [[0.6  0.07]], Action: [[1.]], Reward: [99.9],Reward_sum: 21672.412109375, Done: [False]
==========
t: 293, State: [[0.6  0.07]], Action: [[1.]], Reward: [99.9],Reward_sum: 21772.3125, Done: [False]
==========
t: 294, State: [[0.6  0.07]], Action: [[1.]], Reward: [99.9],Reward_sum: 21872.2109375, Done: [False]
==========
t: 295, State: [[0.6  0.07]], Action: [[1.]], Reward: [99.9],Reward_sum: 21972.11328125, Done: [False]
==========
t: 296, State: [[0.6  0.07]], Action: [[1.]], Reward: [99.9],Reward_sum: 22072.01171875, Done: [False]
==========
t: 297, State: [[0.6  0.07]], Action: [[1.]], Reward: [99.9],Reward_sum: 22171.912109375, Done: [False]
==========
t: 298, State: [[0.6  0.07]], Action: [[1.]], Reward: [99.9],Reward_sum: 22271.8125, Done: [False]
==========
t: 299, State: [[0.6  0.07]], Action: [[1.]], Reward: [99.9],Reward_sum: 22371.712890625, Done: [False]
==========
t: 300, State: [[0.6  0.07]], Action: [[1.]], Reward: [99.9],Reward_sum: 22471.61328125, Done: [False]
==========
t: 301, State: [[0.6  0.07]], Action: [[1.]], Reward: [99.9],Reward_sum: 22571.513671875, Done: [False]
==========
t: 302, State: [[0.6  0.07]], Action: [[1.]], Reward: [99.9],Reward_sum: 22671.4140625, Done: [False]
==========
t: 303, State: [[0.6  0.07]], Action: [[1.]], Reward: [99.9],Reward_sum: 22771.3125, Done: [False]
==========
t: 304, State: [[0.6  0.07]], Action: [[1.]], Reward: [99.9],Reward_sum: 22871.2109375, Done: [False]
==========
t: 305, State: [[0.6  0.07]], Action: [[1.]], Reward: [99.9],Reward_sum: 22971.11328125, Done: [False]
==========
t: 306, State: [[0.6  0.07]], Action: [[1.]], Reward: [99.9],Reward_sum: 23071.01171875, Done: [False]
==========
t: 307, State: [[0.6  0.07]], Action: [[1.]], Reward: [99.9],Reward_sum: 23170.9140625, Done: [False]
==========
t: 308, State: [[0.6  0.07]], Action: [[1.]], Reward: [99.9],Reward_sum: 23270.8125, Done: [False]
==========
t: 309, State: [[0.6  0.07]], Action: [[1.]], Reward: [99.9],Reward_sum: 23370.71484375, Done: [False]
==========
t: 310, State: [[0.6  0.07]], Action: [[1.]], Reward: [99.9],Reward_sum: 23470.61328125, Done: [False]
==========
t: 311, State: [[0.6  0.07]], Action: [[1.]], Reward: [99.9],Reward_sum: 23570.51171875, Done: [False]
==========
t: 312, State: [[0.6  0.07]], Action: [[1.]], Reward: [99.9],Reward_sum: 23670.4140625, Done: [False]
==========
t: 313, State: [[0.6  0.07]], Action: [[1.]], Reward: [99.9],Reward_sum: 23770.3125, Done: [False]
==========
t: 314, State: [[0.6  0.07]], Action: [[1.]], Reward: [99.9],Reward_sum: 23870.212890625, Done: [False]
==========
t: 315, State: [[0.6  0.07]], Action: [[1.]], Reward: [99.9],Reward_sum: 23970.11328125, Done: [False]
==========
t: 316, State: [[0.6  0.07]], Action: [[1.]], Reward: [99.9],Reward_sum: 24070.015625, Done: [False]
==========
t: 317, State: [[0.6  0.07]], Action: [[1.]], Reward: [99.9],Reward_sum: 24169.9140625, Done: [False]
==========
t: 318, State: [[0.6  0.07]], Action: [[1.]], Reward: [99.9],Reward_sum: 24269.81640625, Done: [False]
==========
t: 319, State: [[0.6  0.07]], Action: [[1.]], Reward: [99.9],Reward_sum: 24369.712890625, Done: [False]
==========
t: 320, State: [[0.6  0.07]], Action: [[1.]], Reward: [99.9],Reward_sum: 24469.61328125, Done: [False]
==========
t: 321, State: [[0.6  0.07]], Action: [[1.]], Reward: [99.9],Reward_sum: 24569.51171875, Done: [False]
==========
t: 322, State: [[0.6  0.07]], Action: [[1.]], Reward: [99.9],Reward_sum: 24669.4140625, Done: [False]
==========
t: 323, State: [[0.6  0.07]], Action: [[1.]], Reward: [99.9],Reward_sum: 24769.3125, Done: [False]
==========
t: 324, State: [[0.6  0.07]], Action: [[1.]], Reward: [99.9],Reward_sum: 24869.21484375, Done: [False]
==========
t: 325, State: [[0.6  0.07]], Action: [[1.]], Reward: [99.9],Reward_sum: 24969.11328125, Done: [False]
==========
t: 326, State: [[0.6  0.07]], Action: [[1.]], Reward: [99.9],Reward_sum: 25069.015625, Done: [False]
==========
t: 327, State: [[0.6  0.07]], Action: [[1.]], Reward: [99.9],Reward_sum: 25168.9140625, Done: [False]
==========
t: 328, State: [[0.6  0.07]], Action: [[1.]], Reward: [99.9],Reward_sum: 25268.8125, Done: [False]
==========
t: 329, State: [[0.6  0.07]], Action: [[1.]], Reward: [99.9],Reward_sum: 25368.71484375, Done: [False]
==========
t: 330, State: [[0.6  0.07]], Action: [[1.]], Reward: [99.9],Reward_sum: 25468.61328125, Done: [False]
==========
t: 331, State: [[0.6  0.07]], Action: [[1.]], Reward: [99.9],Reward_sum: 25568.515625, Done: [False]
==========
t: 332, State: [[0.6  0.07]], Action: [[1.]], Reward: [99.9],Reward_sum: 25668.4140625, Done: [False]
==========
t: 333, State: [[0.6  0.07]], Action: [[1.]], Reward: [99.9],Reward_sum: 25768.31640625, Done: [False]
==========
t: 334, State: [[0.6  0.07]], Action: [[1.]], Reward: [99.9],Reward_sum: 25868.21484375, Done: [False]
==========
t: 335, State: [[0.6  0.07]], Action: [[1.]], Reward: [99.9],Reward_sum: 25968.11328125, Done: [False]
==========
t: 336, State: [[0.6  0.07]], Action: [[1.]], Reward: [99.9],Reward_sum: 26068.01171875, Done: [False]
==========
t: 337, State: [[0.6  0.07]], Action: [[1.]], Reward: [99.9],Reward_sum: 26167.9140625, Done: [False]
==========
t: 338, State: [[0.6  0.07]], Action: [[1.]], Reward: [99.9],Reward_sum: 26267.8125, Done: [False]
==========
t: 339, State: [[0.6  0.07]], Action: [[1.]], Reward: [99.9],Reward_sum: 26367.71484375, Done: [False]
==========
t: 340, State: [[0.6  0.07]], Action: [[1.]], Reward: [99.9],Reward_sum: 26467.61328125, Done: [False]
==========
t: 341, State: [[0.6  0.07]], Action: [[1.]], Reward: [99.9],Reward_sum: 26567.515625, Done: [False]
==========
t: 342, State: [[0.6  0.07]], Action: [[1.]], Reward: [99.9],Reward_sum: 26667.4140625, Done: [False]
==========
t: 343, State: [[0.6  0.07]], Action: [[1.]], Reward: [99.9],Reward_sum: 26767.3125, Done: [False]
==========
t: 344, State: [[0.6  0.07]], Action: [[1.]], Reward: [99.9],Reward_sum: 26867.21484375, Done: [False]
==========
t: 345, State: [[0.6  0.07]], Action: [[1.]], Reward: [99.9],Reward_sum: 26967.11328125, Done: [False]
==========
t: 346, State: [[0.6  0.07]], Action: [[1.]], Reward: [99.9],Reward_sum: 27067.015625, Done: [False]
==========
t: 347, State: [[0.6  0.07]], Action: [[1.]], Reward: [99.9],Reward_sum: 27166.9140625, Done: [False]
==========
t: 348, State: [[0.6  0.07]], Action: [[1.]], Reward: [99.9],Reward_sum: 27266.81640625, Done: [False]
==========
t: 349, State: [[0.6  0.07]], Action: [[1.]], Reward: [99.9],Reward_sum: 27366.71484375, Done: [False]
==========
t: 350, State: [[0.6  0.07]], Action: [[1.]], Reward: [99.9],Reward_sum: 27466.6171875, Done: [False]
==========
t: 351, State: [[0.6  0.07]], Action: [[1.]], Reward: [99.9],Reward_sum: 27566.513671875, Done: [False]
==========
t: 352, State: [[0.6  0.07]], Action: [[1.]], Reward: [99.9],Reward_sum: 27666.4140625, Done: [False]
==========
t: 353, State: [[0.6  0.07]], Action: [[1.]], Reward: [99.9],Reward_sum: 27766.314453125, Done: [False]
==========
t: 354, State: [[0.6  0.07]], Action: [[1.]], Reward: [99.9],Reward_sum: 27866.21484375, Done: [False]
==========
t: 355, State: [[0.6  0.07]], Action: [[1.]], Reward: [99.9],Reward_sum: 27966.115234375, Done: [False]
==========
t: 356, State: [[0.6  0.07]], Action: [[1.]], Reward: [99.9],Reward_sum: 28066.015625, Done: [False]
==========
t: 357, State: [[0.6  0.07]], Action: [[1.]], Reward: [99.9],Reward_sum: 28165.916015625, Done: [False]
==========
t: 358, State: [[0.6  0.07]], Action: [[1.]], Reward: [99.9],Reward_sum: 28265.81640625, Done: [False]
==========
t: 359, State: [[0.6  0.07]], Action: [[1.]], Reward: [99.9],Reward_sum: 28365.712890625, Done: [False]
==========
t: 360, State: [[0.6  0.07]], Action: [[1.]], Reward: [99.9],Reward_sum: 28465.615234375, Done: [False]
==========
t: 361, State: [[0.6  0.07]], Action: [[1.]], Reward: [99.9],Reward_sum: 28565.513671875, Done: [False]
==========
t: 362, State: [[0.6  0.07]], Action: [[1.]], Reward: [99.9],Reward_sum: 28665.416015625, Done: [False]
==========
t: 363, State: [[0.6  0.07]], Action: [[1.]], Reward: [99.9],Reward_sum: 28765.314453125, Done: [False]
==========
t: 364, State: [[0.6  0.07]], Action: [[1.]], Reward: [99.9],Reward_sum: 28865.216796875, Done: [False]
==========
t: 365, State: [[0.6  0.07]], Action: [[1.]], Reward: [99.9],Reward_sum: 28965.115234375, Done: [False]
==========
t: 366, State: [[0.6  0.07]], Action: [[1.]], Reward: [99.9],Reward_sum: 29065.017578125, Done: [False]
==========
t: 367, State: [[0.6  0.07]], Action: [[1.]], Reward: [99.9],Reward_sum: 29164.912109375, Done: [False]
==========
t: 368, State: [[0.6  0.07]], Action: [[1.]], Reward: [99.9],Reward_sum: 29264.814453125, Done: [False]
==========
t: 369, State: [[0.6  0.07]], Action: [[1.]], Reward: [99.9],Reward_sum: 29364.712890625, Done: [False]
==========
t: 370, State: [[0.6  0.07]], Action: [[1.]], Reward: [99.9],Reward_sum: 29464.615234375, Done: [False]
==========
t: 371, State: [[0.6  0.07]], Action: [[1.]], Reward: [99.9],Reward_sum: 29564.513671875, Done: [False]
==========
t: 372, State: [[0.6  0.07]], Action: [[1.]], Reward: [99.9],Reward_sum: 29664.416015625, Done: [False]
==========
t: 373, State: [[0.6  0.07]], Action: [[1.]], Reward: [99.9],Reward_sum: 29764.314453125, Done: [False]
==========
t: 374, State: [[0.6  0.07]], Action: [[1.]], Reward: [99.9],Reward_sum: 29864.216796875, Done: [False]
==========
t: 375, State: [[0.6  0.07]], Action: [[1.]], Reward: [99.9],Reward_sum: 29964.11328125, Done: [False]
==========
t: 376, State: [[0.6  0.07]], Action: [[1.]], Reward: [99.9],Reward_sum: 30064.013671875, Done: [False]
==========
t: 377, State: [[0.6  0.07]], Action: [[1.]], Reward: [99.9],Reward_sum: 30163.9140625, Done: [False]
==========
t: 378, State: [[0.6  0.07]], Action: [[1.]], Reward: [99.9],Reward_sum: 30263.814453125, Done: [False]
==========
t: 379, State: [[0.6  0.07]], Action: [[1.]], Reward: [99.9],Reward_sum: 30363.71484375, Done: [False]
==========
t: 380, State: [[0.6  0.07]], Action: [[1.]], Reward: [99.9],Reward_sum: 30463.615234375, Done: [False]
==========
t: 381, State: [[0.6  0.07]], Action: [[1.]], Reward: [99.9],Reward_sum: 30563.515625, Done: [False]
==========
t: 382, State: [[0.6  0.07]], Action: [[1.]], Reward: [99.9],Reward_sum: 30663.416015625, Done: [False]
==========
t: 383, State: [[0.6  0.07]], Action: [[1.]], Reward: [99.9],Reward_sum: 30763.3125, Done: [False]
==========
t: 384, State: [[0.6  0.07]], Action: [[1.]], Reward: [99.9],Reward_sum: 30863.21484375, Done: [False]
==========
t: 385, State: [[0.6  0.07]], Action: [[1.]], Reward: [99.9],Reward_sum: 30963.11328125, Done: [False]
==========
t: 386, State: [[0.6  0.07]], Action: [[1.]], Reward: [99.9],Reward_sum: 31063.015625, Done: [False]
==========
t: 387, State: [[0.6  0.07]], Action: [[1.]], Reward: [99.9],Reward_sum: 31162.9140625, Done: [False]
==========
t: 388, State: [[0.6  0.07]], Action: [[1.]], Reward: [99.9],Reward_sum: 31262.81640625, Done: [False]
==========
t: 389, State: [[0.6  0.07]], Action: [[1.]], Reward: [99.9],Reward_sum: 31362.71484375, Done: [False]
==========
t: 390, State: [[0.6  0.07]], Action: [[1.]], Reward: [99.9],Reward_sum: 31462.6171875, Done: [False]
==========
t: 391, State: [[0.6  0.07]], Action: [[1.]], Reward: [99.9],Reward_sum: 31562.515625, Done: [False]
==========
t: 392, State: [[0.6  0.07]], Action: [[1.]], Reward: [99.9],Reward_sum: 31662.4140625, Done: [False]
==========
t: 393, State: [[0.6  0.07]], Action: [[1.]], Reward: [99.9],Reward_sum: 31762.31640625, Done: [False]
==========
t: 394, State: [[0.6  0.07]], Action: [[1.]], Reward: [99.9],Reward_sum: 31862.21484375, Done: [False]
==========
t: 395, State: [[0.6  0.07]], Action: [[1.]], Reward: [99.9],Reward_sum: 31962.1171875, Done: [False]
==========
t: 396, State: [[0.6  0.07]], Action: [[1.]], Reward: [99.9],Reward_sum: 32062.015625, Done: [False]
==========
t: 397, State: [[0.6  0.07]], Action: [[1.]], Reward: [99.9],Reward_sum: 32161.91796875, Done: [False]
==========
t: 398, State: [[0.6  0.07]], Action: [[1.]], Reward: [99.9],Reward_sum: 32261.81640625, Done: [False]
==========
t: 399, State: [[0.6  0.07]], Action: [[1.]], Reward: [99.9],Reward_sum: 32361.71484375, Done: [False]
==========
t: 400, State: [[0.6  0.07]], Action: [[1.]], Reward: [99.9],Reward_sum: 32461.61328125, Done: [False]
==========
t: 401, State: [[0.6  0.07]], Action: [[1.]], Reward: [99.9],Reward_sum: 32561.515625, Done: [False]
==========
t: 402, State: [[0.6  0.07]], Action: [[1.]], Reward: [99.9],Reward_sum: 32661.4140625, Done: [False]
==========
t: 403, State: [[0.6  0.07]], Action: [[1.]], Reward: [99.9],Reward_sum: 32761.31640625, Done: [False]
==========
t: 404, State: [[0.6  0.07]], Action: [[1.]], Reward: [99.9],Reward_sum: 32861.21484375, Done: [False]
==========
t: 405, State: [[0.6  0.07]], Action: [[1.]], Reward: [99.9],Reward_sum: 32961.1171875, Done: [False]
==========
t: 406, State: [[0.6  0.07]], Action: [[1.]], Reward: [99.9],Reward_sum: 33061.015625, Done: [False]
==========
t: 407, State: [[0.6  0.07]], Action: [[1.]], Reward: [99.9],Reward_sum: 33160.9140625, Done: [False]
==========
t: 408, State: [[0.6  0.07]], Action: [[1.]], Reward: [99.9],Reward_sum: 33260.8125, Done: [False]
==========
t: 409, State: [[0.6  0.07]], Action: [[1.]], Reward: [99.9],Reward_sum: 33360.71484375, Done: [False]
==========
t: 410, State: [[0.6  0.07]], Action: [[1.]], Reward: [99.9],Reward_sum: 33460.6171875, Done: [False]
==========
t: 411, State: [[0.6  0.07]], Action: [[1.]], Reward: [99.9],Reward_sum: 33560.515625, Done: [False]
==========
t: 412, State: [[0.6  0.07]], Action: [[1.]], Reward: [99.9],Reward_sum: 33660.4140625, Done: [False]
==========
t: 413, State: [[0.6  0.07]], Action: [[1.]], Reward: [99.9],Reward_sum: 33760.31640625, Done: [False]
==========
t: 414, State: [[0.6  0.07]], Action: [[1.]], Reward: [99.9],Reward_sum: 33860.21875, Done: [False]
==========
t: 415, State: [[0.6  0.07]], Action: [[1.]], Reward: [99.9],Reward_sum: 33960.11328125, Done: [False]
==========
t: 416, State: [[0.6  0.07]], Action: [[1.]], Reward: [99.9],Reward_sum: 34060.015625, Done: [False]
==========
t: 417, State: [[0.6  0.07]], Action: [[1.]], Reward: [99.9],Reward_sum: 34159.9140625, Done: [False]
==========
t: 418, State: [[0.6  0.07]], Action: [[1.]], Reward: [99.9],Reward_sum: 34259.81640625, Done: [False]
==========
t: 419, State: [[0.6  0.07]], Action: [[1.]], Reward: [99.9],Reward_sum: 34359.71484375, Done: [False]
==========
t: 420, State: [[0.6  0.07]], Action: [[1.]], Reward: [99.9],Reward_sum: 34459.6171875, Done: [False]
==========
t: 421, State: [[0.6  0.07]], Action: [[1.]], Reward: [99.9],Reward_sum: 34559.515625, Done: [False]
==========
t: 422, State: [[0.6  0.07]], Action: [[1.]], Reward: [99.9],Reward_sum: 34659.41796875, Done: [False]
==========
t: 423, State: [[0.6  0.07]], Action: [[1.]], Reward: [99.9],Reward_sum: 34759.3125, Done: [False]
==========
t: 424, State: [[0.6  0.07]], Action: [[1.]], Reward: [99.9],Reward_sum: 34859.21484375, Done: [False]
==========
t: 425, State: [[0.6  0.07]], Action: [[1.]], Reward: [99.9],Reward_sum: 34959.11328125, Done: [False]
==========
t: 426, State: [[0.6  0.07]], Action: [[1.]], Reward: [99.9],Reward_sum: 35059.015625, Done: [False]
==========
t: 427, State: [[0.6  0.07]], Action: [[1.]], Reward: [99.9],Reward_sum: 35158.9140625, Done: [False]
==========
t: 428, State: [[0.6  0.07]], Action: [[1.]], Reward: [99.9],Reward_sum: 35258.81640625, Done: [False]
==========
t: 429, State: [[0.6  0.07]], Action: [[1.]], Reward: [99.9],Reward_sum: 35358.71484375, Done: [False]
==========
t: 430, State: [[0.6  0.07]], Action: [[1.]], Reward: [99.9],Reward_sum: 35458.6171875, Done: [False]
==========
t: 431, State: [[0.6  0.07]], Action: [[1.]], Reward: [99.9],Reward_sum: 35558.515625, Done: [False]
==========
t: 432, State: [[0.6  0.07]], Action: [[1.]], Reward: [99.9],Reward_sum: 35658.4140625, Done: [False]
==========
t: 433, State: [[0.6  0.07]], Action: [[1.]], Reward: [99.9],Reward_sum: 35758.3125, Done: [False]
==========
t: 434, State: [[0.6  0.07]], Action: [[1.]], Reward: [99.9],Reward_sum: 35858.21875, Done: [False]
==========
t: 435, State: [[0.6  0.07]], Action: [[1.]], Reward: [99.9],Reward_sum: 35958.1171875, Done: [False]
==========
t: 436, State: [[0.6  0.07]], Action: [[1.]], Reward: [99.9],Reward_sum: 36058.015625, Done: [False]
==========
t: 437, State: [[0.6  0.07]], Action: [[1.]], Reward: [99.9],Reward_sum: 36157.9140625, Done: [False]
==========
t: 438, State: [[0.6  0.07]], Action: [[1.]], Reward: [99.9],Reward_sum: 36257.8203125, Done: [False]
==========
t: 439, State: [[0.6  0.07]], Action: [[1.]], Reward: [99.9],Reward_sum: 36357.71484375, Done: [False]
==========
t: 440, State: [[0.6  0.07]], Action: [[1.]], Reward: [99.9],Reward_sum: 36457.6171875, Done: [False]
==========
t: 441, State: [[0.6  0.07]], Action: [[1.]], Reward: [99.9],Reward_sum: 36557.515625, Done: [False]
==========
t: 442, State: [[0.6  0.07]], Action: [[1.]], Reward: [99.9],Reward_sum: 36657.4140625, Done: [False]
==========
t: 443, State: [[0.6  0.07]], Action: [[1.]], Reward: [99.9],Reward_sum: 36757.31640625, Done: [False]
==========
t: 444, State: [[0.6  0.07]], Action: [[1.]], Reward: [99.9],Reward_sum: 36857.21875, Done: [False]
==========
t: 445, State: [[0.6  0.07]], Action: [[1.]], Reward: [99.9],Reward_sum: 36957.1171875, Done: [False]
==========
t: 446, State: [[0.6  0.07]], Action: [[1.]], Reward: [99.9],Reward_sum: 37057.015625, Done: [False]
==========
t: 447, State: [[0.6  0.07]], Action: [[1.]], Reward: [99.9],Reward_sum: 37156.9140625, Done: [False]
==========
t: 448, State: [[0.6  0.07]], Action: [[1.]], Reward: [99.9],Reward_sum: 37256.81640625, Done: [False]
==========
t: 449, State: [[0.6  0.07]], Action: [[1.]], Reward: [99.9],Reward_sum: 37356.71484375, Done: [False]
==========
t: 450, State: [[0.6  0.07]], Action: [[1.]], Reward: [99.9],Reward_sum: 37456.6171875, Done: [False]
==========
t: 451, State: [[0.6  0.07]], Action: [[1.]], Reward: [99.9],Reward_sum: 37556.515625, Done: [False]
==========
t: 452, State: [[0.6  0.07]], Action: [[1.]], Reward: [99.9],Reward_sum: 37656.41796875, Done: [False]
==========
t: 453, State: [[0.6  0.07]], Action: [[1.]], Reward: [99.9],Reward_sum: 37756.31640625, Done: [False]
==========
t: 454, State: [[0.6  0.07]], Action: [[1.]], Reward: [99.9],Reward_sum: 37856.21875, Done: [False]
==========
t: 455, State: [[0.6  0.07]], Action: [[1.]], Reward: [99.9],Reward_sum: 37956.1171875, Done: [False]
==========
t: 456, State: [[0.6  0.07]], Action: [[1.]], Reward: [99.9],Reward_sum: 38056.015625, Done: [False]
==========
t: 457, State: [[0.6  0.07]], Action: [[1.]], Reward: [99.9],Reward_sum: 38155.91796875, Done: [False]
==========
t: 458, State: [[0.6  0.07]], Action: [[1.]], Reward: [99.9],Reward_sum: 38255.81640625, Done: [False]
==========
t: 459, State: [[0.6  0.07]], Action: [[1.]], Reward: [99.9],Reward_sum: 38355.71875, Done: [False]
==========
t: 460, State: [[0.6  0.07]], Action: [[1.]], Reward: [99.9],Reward_sum: 38455.6171875, Done: [False]
==========
t: 461, State: [[0.6  0.07]], Action: [[1.]], Reward: [99.9],Reward_sum: 38555.51953125, Done: [False]
==========
t: 462, State: [[0.6  0.07]], Action: [[1.]], Reward: [99.9],Reward_sum: 38655.41796875, Done: [False]
==========
t: 463, State: [[0.6  0.07]], Action: [[1.]], Reward: [99.9],Reward_sum: 38755.31640625, Done: [False]
==========
t: 464, State: [[0.6  0.07]], Action: [[1.]], Reward: [99.9],Reward_sum: 38855.21484375, Done: [False]
==========
t: 465, State: [[0.6  0.07]], Action: [[1.]], Reward: [99.9],Reward_sum: 38955.1171875, Done: [False]
==========
t: 466, State: [[0.6  0.07]], Action: [[1.]], Reward: [99.9],Reward_sum: 39055.015625, Done: [False]
==========
t: 467, State: [[0.6  0.07]], Action: [[1.]], Reward: [99.9],Reward_sum: 39154.91796875, Done: [False]
==========
t: 468, State: [[0.6  0.07]], Action: [[1.]], Reward: [99.9],Reward_sum: 39254.81640625, Done: [False]
==========
t: 469, State: [[0.6  0.07]], Action: [[1.]], Reward: [99.9],Reward_sum: 39354.71875, Done: [False]
==========
t: 470, State: [[0.6  0.07]], Action: [[1.]], Reward: [99.9],Reward_sum: 39454.6171875, Done: [False]
==========
t: 471, State: [[0.6  0.07]], Action: [[1.]], Reward: [99.9],Reward_sum: 39554.515625, Done: [False]
==========
t: 472, State: [[0.6  0.07]], Action: [[1.]], Reward: [99.9],Reward_sum: 39654.4140625, Done: [False]
==========
t: 473, State: [[0.6  0.07]], Action: [[1.]], Reward: [99.9],Reward_sum: 39754.31640625, Done: [False]
==========
t: 474, State: [[0.6  0.07]], Action: [[1.]], Reward: [99.9],Reward_sum: 39854.21875, Done: [False]
==========
t: 475, State: [[0.6  0.07]], Action: [[1.]], Reward: [99.9],Reward_sum: 39954.1171875, Done: [False]
==========
t: 476, State: [[0.6  0.07]], Action: [[1.]], Reward: [99.9],Reward_sum: 40054.015625, Done: [False]
==========
t: 477, State: [[0.6  0.07]], Action: [[1.]], Reward: [99.9],Reward_sum: 40153.91796875, Done: [False]
==========
t: 478, State: [[0.6  0.07]], Action: [[1.]], Reward: [99.9],Reward_sum: 40253.8203125, Done: [False]
==========
t: 479, State: [[0.6  0.07]], Action: [[1.]], Reward: [99.9],Reward_sum: 40353.71484375, Done: [False]
==========
t: 480, State: [[0.6  0.07]], Action: [[1.]], Reward: [99.9],Reward_sum: 40453.6171875, Done: [False]
==========
t: 481, State: [[0.6  0.07]], Action: [[1.]], Reward: [99.9],Reward_sum: 40553.515625, Done: [False]
==========
t: 482, State: [[0.6  0.07]], Action: [[1.]], Reward: [99.9],Reward_sum: 40653.4140625, Done: [False]
==========
t: 483, State: [[0.6  0.07]], Action: [[1.]], Reward: [99.9],Reward_sum: 40753.31640625, Done: [False]
==========
t: 484, State: [[0.6  0.07]], Action: [[1.]], Reward: [99.9],Reward_sum: 40853.21875, Done: [False]
==========
t: 485, State: [[0.6  0.07]], Action: [[1.]], Reward: [99.9],Reward_sum: 40953.1171875, Done: [False]
==========
t: 486, State: [[0.6  0.07]], Action: [[1.]], Reward: [99.9],Reward_sum: 41053.015625, Done: [False]
==========
t: 487, State: [[0.6  0.07]], Action: [[1.]], Reward: [99.9],Reward_sum: 41152.9140625, Done: [False]
==========
t: 488, State: [[0.6  0.07]], Action: [[1.]], Reward: [99.9],Reward_sum: 41252.8125, Done: [False]
==========
t: 489, State: [[0.6  0.07]], Action: [[1.]], Reward: [99.9],Reward_sum: 41352.71484375, Done: [False]
==========
t: 490, State: [[0.6  0.07]], Action: [[1.]], Reward: [99.9],Reward_sum: 41452.61328125, Done: [False]
==========
t: 491, State: [[0.6  0.07]], Action: [[1.]], Reward: [99.9],Reward_sum: 41552.515625, Done: [False]
==========
t: 492, State: [[0.6  0.07]], Action: [[1.]], Reward: [99.9],Reward_sum: 41652.4140625, Done: [False]
==========
t: 493, State: [[0.6  0.07]], Action: [[1.]], Reward: [99.9],Reward_sum: 41752.3125, Done: [False]
==========
t: 494, State: [[0.6  0.07]], Action: [[1.]], Reward: [99.9],Reward_sum: 41852.2109375, Done: [False]
==========
t: 495, State: [[0.6  0.07]], Action: [[1.]], Reward: [99.9],Reward_sum: 41952.1171875, Done: [False]
==========
t: 496, State: [[0.6  0.07]], Action: [[1.]], Reward: [99.9],Reward_sum: 42052.015625, Done: [False]
==========
t: 497, State: [[0.6  0.07]], Action: [[1.]], Reward: [99.9],Reward_sum: 42151.9140625, Done: [False]
==========
t: 498, State: [[0.6  0.07]], Action: [[1.]], Reward: [99.9],Reward_sum: 42251.8125, Done: [False]
==========
t: 499, State: [[0.6  0.07]], Action: [[1.]], Reward: [99.9],Reward_sum: 42351.71484375, Done: [False]
==========
t: 500, State: [[0.6  0.07]], Action: [[1.]], Reward: [99.9],Reward_sum: 42451.6171875, Done: [False]
==========
t: 501, State: [[0.6  0.07]], Action: [[1.]], Reward: [99.9],Reward_sum: 42551.515625, Done: [False]
==========
t: 502, State: [[0.6  0.07]], Action: [[1.]], Reward: [99.9],Reward_sum: 42651.4140625, Done: [False]
==========
t: 503, State: [[0.6  0.07]], Action: [[1.]], Reward: [99.9],Reward_sum: 42751.31640625, Done: [False]
==========
t: 504, State: [[0.6  0.07]], Action: [[1.]], Reward: [99.9],Reward_sum: 42851.21875, Done: [False]
==========
t: 505, State: [[0.6  0.07]], Action: [[1.]], Reward: [99.9],Reward_sum: 42951.1171875, Done: [False]
==========
t: 506, State: [[0.6  0.07]], Action: [[1.]], Reward: [99.9],Reward_sum: 43051.015625, Done: [False]
==========
t: 507, State: [[0.6  0.07]], Action: [[1.]], Reward: [99.9],Reward_sum: 43150.9140625, Done: [False]
==========
t: 508, State: [[0.6  0.07]], Action: [[1.]], Reward: [99.9],Reward_sum: 43250.8125, Done: [False]
==========
t: 509, State: [[0.6  0.07]], Action: [[1.]], Reward: [99.9],Reward_sum: 43350.71484375, Done: [False]
==========
t: 510, State: [[0.6  0.07]], Action: [[1.]], Reward: [99.9],Reward_sum: 43450.6171875, Done: [False]
==========
t: 511, State: [[0.6  0.07]], Action: [[1.]], Reward: [99.9],Reward_sum: 43550.515625, Done: [False]
==========
t: 512, State: [[0.6  0.07]], Action: [[1.]], Reward: [99.9],Reward_sum: 43650.4140625, Done: [False]
==========
t: 513, State: [[0.6  0.07]], Action: [[1.]], Reward: [99.9],Reward_sum: 43750.3125, Done: [False]
==========
t: 514, State: [[0.6  0.07]], Action: [[1.]], Reward: [99.9],Reward_sum: 43850.2109375, Done: [False]
==========
t: 515, State: [[0.6  0.07]], Action: [[1.]], Reward: [99.9],Reward_sum: 43950.1171875, Done: [False]
==========
t: 516, State: [[0.6  0.07]], Action: [[1.]], Reward: [99.9],Reward_sum: 44050.015625, Done: [False]
==========
t: 517, State: [[0.6  0.07]], Action: [[1.]], Reward: [99.9],Reward_sum: 44149.9140625, Done: [False]
==========
t: 518, State: [[0.6  0.07]], Action: [[1.]], Reward: [99.9],Reward_sum: 44249.8125, Done: [False]
==========
t: 519, State: [[0.6  0.07]], Action: [[1.]], Reward: [99.9],Reward_sum: 44349.71484375, Done: [False]
==========
t: 520, State: [[0.6  0.07]], Action: [[1.]], Reward: [99.9],Reward_sum: 44449.6171875, Done: [False]
==========
t: 521, State: [[0.6  0.07]], Action: [[1.]], Reward: [99.9],Reward_sum: 44549.515625, Done: [False]
==========
t: 522, State: [[0.6  0.07]], Action: [[1.]], Reward: [99.9],Reward_sum: 44649.4140625, Done: [False]
==========
t: 523, State: [[0.6  0.07]], Action: [[1.]], Reward: [99.9],Reward_sum: 44749.3125, Done: [False]
==========
t: 524, State: [[0.6  0.07]], Action: [[1.]], Reward: [99.9],Reward_sum: 44849.2109375, Done: [False]
==========
t: 525, State: [[0.6  0.07]], Action: [[1.]], Reward: [99.9],Reward_sum: 44949.1171875, Done: [False]
==========
t: 526, State: [[0.6  0.07]], Action: [[1.]], Reward: [99.9],Reward_sum: 45049.015625, Done: [False]
==========
t: 527, State: [[0.6  0.07]], Action: [[1.]], Reward: [99.9],Reward_sum: 45148.9140625, Done: [False]
==========
t: 528, State: [[0.6  0.07]], Action: [[1.]], Reward: [99.9],Reward_sum: 45248.8125, Done: [False]
==========
t: 529, State: [[0.6  0.07]], Action: [[1.]], Reward: [99.9],Reward_sum: 45348.7109375, Done: [False]
==========
t: 530, State: [[0.6  0.07]], Action: [[1.]], Reward: [99.9],Reward_sum: 45448.6171875, Done: [False]
==========
t: 531, State: [[0.6  0.07]], Action: [[1.]], Reward: [99.9],Reward_sum: 45548.515625, Done: [False]
==========
t: 532, State: [[0.6  0.07]], Action: [[1.]], Reward: [99.9],Reward_sum: 45648.4140625, Done: [False]
==========
t: 533, State: [[0.6  0.07]], Action: [[1.]], Reward: [99.9],Reward_sum: 45748.3125, Done: [False]
==========
t: 534, State: [[0.6  0.07]], Action: [[1.]], Reward: [99.9],Reward_sum: 45848.2109375, Done: [False]
==========
t: 535, State: [[0.6  0.07]], Action: [[1.]], Reward: [99.9],Reward_sum: 45948.11328125, Done: [False]
==========
t: 536, State: [[0.6  0.07]], Action: [[1.]], Reward: [99.9],Reward_sum: 46048.015625, Done: [False]
==========
t: 537, State: [[0.6  0.07]], Action: [[1.]], Reward: [99.9],Reward_sum: 46147.9140625, Done: [False]
==========
t: 538, State: [[0.6  0.07]], Action: [[1.]], Reward: [99.9],Reward_sum: 46247.8125, Done: [False]
==========
t: 539, State: [[0.6  0.07]], Action: [[1.]], Reward: [99.9],Reward_sum: 46347.7109375, Done: [False]
==========
t: 540, State: [[0.6  0.07]], Action: [[1.]], Reward: [99.9],Reward_sum: 46447.609375, Done: [False]
==========
t: 541, State: [[0.6  0.07]], Action: [[1.]], Reward: [99.9],Reward_sum: 46547.515625, Done: [False]
==========
t: 542, State: [[0.6  0.07]], Action: [[1.]], Reward: [99.9],Reward_sum: 46647.4140625, Done: [False]
==========
t: 543, State: [[0.6  0.07]], Action: [[1.]], Reward: [99.9],Reward_sum: 46747.3125, Done: [False]
==========
t: 544, State: [[0.6  0.07]], Action: [[1.]], Reward: [99.9],Reward_sum: 46847.21484375, Done: [False]
==========
t: 545, State: [[0.6  0.07]], Action: [[1.]], Reward: [99.9],Reward_sum: 46947.11328125, Done: [False]
==========
t: 546, State: [[0.6  0.07]], Action: [[1.]], Reward: [99.9],Reward_sum: 47047.015625, Done: [False]
==========
t: 547, State: [[0.6  0.07]], Action: [[1.]], Reward: [99.9],Reward_sum: 47146.9140625, Done: [False]
==========
t: 548, State: [[0.6  0.07]], Action: [[1.]], Reward: [99.9],Reward_sum: 47246.8125, Done: [False]
==========
t: 549, State: [[0.6  0.07]], Action: [[1.]], Reward: [99.9],Reward_sum: 47346.71484375, Done: [False]
==========
t: 550, State: [[0.6  0.07]], Action: [[1.]], Reward: [99.9],Reward_sum: 47446.61328125, Done: [False]
==========
t: 551, State: [[0.6  0.07]], Action: [[1.]], Reward: [99.9],Reward_sum: 47546.515625, Done: [False]
==========
t: 552, State: [[0.6  0.07]], Action: [[1.]], Reward: [99.9],Reward_sum: 47646.4140625, Done: [False]
==========
t: 553, State: [[0.6  0.07]], Action: [[1.]], Reward: [99.9],Reward_sum: 47746.3125, Done: [False]
==========
t: 554, State: [[0.6  0.07]], Action: [[1.]], Reward: [99.9],Reward_sum: 47846.21484375, Done: [False]
==========
t: 555, State: [[0.6  0.07]], Action: [[1.]], Reward: [99.9],Reward_sum: 47946.11328125, Done: [False]
==========
t: 556, State: [[0.6  0.07]], Action: [[1.]], Reward: [99.9],Reward_sum: 48046.015625, Done: [False]
==========
t: 557, State: [[0.6  0.07]], Action: [[1.]], Reward: [99.9],Reward_sum: 48145.9140625, Done: [False]
==========
t: 558, State: [[0.6  0.07]], Action: [[1.]], Reward: [99.9],Reward_sum: 48245.8125, Done: [False]
==========
t: 559, State: [[0.6  0.07]], Action: [[1.]], Reward: [99.9],Reward_sum: 48345.71484375, Done: [False]
==========
t: 560, State: [[0.6  0.07]], Action: [[1.]], Reward: [99.9],Reward_sum: 48445.61328125, Done: [False]
==========
t: 561, State: [[0.6  0.07]], Action: [[1.]], Reward: [99.9],Reward_sum: 48545.515625, Done: [False]
==========
t: 562, State: [[0.6  0.07]], Action: [[1.]], Reward: [99.9],Reward_sum: 48645.4140625, Done: [False]
==========
t: 563, State: [[0.6  0.07]], Action: [[1.]], Reward: [99.9],Reward_sum: 48745.3125, Done: [False]
==========
t: 564, State: [[0.6  0.07]], Action: [[1.]], Reward: [99.9],Reward_sum: 48845.21484375, Done: [False]
==========
t: 565, State: [[0.6  0.07]], Action: [[1.]], Reward: [99.9],Reward_sum: 48945.11328125, Done: [False]
==========
t: 566, State: [[0.6  0.07]], Action: [[1.]], Reward: [99.9],Reward_sum: 49045.01171875, Done: [False]
==========
t: 567, State: [[0.6  0.07]], Action: [[1.]], Reward: [99.9],Reward_sum: 49144.9140625, Done: [False]
==========
t: 568, State: [[0.6  0.07]], Action: [[1.]], Reward: [99.9],Reward_sum: 49244.8125, Done: [False]
==========
t: 569, State: [[0.6  0.07]], Action: [[1.]], Reward: [99.9],Reward_sum: 49344.71484375, Done: [False]
==========
t: 570, State: [[0.6  0.07]], Action: [[1.]], Reward: [99.9],Reward_sum: 49444.61328125, Done: [False]
==========
t: 571, State: [[0.6  0.07]], Action: [[1.]], Reward: [99.9],Reward_sum: 49544.515625, Done: [False]
==========
t: 572, State: [[0.6  0.07]], Action: [[1.]], Reward: [99.9],Reward_sum: 49644.4140625, Done: [False]
==========
t: 573, State: [[0.6  0.07]], Action: [[1.]], Reward: [99.9],Reward_sum: 49744.3125, Done: [False]
==========
t: 574, State: [[0.6  0.07]], Action: [[1.]], Reward: [99.9],Reward_sum: 49844.2109375, Done: [False]
==========
t: 575, State: [[0.6  0.07]], Action: [[1.]], Reward: [99.9],Reward_sum: 49944.1171875, Done: [False]
==========
t: 576, State: [[0.6  0.07]], Action: [[1.]], Reward: [99.9],Reward_sum: 50044.015625, Done: [False]
==========
t: 577, State: [[0.6  0.07]], Action: [[1.]], Reward: [99.9],Reward_sum: 50143.9140625, Done: [False]
==========
t: 578, State: [[0.6  0.07]], Action: [[1.]], Reward: [99.9],Reward_sum: 50243.8125, Done: [False]
==========
t: 579, State: [[0.6  0.07]], Action: [[1.]], Reward: [99.9],Reward_sum: 50343.71484375, Done: [False]
==========
t: 580, State: [[0.6  0.07]], Action: [[1.]], Reward: [99.9],Reward_sum: 50443.6171875, Done: [False]
==========
t: 581, State: [[0.6  0.07]], Action: [[1.]], Reward: [99.9],Reward_sum: 50543.515625, Done: [False]
==========
t: 582, State: [[0.6  0.07]], Action: [[1.]], Reward: [99.9],Reward_sum: 50643.4140625, Done: [False]
==========
t: 583, State: [[0.6  0.07]], Action: [[1.]], Reward: [99.9],Reward_sum: 50743.3125, Done: [False]
==========
t: 584, State: [[0.6  0.07]], Action: [[1.]], Reward: [99.9],Reward_sum: 50843.21484375, Done: [False]
==========
t: 585, State: [[0.6  0.07]], Action: [[1.]], Reward: [99.9],Reward_sum: 50943.1171875, Done: [False]
==========
t: 586, State: [[0.6  0.07]], Action: [[1.]], Reward: [99.9],Reward_sum: 51043.015625, Done: [False]
==========
t: 587, State: [[0.6  0.07]], Action: [[1.]], Reward: [99.9],Reward_sum: 51142.9140625, Done: [False]
==========
t: 588, State: [[0.6  0.07]], Action: [[1.]], Reward: [99.9],Reward_sum: 51242.81640625, Done: [False]
==========
t: 589, State: [[0.6  0.07]], Action: [[1.]], Reward: [99.9],Reward_sum: 51342.71875, Done: [False]
==========
t: 590, State: [[0.6  0.07]], Action: [[1.]], Reward: [99.9],Reward_sum: 51442.6171875, Done: [False]
==========
t: 591, State: [[0.6  0.07]], Action: [[1.]], Reward: [99.9],Reward_sum: 51542.515625, Done: [False]
==========
t: 592, State: [[0.6  0.07]], Action: [[1.]], Reward: [99.9],Reward_sum: 51642.4140625, Done: [False]
==========
t: 593, State: [[0.6  0.07]], Action: [[1.]], Reward: [99.9],Reward_sum: 51742.31640625, Done: [False]
==========
t: 594, State: [[0.6  0.07]], Action: [[1.]], Reward: [99.9],Reward_sum: 51842.21875, Done: [False]
==========
t: 595, State: [[0.6  0.07]], Action: [[1.]], Reward: [99.9],Reward_sum: 51942.1171875, Done: [False]
==========
t: 596, State: [[0.6  0.07]], Action: [[1.]], Reward: [99.9],Reward_sum: 52042.015625, Done: [False]
==========
t: 597, State: [[0.6  0.07]], Action: [[1.]], Reward: [99.9],Reward_sum: 52141.91796875, Done: [False]
==========
t: 598, State: [[0.6  0.07]], Action: [[1.]], Reward: [99.9],Reward_sum: 52241.8203125, Done: [False]
==========
t: 599, State: [[0.6  0.07]], Action: [[1.]], Reward: [99.9],Reward_sum: 52341.71875, Done: [False]
==========
t: 600, State: [[0.6  0.07]], Action: [[1.]], Reward: [99.9],Reward_sum: 52441.6171875, Done: [False]
==========
t: 601, State: [[0.6  0.07]], Action: [[1.]], Reward: [99.9],Reward_sum: 52541.515625, Done: [False]
==========
t: 602, State: [[0.6  0.07]], Action: [[1.]], Reward: [99.9],Reward_sum: 52641.41796875, Done: [False]
==========
t: 603, State: [[0.6  0.07]], Action: [[1.]], Reward: [99.9],Reward_sum: 52741.31640625, Done: [False]
==========
t: 604, State: [[0.6  0.07]], Action: [[1.]], Reward: [99.9],Reward_sum: 52841.21875, Done: [False]
==========
t: 605, State: [[0.6  0.07]], Action: [[1.]], Reward: [99.9],Reward_sum: 52941.1171875, Done: [False]
==========
t: 606, State: [[0.6  0.07]], Action: [[1.]], Reward: [99.9],Reward_sum: 53041.01953125, Done: [False]
==========
t: 607, State: [[0.6  0.07]], Action: [[1.]], Reward: [99.9],Reward_sum: 53140.9140625, Done: [False]
==========
t: 608, State: [[0.6  0.07]], Action: [[1.]], Reward: [99.9],Reward_sum: 53240.81640625, Done: [False]
==========
t: 609, State: [[0.6  0.07]], Action: [[1.]], Reward: [99.9],Reward_sum: 53340.71484375, Done: [False]
==========
t: 610, State: [[0.6  0.07]], Action: [[1.]], Reward: [99.9],Reward_sum: 53440.6171875, Done: [False]
==========
t: 611, State: [[0.6  0.07]], Action: [[1.]], Reward: [99.9],Reward_sum: 53540.515625, Done: [False]
==========
t: 612, State: [[0.6  0.07]], Action: [[1.]], Reward: [99.9],Reward_sum: 53640.41796875, Done: [False]
==========
t: 613, State: [[0.6  0.07]], Action: [[1.]], Reward: [99.9],Reward_sum: 53740.31640625, Done: [False]
==========
t: 614, State: [[0.6  0.07]], Action: [[1.]], Reward: [99.9],Reward_sum: 53840.21875, Done: [False]
==========
t: 615, State: [[0.6  0.07]], Action: [[1.]], Reward: [99.9],Reward_sum: 53940.1171875, Done: [False]
==========
t: 616, State: [[0.6  0.07]], Action: [[1.]], Reward: [99.9],Reward_sum: 54040.015625, Done: [False]
==========
t: 617, State: [[0.6  0.07]], Action: [[1.]], Reward: [99.9],Reward_sum: 54139.9140625, Done: [False]
==========
t: 618, State: [[0.6  0.07]], Action: [[1.]], Reward: [99.9],Reward_sum: 54239.81640625, Done: [False]
==========
t: 619, State: [[0.6  0.07]], Action: [[1.]], Reward: [99.9],Reward_sum: 54339.71875, Done: [False]
==========
t: 620, State: [[0.6  0.07]], Action: [[1.]], Reward: [99.9],Reward_sum: 54439.6171875, Done: [False]
==========
t: 621, State: [[0.6  0.07]], Action: [[1.]], Reward: [99.9],Reward_sum: 54539.515625, Done: [False]
==========
t: 622, State: [[0.6  0.07]], Action: [[1.]], Reward: [99.9],Reward_sum: 54639.41796875, Done: [False]
==========
t: 623, State: [[0.6  0.07]], Action: [[1.]], Reward: [99.9],Reward_sum: 54739.31640625, Done: [False]
==========
t: 624, State: [[0.6  0.07]], Action: [[1.]], Reward: [99.9],Reward_sum: 54839.21484375, Done: [False]
==========
t: 625, State: [[0.6  0.07]], Action: [[1.]], Reward: [99.9],Reward_sum: 54939.1171875, Done: [False]
==========
t: 626, State: [[0.6  0.07]], Action: [[1.]], Reward: [99.9],Reward_sum: 55039.015625, Done: [False]
==========
t: 627, State: [[0.6  0.07]], Action: [[1.]], Reward: [99.9],Reward_sum: 55138.9140625, Done: [False]
==========
t: 628, State: [[0.6  0.07]], Action: [[1.]], Reward: [99.9],Reward_sum: 55238.81640625, Done: [False]
==========
t: 629, State: [[0.6  0.07]], Action: [[1.]], Reward: [99.9],Reward_sum: 55338.71484375, Done: [False]
==========
t: 630, State: [[0.6  0.07]], Action: [[1.]], Reward: [99.9],Reward_sum: 55438.6171875, Done: [False]
==========
t: 631, State: [[0.6  0.07]], Action: [[1.]], Reward: [99.9],Reward_sum: 55538.515625, Done: [False]
==========
t: 632, State: [[0.6  0.07]], Action: [[1.]], Reward: [99.9],Reward_sum: 55638.4140625, Done: [False]
==========
t: 633, State: [[0.6  0.07]], Action: [[1.]], Reward: [99.9],Reward_sum: 55738.31640625, Done: [False]
==========
t: 634, State: [[0.6  0.07]], Action: [[1.]], Reward: [99.9],Reward_sum: 55838.21484375, Done: [False]
==========
t: 635, State: [[0.6  0.07]], Action: [[1.]], Reward: [99.9],Reward_sum: 55938.1171875, Done: [False]
==========
t: 636, State: [[0.6  0.07]], Action: [[1.]], Reward: [99.9],Reward_sum: 56038.015625, Done: [False]
==========
t: 637, State: [[0.6  0.07]], Action: [[1.]], Reward: [99.9],Reward_sum: 56137.9140625, Done: [False]
==========
t: 638, State: [[0.6  0.07]], Action: [[1.]], Reward: [99.9],Reward_sum: 56237.8203125, Done: [False]
==========
t: 639, State: [[0.6  0.07]], Action: [[1.]], Reward: [99.9],Reward_sum: 56337.71875, Done: [False]
==========
t: 640, State: [[0.6  0.07]], Action: [[1.]], Reward: [99.9],Reward_sum: 56437.6171875, Done: [False]
==========
t: 641, State: [[0.6  0.07]], Action: [[1.]], Reward: [99.9],Reward_sum: 56537.515625, Done: [False]
==========
t: 642, State: [[0.6  0.07]], Action: [[1.]], Reward: [99.9],Reward_sum: 56637.4140625, Done: [False]
==========
t: 643, State: [[0.6  0.07]], Action: [[1.]], Reward: [99.9],Reward_sum: 56737.3203125, Done: [False]
==========
t: 644, State: [[0.6  0.07]], Action: [[1.]], Reward: [99.9],Reward_sum: 56837.21875, Done: [False]
==========
t: 645, State: [[0.6  0.07]], Action: [[1.]], Reward: [99.9],Reward_sum: 56937.1171875, Done: [False]
==========
t: 646, State: [[0.6  0.07]], Action: [[1.]], Reward: [99.9],Reward_sum: 57037.01953125, Done: [False]
==========
t: 647, State: [[0.6  0.07]], Action: [[1.]], Reward: [99.9],Reward_sum: 57136.91796875, Done: [False]
==========
t: 648, State: [[0.6  0.07]], Action: [[1.]], Reward: [99.9],Reward_sum: 57236.8125, Done: [False]
==========
t: 649, State: [[0.6  0.07]], Action: [[1.]], Reward: [99.9],Reward_sum: 57336.71875, Done: [False]
==========
t: 650, State: [[0.6  0.07]], Action: [[1.]], Reward: [99.9],Reward_sum: 57436.6171875, Done: [False]
==========
t: 651, State: [[0.6  0.07]], Action: [[1.]], Reward: [99.9],Reward_sum: 57536.515625, Done: [False]
==========
t: 652, State: [[0.6  0.07]], Action: [[1.]], Reward: [99.9],Reward_sum: 57636.4140625, Done: [False]
==========
t: 653, State: [[0.6  0.07]], Action: [[1.]], Reward: [99.9],Reward_sum: 57736.3203125, Done: [False]
==========
t: 654, State: [[0.6  0.07]], Action: [[1.]], Reward: [99.9],Reward_sum: 57836.21875, Done: [False]
==========
t: 655, State: [[0.6  0.07]], Action: [[1.]], Reward: [99.9],Reward_sum: 57936.1171875, Done: [False]
==========
t: 656, State: [[0.6  0.07]], Action: [[1.]], Reward: [99.9],Reward_sum: 58036.015625, Done: [False]
==========
t: 657, State: [[0.6  0.07]], Action: [[1.]], Reward: [99.9],Reward_sum: 58135.921875, Done: [False]
==========
t: 658, State: [[0.6  0.07]], Action: [[1.]], Reward: [99.9],Reward_sum: 58235.8203125, Done: [False]
==========
t: 659, State: [[0.6  0.07]], Action: [[1.]], Reward: [99.9],Reward_sum: 58335.71875, Done: [False]
==========
t: 660, State: [[0.6  0.07]], Action: [[1.]], Reward: [99.9],Reward_sum: 58435.6171875, Done: [False]
==========
t: 661, State: [[0.6  0.07]], Action: [[1.]], Reward: [99.9],Reward_sum: 58535.5234375, Done: [False]
==========
t: 662, State: [[0.6  0.07]], Action: [[1.]], Reward: [99.9],Reward_sum: 58635.421875, Done: [False]
==========
t: 663, State: [[0.6  0.07]], Action: [[1.]], Reward: [99.9],Reward_sum: 58735.3203125, Done: [False]
==========
t: 664, State: [[0.6  0.07]], Action: [[1.]], Reward: [99.9],Reward_sum: 58835.21875, Done: [False]
==========
t: 665, State: [[0.6  0.07]], Action: [[1.]], Reward: [99.9],Reward_sum: 58935.12109375, Done: [False]
==========
t: 666, State: [[0.6  0.07]], Action: [[1.]], Reward: [99.9],Reward_sum: 59035.01953125, Done: [False]
==========
t: 667, State: [[0.6  0.07]], Action: [[1.]], Reward: [99.9],Reward_sum: 59134.921875, Done: [False]
==========
t: 668, State: [[0.6  0.07]], Action: [[1.]], Reward: [99.9],Reward_sum: 59234.8203125, Done: [False]
==========
t: 669, State: [[0.6  0.07]], Action: [[1.]], Reward: [99.9],Reward_sum: 59334.72265625, Done: [False]
==========
t: 670, State: [[0.6  0.07]], Action: [[1.]], Reward: [99.9],Reward_sum: 59434.62109375, Done: [False]
==========
t: 671, State: [[0.6  0.07]], Action: [[1.]], Reward: [99.9],Reward_sum: 59534.51953125, Done: [False]
==========
t: 672, State: [[0.6  0.07]], Action: [[1.]], Reward: [99.9],Reward_sum: 59634.41796875, Done: [False]
==========
t: 673, State: [[0.6  0.07]], Action: [[1.]], Reward: [99.9],Reward_sum: 59734.3203125, Done: [False]
==========
t: 674, State: [[0.6  0.07]], Action: [[1.]], Reward: [99.9],Reward_sum: 59834.21875, Done: [False]
==========
t: 675, State: [[0.6  0.07]], Action: [[1.]], Reward: [99.9],Reward_sum: 59934.12109375, Done: [False]
==========
t: 676, State: [[0.6  0.07]], Action: [[1.]], Reward: [99.9],Reward_sum: 60034.01953125, Done: [False]
==========
t: 677, State: [[0.6  0.07]], Action: [[1.]], Reward: [99.9],Reward_sum: 60133.921875, Done: [False]
==========
t: 678, State: [[0.6  0.07]], Action: [[1.]], Reward: [99.9],Reward_sum: 60233.8203125, Done: [False]
==========
t: 679, State: [[0.6  0.07]], Action: [[1.]], Reward: [99.9],Reward_sum: 60333.71875, Done: [False]
==========
t: 680, State: [[0.6  0.07]], Action: [[1.]], Reward: [99.9],Reward_sum: 60433.62109375, Done: [False]
==========
t: 681, State: [[0.6  0.07]], Action: [[1.]], Reward: [99.9],Reward_sum: 60533.51953125, Done: [False]
==========
t: 682, State: [[0.6  0.07]], Action: [[1.]], Reward: [99.9],Reward_sum: 60633.41796875, Done: [False]
==========
t: 683, State: [[0.6  0.07]], Action: [[1.]], Reward: [99.9],Reward_sum: 60733.3203125, Done: [False]
==========
t: 684, State: [[0.6  0.07]], Action: [[1.]], Reward: [99.9],Reward_sum: 60833.22265625, Done: [False]
==========
t: 685, State: [[0.6  0.07]], Action: [[1.]], Reward: [99.9],Reward_sum: 60933.12109375, Done: [False]
==========
t: 686, State: [[0.6  0.07]], Action: [[1.]], Reward: [99.9],Reward_sum: 61033.01953125, Done: [False]
==========
t: 687, State: [[0.6  0.07]], Action: [[1.]], Reward: [99.9],Reward_sum: 61132.91796875, Done: [False]
==========
t: 688, State: [[0.6  0.07]], Action: [[1.]], Reward: [99.9],Reward_sum: 61232.8203125, Done: [False]
==========
t: 689, State: [[0.6  0.07]], Action: [[1.]], Reward: [99.9],Reward_sum: 61332.71875, Done: [False]
==========
t: 690, State: [[0.6  0.07]], Action: [[1.]], Reward: [99.9],Reward_sum: 61432.6171875, Done: [False]
==========
t: 691, State: [[0.6  0.07]], Action: [[1.]], Reward: [99.9],Reward_sum: 61532.51953125, Done: [False]
==========
t: 692, State: [[0.6  0.07]], Action: [[1.]], Reward: [99.9],Reward_sum: 61632.421875, Done: [False]
==========
t: 693, State: [[0.6  0.07]], Action: [[1.]], Reward: [99.9],Reward_sum: 61732.3203125, Done: [False]
==========
t: 694, State: [[0.6  0.07]], Action: [[1.]], Reward: [99.9],Reward_sum: 61832.21875, Done: [False]
==========
t: 695, State: [[0.6  0.07]], Action: [[1.]], Reward: [99.9],Reward_sum: 61932.1171875, Done: [False]
==========
t: 696, State: [[0.6  0.07]], Action: [[1.]], Reward: [99.9],Reward_sum: 62032.015625, Done: [False]
==========
t: 697, State: [[0.6  0.07]], Action: [[1.]], Reward: [99.9],Reward_sum: 62131.91796875, Done: [False]
==========
t: 698, State: [[0.6  0.07]], Action: [[1.]], Reward: [99.9],Reward_sum: 62231.8203125, Done: [False]
==========
t: 699, State: [[0.6  0.07]], Action: [[1.]], Reward: [99.9],Reward_sum: 62331.71875, Done: [False]
==========
t: 700, State: [[0.6  0.07]], Action: [[1.]], Reward: [99.9],Reward_sum: 62431.6171875, Done: [False]
==========
t: 701, State: [[0.6  0.07]], Action: [[1.]], Reward: [99.9],Reward_sum: 62531.51953125, Done: [False]
==========
t: 702, State: [[0.6  0.07]], Action: [[1.]], Reward: [99.9],Reward_sum: 62631.421875, Done: [False]
==========
t: 703, State: [[0.6  0.07]], Action: [[1.]], Reward: [99.9],Reward_sum: 62731.3203125, Done: [False]
==========
t: 704, State: [[0.6  0.07]], Action: [[1.]], Reward: [99.9],Reward_sum: 62831.21875, Done: [False]
==========
t: 705, State: [[0.6  0.07]], Action: [[1.]], Reward: [99.9],Reward_sum: 62931.1171875, Done: [False]
==========
t: 706, State: [[0.6  0.07]], Action: [[1.]], Reward: [99.9],Reward_sum: 63031.0234375, Done: [False]
==========
t: 707, State: [[0.6  0.07]], Action: [[1.]], Reward: [99.9],Reward_sum: 63130.921875, Done: [False]
==========
t: 708, State: [[0.6  0.07]], Action: [[1.]], Reward: [99.9],Reward_sum: 63230.8203125, Done: [False]
==========
t: 709, State: [[0.6  0.07]], Action: [[1.]], Reward: [99.9],Reward_sum: 63330.71875, Done: [False]
==========
t: 710, State: [[0.6  0.07]], Action: [[1.]], Reward: [99.9],Reward_sum: 63430.625, Done: [False]
==========
t: 711, State: [[0.6  0.07]], Action: [[1.]], Reward: [99.9],Reward_sum: 63530.515625, Done: [False]
==========
t: 712, State: [[0.6  0.07]], Action: [[1.]], Reward: [99.9],Reward_sum: 63630.421875, Done: [False]
==========
t: 713, State: [[0.6  0.07]], Action: [[1.]], Reward: [99.9],Reward_sum: 63730.3203125, Done: [False]
==========
t: 714, State: [[0.6  0.07]], Action: [[1.]], Reward: [99.9],Reward_sum: 63830.21875, Done: [False]
==========
t: 715, State: [[0.6  0.07]], Action: [[1.]], Reward: [99.9],Reward_sum: 63930.1171875, Done: [False]
==========
t: 716, State: [[0.6  0.07]], Action: [[1.]], Reward: [99.9],Reward_sum: 64030.0234375, Done: [False]
==========
t: 717, State: [[0.6  0.07]], Action: [[1.]], Reward: [99.9],Reward_sum: 64129.921875, Done: [False]
==========
t: 718, State: [[0.6  0.07]], Action: [[1.]], Reward: [99.9],Reward_sum: 64229.8203125, Done: [False]
==========
t: 719, State: [[0.6  0.07]], Action: [[1.]], Reward: [99.9],Reward_sum: 64329.71875, Done: [False]
==========
t: 720, State: [[0.6  0.07]], Action: [[1.]], Reward: [99.9],Reward_sum: 64429.6171875, Done: [False]
==========
t: 721, State: [[0.6  0.07]], Action: [[1.]], Reward: [99.9],Reward_sum: 64529.515625, Done: [False]
==========
t: 722, State: [[0.6  0.07]], Action: [[1.]], Reward: [99.9],Reward_sum: 64629.421875, Done: [False]
==========
t: 723, State: [[0.6  0.07]], Action: [[1.]], Reward: [99.9],Reward_sum: 64729.3203125, Done: [False]
==========
t: 724, State: [[0.6  0.07]], Action: [[1.]], Reward: [99.9],Reward_sum: 64829.21875, Done: [False]
==========
t: 725, State: [[0.6  0.07]], Action: [[1.]], Reward: [99.9],Reward_sum: 64929.1171875, Done: [False]
==========
t: 726, State: [[0.6  0.07]], Action: [[1.]], Reward: [99.9],Reward_sum: 65029.0234375, Done: [False]
==========
t: 727, State: [[0.6  0.07]], Action: [[1.]], Reward: [99.9],Reward_sum: 65128.9140625, Done: [False]
==========
t: 728, State: [[0.6  0.07]], Action: [[1.]], Reward: [99.9],Reward_sum: 65228.8203125, Done: [False]
==========
t: 729, State: [[0.6  0.07]], Action: [[1.]], Reward: [99.9],Reward_sum: 65328.71875, Done: [False]
==========
t: 730, State: [[0.6  0.07]], Action: [[1.]], Reward: [99.9],Reward_sum: 65428.6171875, Done: [False]
==========
t: 731, State: [[0.6  0.07]], Action: [[1.]], Reward: [99.9],Reward_sum: 65528.515625, Done: [False]
==========
t: 732, State: [[0.6  0.07]], Action: [[1.]], Reward: [99.9],Reward_sum: 65628.421875, Done: [False]
==========
t: 733, State: [[0.6  0.07]], Action: [[1.]], Reward: [99.9],Reward_sum: 65728.3203125, Done: [False]
==========
t: 734, State: [[0.6  0.07]], Action: [[1.]], Reward: [99.9],Reward_sum: 65828.21875, Done: [False]
==========
t: 735, State: [[0.6  0.07]], Action: [[1.]], Reward: [99.9],Reward_sum: 65928.1171875, Done: [False]
==========
t: 736, State: [[0.6  0.07]], Action: [[1.]], Reward: [99.9],Reward_sum: 66028.015625, Done: [False]
==========
t: 737, State: [[0.6  0.07]], Action: [[1.]], Reward: [99.9],Reward_sum: 66127.9140625, Done: [False]
==========
t: 738, State: [[0.6  0.07]], Action: [[1.]], Reward: [99.9],Reward_sum: 66227.8203125, Done: [False]
==========
t: 739, State: [[0.6  0.07]], Action: [[1.]], Reward: [99.9],Reward_sum: 66327.71875, Done: [False]
==========
t: 740, State: [[0.6  0.07]], Action: [[1.]], Reward: [99.9],Reward_sum: 66427.6171875, Done: [False]
==========
t: 741, State: [[0.6  0.07]], Action: [[1.]], Reward: [99.9],Reward_sum: 66527.515625, Done: [False]
==========
t: 742, State: [[0.6  0.07]], Action: [[1.]], Reward: [99.9],Reward_sum: 66627.421875, Done: [False]
==========
t: 743, State: [[0.6  0.07]], Action: [[1.]], Reward: [99.9],Reward_sum: 66727.3203125, Done: [False]
==========
t: 744, State: [[0.6  0.07]], Action: [[1.]], Reward: [99.9],Reward_sum: 66827.21875, Done: [False]
==========
t: 745, State: [[0.6  0.07]], Action: [[1.]], Reward: [99.9],Reward_sum: 66927.1171875, Done: [False]
==========
t: 746, State: [[0.6  0.07]], Action: [[1.]], Reward: [99.9],Reward_sum: 67027.015625, Done: [False]
==========
t: 747, State: [[0.6  0.07]], Action: [[1.]], Reward: [99.9],Reward_sum: 67126.921875, Done: [False]
==========
t: 748, State: [[0.6  0.07]], Action: [[1.]], Reward: [99.9],Reward_sum: 67226.8203125, Done: [False]
==========
t: 749, State: [[0.6  0.07]], Action: [[1.]], Reward: [99.9],Reward_sum: 67326.71875, Done: [False]
==========
t: 750, State: [[0.6  0.07]], Action: [[1.]], Reward: [99.9],Reward_sum: 67426.6171875, Done: [False]
==========
t: 751, State: [[0.6  0.07]], Action: [[1.]], Reward: [99.9],Reward_sum: 67526.515625, Done: [False]
==========
t: 752, State: [[0.6  0.07]], Action: [[1.]], Reward: [99.9],Reward_sum: 67626.421875, Done: [False]
==========
t: 753, State: [[0.6  0.07]], Action: [[1.]], Reward: [99.9],Reward_sum: 67726.3125, Done: [False]
==========
t: 754, State: [[0.6  0.07]], Action: [[1.]], Reward: [99.9],Reward_sum: 67826.21875, Done: [False]
==========
t: 755, State: [[0.6  0.07]], Action: [[1.]], Reward: [99.9],Reward_sum: 67926.125, Done: [False]
==========
t: 756, State: [[0.6  0.07]], Action: [[1.]], Reward: [99.9],Reward_sum: 68026.015625, Done: [False]
==========
t: 757, State: [[0.6  0.07]], Action: [[1.]], Reward: [99.9],Reward_sum: 68125.921875, Done: [False]
==========
t: 758, State: [[0.6  0.07]], Action: [[1.]], Reward: [99.9],Reward_sum: 68225.8203125, Done: [False]
==========
t: 759, State: [[0.6  0.07]], Action: [[1.]], Reward: [99.9],Reward_sum: 68325.71875, Done: [False]
==========
t: 760, State: [[0.6  0.07]], Action: [[1.]], Reward: [99.9],Reward_sum: 68425.625, Done: [False]
==========
t: 761, State: [[0.6  0.07]], Action: [[1.]], Reward: [99.9],Reward_sum: 68525.515625, Done: [False]
==========
t: 762, State: [[0.6  0.07]], Action: [[1.]], Reward: [99.9],Reward_sum: 68625.421875, Done: [False]
==========
t: 763, State: [[0.6  0.07]], Action: [[1.]], Reward: [99.9],Reward_sum: 68725.3203125, Done: [False]
==========
t: 764, State: [[0.6  0.07]], Action: [[1.]], Reward: [99.9],Reward_sum: 68825.21875, Done: [False]
==========
t: 765, State: [[0.6  0.07]], Action: [[1.]], Reward: [99.9],Reward_sum: 68925.125, Done: [False]
==========
t: 766, State: [[0.6  0.07]], Action: [[1.]], Reward: [99.9],Reward_sum: 69025.015625, Done: [False]
==========
t: 767, State: [[0.6  0.07]], Action: [[1.]], Reward: [99.9],Reward_sum: 69124.921875, Done: [False]
==========
t: 768, State: [[0.6  0.07]], Action: [[1.]], Reward: [99.9],Reward_sum: 69224.8203125, Done: [False]
==========
t: 769, State: [[0.6  0.07]], Action: [[1.]], Reward: [99.9],Reward_sum: 69324.71875, Done: [False]
==========
t: 770, State: [[0.6  0.07]], Action: [[1.]], Reward: [99.9],Reward_sum: 69424.6171875, Done: [False]
==========
t: 771, State: [[0.6  0.07]], Action: [[1.]], Reward: [99.9],Reward_sum: 69524.515625, Done: [False]
==========
t: 772, State: [[0.6  0.07]], Action: [[1.]], Reward: [99.9],Reward_sum: 69624.421875, Done: [False]
==========
t: 773, State: [[0.6  0.07]], Action: [[1.]], Reward: [99.9],Reward_sum: 69724.3203125, Done: [False]
==========
t: 774, State: [[0.6  0.07]], Action: [[1.]], Reward: [99.9],Reward_sum: 69824.21875, Done: [False]
==========
t: 775, State: [[0.6  0.07]], Action: [[1.]], Reward: [99.9],Reward_sum: 69924.1171875, Done: [False]
==========
t: 776, State: [[0.6  0.07]], Action: [[1.]], Reward: [99.9],Reward_sum: 70024.015625, Done: [False]
==========
t: 777, State: [[0.6  0.07]], Action: [[1.]], Reward: [99.9],Reward_sum: 70123.921875, Done: [False]
==========
t: 778, State: [[0.6  0.07]], Action: [[1.]], Reward: [99.9],Reward_sum: 70223.8203125, Done: [False]
==========
t: 779, State: [[0.6  0.07]], Action: [[1.]], Reward: [99.9],Reward_sum: 70323.71875, Done: [False]
==========
t: 780, State: [[0.6  0.07]], Action: [[1.]], Reward: [99.9],Reward_sum: 70423.6171875, Done: [False]
==========
t: 781, State: [[0.6  0.07]], Action: [[1.]], Reward: [99.9],Reward_sum: 70523.5234375, Done: [False]
==========
t: 782, State: [[0.6  0.07]], Action: [[1.]], Reward: [99.9],Reward_sum: 70623.421875, Done: [False]
==========
t: 783, State: [[0.6  0.07]], Action: [[1.]], Reward: [99.9],Reward_sum: 70723.3203125, Done: [False]
==========
t: 784, State: [[0.6  0.07]], Action: [[1.]], Reward: [99.9],Reward_sum: 70823.21875, Done: [False]
==========
t: 785, State: [[0.6  0.07]], Action: [[1.]], Reward: [99.9],Reward_sum: 70923.125, Done: [False]
==========
t: 786, State: [[0.6  0.07]], Action: [[1.]], Reward: [99.9],Reward_sum: 71023.0234375, Done: [False]
==========
t: 787, State: [[0.6  0.07]], Action: [[1.]], Reward: [99.9],Reward_sum: 71122.921875, Done: [False]
==========
t: 788, State: [[0.6  0.07]], Action: [[1.]], Reward: [99.9],Reward_sum: 71222.8203125, Done: [False]
==========
t: 789, State: [[0.6  0.07]], Action: [[1.]], Reward: [99.9],Reward_sum: 71322.7265625, Done: [False]
==========
t: 790, State: [[0.6  0.07]], Action: [[1.]], Reward: [99.9],Reward_sum: 71422.625, Done: [False]
==========
t: 791, State: [[0.6  0.07]], Action: [[1.]], Reward: [99.9],Reward_sum: 71522.5234375, Done: [False]
==========
t: 792, State: [[0.6  0.07]], Action: [[1.]], Reward: [99.9],Reward_sum: 71622.421875, Done: [False]
==========
t: 793, State: [[0.6  0.07]], Action: [[1.]], Reward: [99.9],Reward_sum: 71722.328125, Done: [False]
==========
t: 794, State: [[0.6  0.07]], Action: [[1.]], Reward: [99.9],Reward_sum: 71822.21875, Done: [False]
==========
t: 795, State: [[0.6  0.07]], Action: [[1.]], Reward: [99.9],Reward_sum: 71922.125, Done: [False]
==========
t: 796, State: [[0.6  0.07]], Action: [[1.]], Reward: [99.9],Reward_sum: 72022.0234375, Done: [False]
==========
t: 797, State: [[0.6  0.07]], Action: [[1.]], Reward: [99.9],Reward_sum: 72121.921875, Done: [False]
==========
t: 798, State: [[0.6  0.07]], Action: [[1.]], Reward: [99.9],Reward_sum: 72221.828125, Done: [False]
==========
t: 799, State: [[0.6  0.07]], Action: [[1.]], Reward: [99.9],Reward_sum: 72321.71875, Done: [False]
==========
t: 800, State: [[0.6  0.07]], Action: [[1.]], Reward: [99.9],Reward_sum: 72421.625, Done: [False]
==========
t: 801, State: [[0.6  0.07]], Action: [[1.]], Reward: [99.9],Reward_sum: 72521.5234375, Done: [False]
==========
t: 802, State: [[0.6  0.07]], Action: [[1.]], Reward: [99.9],Reward_sum: 72621.421875, Done: [False]
==========
t: 803, State: [[0.6  0.07]], Action: [[1.]], Reward: [99.9],Reward_sum: 72721.328125, Done: [False]
==========
t: 804, State: [[0.6  0.07]], Action: [[1.]], Reward: [99.9],Reward_sum: 72821.21875, Done: [False]
==========
t: 805, State: [[0.6  0.07]], Action: [[1.]], Reward: [99.9],Reward_sum: 72921.125, Done: [False]
==========
t: 806, State: [[0.6  0.07]], Action: [[1.]], Reward: [99.9],Reward_sum: 73021.0234375, Done: [False]
==========
t: 807, State: [[0.6  0.07]], Action: [[1.]], Reward: [99.9],Reward_sum: 73120.921875, Done: [False]
==========
t: 808, State: [[0.6  0.07]], Action: [[1.]], Reward: [99.9],Reward_sum: 73220.828125, Done: [False]
==========
t: 809, State: [[0.6  0.07]], Action: [[1.]], Reward: [99.9],Reward_sum: 73320.71875, Done: [False]
==========
t: 810, State: [[0.6  0.07]], Action: [[1.]], Reward: [99.9],Reward_sum: 73420.625, Done: [False]
==========
t: 811, State: [[0.6  0.07]], Action: [[1.]], Reward: [99.9],Reward_sum: 73520.5234375, Done: [False]
==========
t: 812, State: [[0.6  0.07]], Action: [[1.]], Reward: [99.9],Reward_sum: 73620.421875, Done: [False]
==========
t: 813, State: [[0.6  0.07]], Action: [[1.]], Reward: [99.9],Reward_sum: 73720.328125, Done: [False]
==========
t: 814, State: [[0.6  0.07]], Action: [[1.]], Reward: [99.9],Reward_sum: 73820.21875, Done: [False]
==========
t: 815, State: [[0.6  0.07]], Action: [[1.]], Reward: [99.9],Reward_sum: 73920.125, Done: [False]
==========
t: 816, State: [[0.6  0.07]], Action: [[1.]], Reward: [99.9],Reward_sum: 74020.0234375, Done: [False]
==========
t: 817, State: [[0.6  0.07]], Action: [[1.]], Reward: [99.9],Reward_sum: 74119.921875, Done: [False]
==========
t: 818, State: [[0.6  0.07]], Action: [[1.]], Reward: [99.9],Reward_sum: 74219.8203125, Done: [False]
==========
t: 819, State: [[0.6  0.07]], Action: [[1.]], Reward: [99.9],Reward_sum: 74319.71875, Done: [False]
==========
t: 820, State: [[0.6  0.07]], Action: [[1.]], Reward: [99.9],Reward_sum: 74419.625, Done: [False]
==========
t: 821, State: [[0.6  0.07]], Action: [[1.]], Reward: [99.9],Reward_sum: 74519.5234375, Done: [False]
==========
t: 822, State: [[0.6  0.07]], Action: [[1.]], Reward: [99.9],Reward_sum: 74619.421875, Done: [False]
==========
t: 823, State: [[0.6  0.07]], Action: [[1.]], Reward: [99.9],Reward_sum: 74719.3203125, Done: [False]
==========
t: 824, State: [[0.6  0.07]], Action: [[1.]], Reward: [99.9],Reward_sum: 74819.21875, Done: [False]
==========
t: 825, State: [[0.6  0.07]], Action: [[1.]], Reward: [99.9],Reward_sum: 74919.125, Done: [False]
==========
t: 826, State: [[0.6  0.07]], Action: [[1.]], Reward: [99.9],Reward_sum: 75019.0234375, Done: [False]
==========
t: 827, State: [[0.6  0.07]], Action: [[1.]], Reward: [99.9],Reward_sum: 75118.921875, Done: [False]
==========
t: 828, State: [[0.6  0.07]], Action: [[1.]], Reward: [99.9],Reward_sum: 75218.8203125, Done: [False]
==========
t: 829, State: [[0.6  0.07]], Action: [[1.]], Reward: [99.9],Reward_sum: 75318.71875, Done: [False]
==========
t: 830, State: [[0.6  0.07]], Action: [[1.]], Reward: [99.9],Reward_sum: 75418.625, Done: [False]
==========
t: 831, State: [[0.6  0.07]], Action: [[1.]], Reward: [99.9],Reward_sum: 75518.515625, Done: [False]
==========
t: 832, State: [[0.6  0.07]], Action: [[1.]], Reward: [99.9],Reward_sum: 75618.421875, Done: [False]
==========
t: 833, State: [[0.6  0.07]], Action: [[1.]], Reward: [99.9],Reward_sum: 75718.3203125, Done: [False]
==========
t: 834, State: [[0.6  0.07]], Action: [[1.]], Reward: [99.9],Reward_sum: 75818.21875, Done: [False]
==========
t: 835, State: [[0.6  0.07]], Action: [[1.]], Reward: [99.9],Reward_sum: 75918.125, Done: [False]
==========
t: 836, State: [[0.6  0.07]], Action: [[1.]], Reward: [99.9],Reward_sum: 76018.015625, Done: [False]
==========
t: 837, State: [[0.6  0.07]], Action: [[1.]], Reward: [99.9],Reward_sum: 76117.921875, Done: [False]
==========
t: 838, State: [[0.6  0.07]], Action: [[1.]], Reward: [99.9],Reward_sum: 76217.828125, Done: [False]
==========
t: 839, State: [[0.6  0.07]], Action: [[1.]], Reward: [99.9],Reward_sum: 76317.71875, Done: [False]
==========
t: 840, State: [[0.6  0.07]], Action: [[1.]], Reward: [99.9],Reward_sum: 76417.625, Done: [False]
==========
t: 841, State: [[0.6  0.07]], Action: [[1.]], Reward: [99.9],Reward_sum: 76517.515625, Done: [False]
==========
t: 842, State: [[0.6  0.07]], Action: [[1.]], Reward: [99.9],Reward_sum: 76617.421875, Done: [False]
==========
t: 843, State: [[0.6  0.07]], Action: [[1.]], Reward: [99.9],Reward_sum: 76717.3203125, Done: [False]
==========
t: 844, State: [[0.6  0.07]], Action: [[1.]], Reward: [99.9],Reward_sum: 76817.21875, Done: [False]
==========
t: 845, State: [[0.6  0.07]], Action: [[1.]], Reward: [99.9],Reward_sum: 76917.125, Done: [False]
==========
t: 846, State: [[0.6  0.07]], Action: [[1.]], Reward: [99.9],Reward_sum: 77017.0234375, Done: [False]
==========
t: 847, State: [[0.6  0.07]], Action: [[1.]], Reward: [99.9],Reward_sum: 77116.921875, Done: [False]
==========
t: 848, State: [[0.6  0.07]], Action: [[1.]], Reward: [99.9],Reward_sum: 77216.8203125, Done: [False]
==========
t: 849, State: [[0.6  0.07]], Action: [[1.]], Reward: [99.9],Reward_sum: 77316.71875, Done: [False]
==========
t: 850, State: [[0.6  0.07]], Action: [[1.]], Reward: [99.9],Reward_sum: 77416.625, Done: [False]
==========
t: 851, State: [[0.6  0.07]], Action: [[1.]], Reward: [99.9],Reward_sum: 77516.515625, Done: [False]
==========
t: 852, State: [[0.6  0.07]], Action: [[1.]], Reward: [99.9],Reward_sum: 77616.421875, Done: [False]
==========
t: 853, State: [[0.6  0.07]], Action: [[1.]], Reward: [99.9],Reward_sum: 77716.3203125, Done: [False]
==========
t: 854, State: [[0.6  0.07]], Action: [[1.]], Reward: [99.9],Reward_sum: 77816.21875, Done: [False]
==========
t: 855, State: [[0.6  0.07]], Action: [[1.]], Reward: [99.9],Reward_sum: 77916.1171875, Done: [False]
==========
t: 856, State: [[0.6  0.07]], Action: [[1.]], Reward: [99.9],Reward_sum: 78016.015625, Done: [False]
==========
t: 857, State: [[0.6  0.07]], Action: [[1.]], Reward: [99.9],Reward_sum: 78115.921875, Done: [False]
==========
t: 858, State: [[0.6  0.07]], Action: [[1.]], Reward: [99.9],Reward_sum: 78215.8203125, Done: [False]
==========
t: 859, State: [[0.6  0.07]], Action: [[1.]], Reward: [99.9],Reward_sum: 78315.71875, Done: [False]
==========
t: 860, State: [[0.6  0.07]], Action: [[1.]], Reward: [99.9],Reward_sum: 78415.625, Done: [False]
==========
t: 861, State: [[0.6  0.07]], Action: [[1.]], Reward: [99.9],Reward_sum: 78515.515625, Done: [False]
==========
t: 862, State: [[0.6  0.07]], Action: [[1.]], Reward: [99.9],Reward_sum: 78615.421875, Done: [False]
==========
t: 863, State: [[0.6  0.07]], Action: [[1.]], Reward: [99.9],Reward_sum: 78715.3203125, Done: [False]
==========
t: 864, State: [[0.6  0.07]], Action: [[1.]], Reward: [99.9],Reward_sum: 78815.21875, Done: [False]
==========
t: 865, State: [[0.6  0.07]], Action: [[1.]], Reward: [99.9],Reward_sum: 78915.125, Done: [False]
==========
t: 866, State: [[0.6  0.07]], Action: [[1.]], Reward: [99.9],Reward_sum: 79015.0234375, Done: [False]
==========
t: 867, State: [[0.6  0.07]], Action: [[1.]], Reward: [99.9],Reward_sum: 79114.921875, Done: [False]
==========
t: 868, State: [[0.6  0.07]], Action: [[1.]], Reward: [99.9],Reward_sum: 79214.828125, Done: [False]
==========
t: 869, State: [[0.6  0.07]], Action: [[1.]], Reward: [99.9],Reward_sum: 79314.71875, Done: [False]
==========
t: 870, State: [[0.6  0.07]], Action: [[1.]], Reward: [99.9],Reward_sum: 79414.625, Done: [False]
==========
t: 871, State: [[0.6  0.07]], Action: [[1.]], Reward: [99.9],Reward_sum: 79514.5234375, Done: [False]
==========
t: 872, State: [[0.6  0.07]], Action: [[1.]], Reward: [99.9],Reward_sum: 79614.421875, Done: [False]
==========
t: 873, State: [[0.6  0.07]], Action: [[1.]], Reward: [99.9],Reward_sum: 79714.3203125, Done: [False]
==========
t: 874, State: [[0.6  0.07]], Action: [[1.]], Reward: [99.9],Reward_sum: 79814.21875, Done: [False]
==========
t: 875, State: [[0.6  0.07]], Action: [[1.]], Reward: [99.9],Reward_sum: 79914.125, Done: [False]
==========
t: 876, State: [[0.6  0.07]], Action: [[1.]], Reward: [99.9],Reward_sum: 80014.0234375, Done: [False]
==========
t: 877, State: [[0.6  0.07]], Action: [[1.]], Reward: [99.9],Reward_sum: 80113.921875, Done: [False]
==========
t: 878, State: [[0.6  0.07]], Action: [[1.]], Reward: [99.9],Reward_sum: 80213.828125, Done: [False]
==========
t: 879, State: [[0.6  0.07]], Action: [[1.]], Reward: [99.9],Reward_sum: 80313.71875, Done: [False]
==========
t: 880, State: [[0.6  0.07]], Action: [[1.]], Reward: [99.9],Reward_sum: 80413.625, Done: [False]
==========
t: 881, State: [[0.6  0.07]], Action: [[1.]], Reward: [99.9],Reward_sum: 80513.515625, Done: [False]
==========
t: 882, State: [[0.6  0.07]], Action: [[1.]], Reward: [99.9],Reward_sum: 80613.421875, Done: [False]
==========
t: 883, State: [[0.6  0.07]], Action: [[1.]], Reward: [99.9],Reward_sum: 80713.328125, Done: [False]
==========
t: 884, State: [[0.6  0.07]], Action: [[1.]], Reward: [99.9],Reward_sum: 80813.21875, Done: [False]
==========
t: 885, State: [[0.6  0.07]], Action: [[1.]], Reward: [99.9],Reward_sum: 80913.125, Done: [False]
==========
t: 886, State: [[0.6  0.07]], Action: [[1.]], Reward: [99.9],Reward_sum: 81013.0234375, Done: [False]
==========
t: 887, State: [[0.6  0.07]], Action: [[1.]], Reward: [99.9],Reward_sum: 81112.921875, Done: [False]
==========
t: 888, State: [[0.6  0.07]], Action: [[1.]], Reward: [99.9],Reward_sum: 81212.828125, Done: [False]
==========
t: 889, State: [[0.6  0.07]], Action: [[1.]], Reward: [99.9],Reward_sum: 81312.71875, Done: [False]
==========
t: 890, State: [[0.6  0.07]], Action: [[1.]], Reward: [99.9],Reward_sum: 81412.625, Done: [False]
==========
t: 891, State: [[0.6  0.07]], Action: [[1.]], Reward: [99.9],Reward_sum: 81512.5234375, Done: [False]
==========
t: 892, State: [[0.6  0.07]], Action: [[1.]], Reward: [99.9],Reward_sum: 81612.421875, Done: [False]
==========
t: 893, State: [[0.6  0.07]], Action: [[1.]], Reward: [99.9],Reward_sum: 81712.328125, Done: [False]
==========
t: 894, State: [[0.6  0.07]], Action: [[1.]], Reward: [99.9],Reward_sum: 81812.21875, Done: [False]
==========
t: 895, State: [[0.6  0.07]], Action: [[1.]], Reward: [99.9],Reward_sum: 81912.125, Done: [False]
==========
t: 896, State: [[0.6  0.07]], Action: [[1.]], Reward: [99.9],Reward_sum: 82012.0234375, Done: [False]
==========
t: 897, State: [[0.6  0.07]], Action: [[1.]], Reward: [99.9],Reward_sum: 82111.921875, Done: [False]
==========
t: 898, State: [[0.6  0.07]], Action: [[1.]], Reward: [99.9],Reward_sum: 82211.8203125, Done: [False]
==========
t: 899, State: [[0.6  0.07]], Action: [[1.]], Reward: [99.9],Reward_sum: 82311.71875, Done: [False]
==========
t: 900, State: [[0.6  0.07]], Action: [[1.]], Reward: [99.9],Reward_sum: 82411.625, Done: [False]
==========
t: 901, State: [[0.6  0.07]], Action: [[1.]], Reward: [99.9],Reward_sum: 82511.5234375, Done: [False]
==========
t: 902, State: [[0.6  0.07]], Action: [[1.]], Reward: [99.9],Reward_sum: 82611.421875, Done: [False]
==========
t: 903, State: [[0.6  0.07]], Action: [[1.]], Reward: [99.9],Reward_sum: 82711.3203125, Done: [False]
==========
t: 904, State: [[0.6  0.07]], Action: [[1.]], Reward: [99.9],Reward_sum: 82811.21875, Done: [False]
==========
t: 905, State: [[0.6  0.07]], Action: [[1.]], Reward: [99.9],Reward_sum: 82911.125, Done: [False]
==========
t: 906, State: [[0.6  0.07]], Action: [[1.]], Reward: [99.9],Reward_sum: 83011.0234375, Done: [False]
==========
t: 907, State: [[0.6  0.07]], Action: [[1.]], Reward: [99.9],Reward_sum: 83110.921875, Done: [False]
==========
t: 908, State: [[0.6  0.07]], Action: [[1.]], Reward: [99.9],Reward_sum: 83210.8203125, Done: [False]
==========
t: 909, State: [[0.6  0.07]], Action: [[1.]], Reward: [99.9],Reward_sum: 83310.7265625, Done: [False]
==========
t: 910, State: [[0.6  0.07]], Action: [[1.]], Reward: [99.9],Reward_sum: 83410.625, Done: [False]
==========
t: 911, State: [[0.6  0.07]], Action: [[1.]], Reward: [99.9],Reward_sum: 83510.5234375, Done: [False]
==========
t: 912, State: [[0.6  0.07]], Action: [[1.]], Reward: [99.9],Reward_sum: 83610.421875, Done: [False]
==========
t: 913, State: [[0.6  0.07]], Action: [[1.]], Reward: [99.9],Reward_sum: 83710.328125, Done: [False]
==========
t: 914, State: [[0.6  0.07]], Action: [[1.]], Reward: [99.9],Reward_sum: 83810.2265625, Done: [False]
==========
t: 915, State: [[0.6  0.07]], Action: [[1.]], Reward: [99.9],Reward_sum: 83910.125, Done: [False]
==========
t: 916, State: [[0.6  0.07]], Action: [[1.]], Reward: [99.9],Reward_sum: 84010.0234375, Done: [False]
==========
t: 917, State: [[0.6  0.07]], Action: [[1.]], Reward: [99.9],Reward_sum: 84109.9296875, Done: [False]
==========
t: 918, State: [[0.6  0.07]], Action: [[1.]], Reward: [99.9],Reward_sum: 84209.828125, Done: [False]
==========
t: 919, State: [[0.6  0.07]], Action: [[1.]], Reward: [99.9],Reward_sum: 84309.7265625, Done: [False]
==========
t: 920, State: [[0.6  0.07]], Action: [[1.]], Reward: [99.9],Reward_sum: 84409.625, Done: [False]
==========
t: 921, State: [[0.6  0.07]], Action: [[1.]], Reward: [99.9],Reward_sum: 84509.53125, Done: [False]
==========
t: 922, State: [[0.6  0.07]], Action: [[1.]], Reward: [99.9],Reward_sum: 84609.421875, Done: [False]
==========
t: 923, State: [[0.6  0.07]], Action: [[1.]], Reward: [99.9],Reward_sum: 84709.328125, Done: [False]
==========
t: 924, State: [[0.6  0.07]], Action: [[1.]], Reward: [99.9],Reward_sum: 84809.2265625, Done: [False]
==========
t: 925, State: [[0.6  0.07]], Action: [[1.]], Reward: [99.9],Reward_sum: 84909.125, Done: [False]
==========
t: 926, State: [[0.6  0.07]], Action: [[1.]], Reward: [99.9],Reward_sum: 85009.03125, Done: [False]
==========
t: 927, State: [[0.6  0.07]], Action: [[1.]], Reward: [99.9],Reward_sum: 85108.921875, Done: [False]
==========
t: 928, State: [[0.6  0.07]], Action: [[1.]], Reward: [99.9],Reward_sum: 85208.828125, Done: [False]
==========
t: 929, State: [[0.6  0.07]], Action: [[1.]], Reward: [99.9],Reward_sum: 85308.7265625, Done: [False]
==========
t: 930, State: [[0.6  0.07]], Action: [[1.]], Reward: [99.9],Reward_sum: 85408.625, Done: [False]
==========
t: 931, State: [[0.6  0.07]], Action: [[1.]], Reward: [99.9],Reward_sum: 85508.53125, Done: [False]
==========
t: 932, State: [[0.6  0.07]], Action: [[1.]], Reward: [99.9],Reward_sum: 85608.421875, Done: [False]
==========
t: 933, State: [[0.6  0.07]], Action: [[1.]], Reward: [99.9],Reward_sum: 85708.328125, Done: [False]
==========
t: 934, State: [[0.6  0.07]], Action: [[1.]], Reward: [99.9],Reward_sum: 85808.2265625, Done: [False]
==========
t: 935, State: [[0.6  0.07]], Action: [[1.]], Reward: [99.9],Reward_sum: 85908.125, Done: [False]
==========
t: 936, State: [[0.6  0.07]], Action: [[1.]], Reward: [99.9],Reward_sum: 86008.03125, Done: [False]
==========
t: 937, State: [[0.6  0.07]], Action: [[1.]], Reward: [99.9],Reward_sum: 86107.921875, Done: [False]
==========
t: 938, State: [[0.6  0.07]], Action: [[1.]], Reward: [99.9],Reward_sum: 86207.828125, Done: [False]
==========
t: 939, State: [[0.6  0.07]], Action: [[1.]], Reward: [99.9],Reward_sum: 86307.7265625, Done: [False]
==========
t: 940, State: [[0.6  0.07]], Action: [[1.]], Reward: [99.9],Reward_sum: 86407.625, Done: [False]
==========
t: 941, State: [[0.6  0.07]], Action: [[1.]], Reward: [99.9],Reward_sum: 86507.53125, Done: [False]
==========
t: 942, State: [[0.6  0.07]], Action: [[1.]], Reward: [99.9],Reward_sum: 86607.421875, Done: [False]
==========
t: 943, State: [[0.6  0.07]], Action: [[1.]], Reward: [99.9],Reward_sum: 86707.328125, Done: [False]
==========
t: 944, State: [[0.6  0.07]], Action: [[1.]], Reward: [99.9],Reward_sum: 86807.2265625, Done: [False]
==========
t: 945, State: [[0.6  0.07]], Action: [[1.]], Reward: [99.9],Reward_sum: 86907.125, Done: [False]
==========
t: 946, State: [[0.6  0.07]], Action: [[1.]], Reward: [99.9],Reward_sum: 87007.0234375, Done: [False]
==========
t: 947, State: [[0.6  0.07]], Action: [[1.]], Reward: [99.9],Reward_sum: 87106.921875, Done: [False]
==========
t: 948, State: [[0.6  0.07]], Action: [[1.]], Reward: [99.9],Reward_sum: 87206.828125, Done: [False]
==========
t: 949, State: [[0.6  0.07]], Action: [[1.]], Reward: [99.9],Reward_sum: 87306.7265625, Done: [False]
==========
t: 950, State: [[0.6  0.07]], Action: [[1.]], Reward: [99.9],Reward_sum: 87406.625, Done: [False]
==========
t: 951, State: [[0.6  0.07]], Action: [[1.]], Reward: [99.9],Reward_sum: 87506.5234375, Done: [False]
==========
t: 952, State: [[0.6  0.07]], Action: [[1.]], Reward: [99.9],Reward_sum: 87606.421875, Done: [False]
==========
t: 953, State: [[0.6  0.07]], Action: [[1.]], Reward: [99.9],Reward_sum: 87706.328125, Done: [False]
==========
t: 954, State: [[0.6  0.07]], Action: [[1.]], Reward: [99.9],Reward_sum: 87806.2265625, Done: [False]
==========
t: 955, State: [[0.6  0.07]], Action: [[1.]], Reward: [99.9],Reward_sum: 87906.125, Done: [False]
==========
t: 956, State: [[0.6  0.07]], Action: [[1.]], Reward: [99.9],Reward_sum: 88006.0234375, Done: [False]
==========
t: 957, State: [[0.6  0.07]], Action: [[1.]], Reward: [99.9],Reward_sum: 88105.921875, Done: [False]
==========
t: 958, State: [[0.6  0.07]], Action: [[1.]], Reward: [99.9],Reward_sum: 88205.828125, Done: [False]
==========
t: 959, State: [[0.6  0.07]], Action: [[1.]], Reward: [99.9],Reward_sum: 88305.71875, Done: [False]
==========
t: 960, State: [[0.6  0.07]], Action: [[1.]], Reward: [99.9],Reward_sum: 88405.625, Done: [False]
==========
t: 961, State: [[0.6  0.07]], Action: [[1.]], Reward: [99.9],Reward_sum: 88505.5234375, Done: [False]
==========
t: 962, State: [[0.6  0.07]], Action: [[1.]], Reward: [99.9],Reward_sum: 88605.421875, Done: [False]
==========
t: 963, State: [[0.6  0.07]], Action: [[1.]], Reward: [99.9],Reward_sum: 88705.328125, Done: [False]
==========
t: 964, State: [[0.6  0.07]], Action: [[1.]], Reward: [99.9],Reward_sum: 88805.21875, Done: [False]
==========
t: 965, State: [[0.6  0.07]], Action: [[1.]], Reward: [99.9],Reward_sum: 88905.125, Done: [False]
==========
t: 966, State: [[0.6  0.07]], Action: [[1.]], Reward: [99.9],Reward_sum: 89005.03125, Done: [False]
==========
t: 967, State: [[0.6  0.07]], Action: [[1.]], Reward: [99.9],Reward_sum: 89104.921875, Done: [False]
==========
t: 968, State: [[0.6  0.07]], Action: [[1.]], Reward: [99.9],Reward_sum: 89204.828125, Done: [False]
==========
t: 969, State: [[0.6  0.07]], Action: [[1.]], Reward: [99.9],Reward_sum: 89304.71875, Done: [False]
==========
t: 970, State: [[0.6  0.07]], Action: [[1.]], Reward: [99.9],Reward_sum: 89404.625, Done: [False]
==========
t: 971, State: [[0.6  0.07]], Action: [[1.]], Reward: [99.9],Reward_sum: 89504.515625, Done: [False]
==========
t: 972, State: [[0.6  0.07]], Action: [[1.]], Reward: [99.9],Reward_sum: 89604.421875, Done: [False]
==========
t: 973, State: [[0.6  0.07]], Action: [[1.]], Reward: [99.9],Reward_sum: 89704.3203125, Done: [False]
==========
t: 974, State: [[0.6  0.07]], Action: [[1.]], Reward: [99.9],Reward_sum: 89804.21875, Done: [False]
==========
t: 975, State: [[0.6  0.07]], Action: [[1.]], Reward: [99.9],Reward_sum: 89904.125, Done: [False]
==========
t: 976, State: [[0.6  0.07]], Action: [[1.]], Reward: [99.9],Reward_sum: 90004.0234375, Done: [False]
==========
t: 977, State: [[0.6  0.07]], Action: [[1.]], Reward: [99.9],Reward_sum: 90103.921875, Done: [False]
==========
t: 978, State: [[0.6  0.07]], Action: [[1.]], Reward: [99.9],Reward_sum: 90203.8203125, Done: [False]
==========
t: 979, State: [[0.6  0.07]], Action: [[1.]], Reward: [99.9],Reward_sum: 90303.71875, Done: [False]
==========
t: 980, State: [[0.6  0.07]], Action: [[1.]], Reward: [99.9],Reward_sum: 90403.625, Done: [False]
==========
t: 981, State: [[0.6  0.07]], Action: [[1.]], Reward: [99.9],Reward_sum: 90503.515625, Done: [False]
==========
t: 982, State: [[0.6  0.07]], Action: [[1.]], Reward: [99.9],Reward_sum: 90603.421875, Done: [False]
==========
t: 983, State: [[0.6  0.07]], Action: [[1.]], Reward: [99.9],Reward_sum: 90703.3203125, Done: [False]
==========
t: 984, State: [[0.6  0.07]], Action: [[1.]], Reward: [99.9],Reward_sum: 90803.21875, Done: [False]
==========
t: 985, State: [[0.6  0.07]], Action: [[1.]], Reward: [99.9],Reward_sum: 90903.125, Done: [False]
==========
t: 986, State: [[0.6  0.07]], Action: [[1.]], Reward: [99.9],Reward_sum: 91003.015625, Done: [False]
==========
t: 987, State: [[0.6  0.07]], Action: [[1.]], Reward: [99.9],Reward_sum: 91102.921875, Done: [False]
==========
t: 988, State: [[0.6  0.07]], Action: [[1.]], Reward: [99.9],Reward_sum: 91202.8203125, Done: [False]
==========
t: 989, State: [[0.6  0.07]], Action: [[1.]], Reward: [99.9],Reward_sum: 91302.71875, Done: [False]
==========
t: 990, State: [[0.6  0.07]], Action: [[1.]], Reward: [99.9],Reward_sum: 91402.6171875, Done: [False]
==========
t: 991, State: [[0.6  0.07]], Action: [[1.]], Reward: [99.9],Reward_sum: 91502.5234375, Done: [False]
==========
t: 992, State: [[0.6  0.07]], Action: [[1.]], Reward: [99.9],Reward_sum: 91602.421875, Done: [False]
==========
t: 993, State: [[0.6  0.07]], Action: [[1.]], Reward: [99.9],Reward_sum: 91702.328125, Done: [False]
==========
t: 994, State: [[0.6  0.07]], Action: [[1.]], Reward: [99.9],Reward_sum: 91802.21875, Done: [False]
==========
t: 995, State: [[0.6  0.07]], Action: [[1.]], Reward: [99.9],Reward_sum: 91902.125, Done: [False]
==========
t: 996, State: [[0.6  0.07]], Action: [[1.]], Reward: [99.9],Reward_sum: 92002.0234375, Done: [False]
==========
t: 997, State: [[0.6  0.07]], Action: [[1.]], Reward: [99.9],Reward_sum: 92101.921875, Done: [False]
==========
t: 998, State: [[-0.44282812  0.        ]], Action: [[1.]], Reward: [99.9],Reward_sum: 92201.8203125, Done: [ True]
==========
t: 999, State: [[-0.44492775 -0.00209963]], Action: [[-0.9998437]], Reward: [-0.09996875],Reward_sum: 92201.7265625, Done: [False]
==========
MountainCarContinuous-v0 - Steps: 1000, Return: 92201.7265625, State: [[-0.44492775 -0.00209963]]
rewards_demo [-9.99686047e-02 -1.99870378e-01 -2.99548507e-01 -3.98441851e-01
 -4.94397134e-01 -5.79836845e-01 -6.35148406e-01 -6.48978591e-01
 -6.59622788e-01 -6.67976499e-01 -6.74308479e-01 -6.78326726e-01
 -6.80658638e-01 -6.81971312e-01 -6.82713151e-01 -6.83163643e-01
 -6.83488965e-01 -6.83794200e-01 -6.84166789e-01 -6.84226513e-01
 -6.85187221e-01 -6.90944254e-01 -7.08980024e-01 -7.45358825e-01
 -8.08404565e-01 -8.93520057e-01 -9.90336657e-01 -1.09031487e+00
 -1.19031465e+00 -1.29031467e+00 -1.39031470e+00 -1.49031472e+00
 -1.59031475e+00 -1.69031477e+00 -1.79031479e+00 -1.89031482e+00
 -1.99031484e+00 -2.09031487e+00 -2.19031477e+00 -2.29031467e+00
 -2.39031458e+00 -2.49031448e+00 -2.59031439e+00 -2.69031429e+00
 -2.79031420e+00 -2.89031410e+00 -2.99031401e+00 -3.09031391e+00
 -3.19031382e+00 -3.29031372e+00 -3.39031363e+00 -3.49031353e+00
 -3.59031343e+00 -3.69031334e+00 -3.79031324e+00 -3.89031315e+00
 -3.99031305e+00 -4.09031296e+00 -4.19031286e+00 -4.29031277e+00
 -4.39031267e+00 -4.49031258e+00 -4.59031248e+00 -4.69031239e+00
 -4.79031229e+00 -4.89031219e+00 -4.99031210e+00 -5.09031200e+00
 -5.19031191e+00 -5.29031181e+00 -5.39031172e+00 -5.49031162e+00
 -5.59031153e+00 -5.69031143e+00 -5.79031134e+00 -5.89031124e+00
  9.40096893e+01  1.93909698e+02  2.93809692e+02  3.93709686e+02
  4.93609680e+02  5.93509705e+02  6.93409729e+02  7.93309753e+02
  8.93209778e+02  9.93109802e+02  1.09300977e+03  1.19290979e+03
  1.29280981e+03  1.39270984e+03  1.49260986e+03  1.59250989e+03
  1.69240991e+03  1.79230994e+03  1.89220996e+03  1.99210999e+03
  2.09201001e+03  2.19190991e+03  2.29180981e+03  2.39170972e+03
  2.49160962e+03  2.59150952e+03  2.69140942e+03  2.79130933e+03
  2.89120923e+03  2.99110913e+03  3.09100903e+03  3.19090894e+03
  3.29080884e+03  3.39070874e+03  3.49060864e+03  3.59050854e+03
  3.69040845e+03  3.79030835e+03  3.89020825e+03  3.99010815e+03
  4.09000806e+03  4.18990820e+03  4.28980811e+03  4.38970801e+03
  4.48960791e+03  4.58950781e+03  4.68940771e+03  4.78930762e+03
  4.88920752e+03  4.98910742e+03  5.08900732e+03  5.18890723e+03
  5.28880713e+03  5.38870703e+03  5.48860693e+03  5.58850684e+03
  5.68840674e+03  5.78830664e+03  5.88820654e+03  5.98810645e+03
  6.08800635e+03  6.18790625e+03  6.28780615e+03  6.38770605e+03
  6.48760596e+03  6.58750586e+03  6.68740576e+03  6.78730566e+03
  6.88720557e+03  6.98710547e+03  7.08700537e+03  7.18690527e+03
  7.28680518e+03  7.38670508e+03  7.48660498e+03  7.58650488e+03
  7.68640479e+03  7.78630469e+03  7.88620459e+03  7.98610449e+03
  8.08600439e+03  8.18590430e+03  8.28580469e+03  8.38570508e+03
  8.48560547e+03  8.58550586e+03  8.68540625e+03  8.78530664e+03
  8.88520703e+03  8.98510742e+03  9.08500781e+03  9.18490820e+03
  9.28480859e+03  9.38470898e+03  9.48460938e+03  9.58450977e+03
  9.68441016e+03  9.78431055e+03  9.88421094e+03  9.98411133e+03
  1.00840117e+04  1.01839121e+04  1.02838125e+04  1.03837129e+04
  1.04836133e+04  1.05835137e+04  1.06834141e+04  1.07833145e+04
  1.08832148e+04  1.09831152e+04  1.10830156e+04  1.11829160e+04
  1.12828164e+04  1.13827168e+04  1.14826172e+04  1.15825176e+04
  1.16824180e+04  1.17823184e+04  1.18822188e+04  1.19821191e+04
  1.20820195e+04  1.21819199e+04  1.22818203e+04  1.23817207e+04
  1.24816211e+04  1.25815215e+04  1.26814219e+04  1.27813223e+04
  1.28812227e+04  1.29811230e+04  1.30810234e+04  1.31809238e+04
  1.32808242e+04  1.33807246e+04  1.34806250e+04  1.35805254e+04
  1.36804258e+04  1.37803262e+04  1.38802266e+04  1.39801270e+04
  1.40800273e+04  1.41799277e+04  1.42798281e+04  1.43797285e+04
  1.44796289e+04  1.45795293e+04  1.46794297e+04  1.47793301e+04
  1.48792305e+04  1.49791309e+04  1.50790312e+04  1.51789316e+04
  1.52788320e+04  1.53787324e+04  1.54786328e+04  1.55785332e+04
  1.56784336e+04  1.57783340e+04  1.58782344e+04  1.59781348e+04
  1.60780352e+04  1.61779355e+04  1.62778359e+04  1.63777363e+04
  1.64776367e+04  1.65775371e+04  1.66774375e+04  1.67773379e+04
  1.68772383e+04  1.69771387e+04  1.70770391e+04  1.71769395e+04
  1.72768398e+04  1.73767402e+04  1.74766406e+04  1.75765410e+04
  1.76764414e+04  1.77763418e+04  1.78762422e+04  1.79761426e+04
  1.80760430e+04  1.81759434e+04  1.82758438e+04  1.83757441e+04
  1.84756445e+04  1.85755449e+04  1.86754453e+04  1.87753457e+04
  1.88752461e+04  1.89751465e+04  1.90750469e+04  1.91749473e+04
  1.92748477e+04  1.93747480e+04  1.94746484e+04  1.95745488e+04
  1.96744492e+04  1.97743496e+04  1.98742500e+04  1.99741504e+04
  2.00740508e+04  2.01739512e+04  2.02738516e+04  2.03737520e+04
  2.04736523e+04  2.05735527e+04  2.06734531e+04  2.07733535e+04
  2.08732539e+04  2.09731543e+04  2.10730547e+04  2.11729551e+04
  2.12728555e+04  2.13727559e+04  2.14726562e+04  2.15725566e+04
  2.16724570e+04  2.17723574e+04  2.18722578e+04  2.19721582e+04
  2.20720586e+04  2.21719590e+04  2.22718594e+04  2.23717598e+04
  2.24716602e+04  2.25715605e+04  2.26714609e+04  2.27713613e+04
  2.28712617e+04  2.29711621e+04  2.30710625e+04  2.31709629e+04
  2.32708633e+04  2.33707637e+04  2.34706641e+04  2.35705645e+04
  2.36704648e+04  2.37703652e+04  2.38702656e+04  2.39701660e+04
  2.40700664e+04  2.41699668e+04  2.42698672e+04  2.43697676e+04
  2.44696680e+04  2.45695684e+04  2.46694688e+04  2.47693691e+04
  2.48692695e+04  2.49691699e+04  2.50690703e+04  2.51689707e+04
  2.52688711e+04  2.53687715e+04  2.54686719e+04  2.55685723e+04
  2.56684727e+04  2.57683730e+04  2.58682734e+04  2.59681738e+04
  2.60680742e+04  2.61679746e+04  2.62678750e+04  2.63677754e+04
  2.64676758e+04  2.65675762e+04  2.66674766e+04  2.67673770e+04
  2.68672773e+04  2.69671777e+04  2.70670781e+04  2.71669785e+04
  2.72668789e+04  2.73667793e+04  2.74666797e+04  2.75665801e+04
  2.76664805e+04  2.77663809e+04  2.78662812e+04  2.79661816e+04
  2.80660820e+04  2.81659824e+04  2.82658828e+04  2.83657832e+04
  2.84656836e+04  2.85655840e+04  2.86654844e+04  2.87653848e+04
  2.88652852e+04  2.89651855e+04  2.90650859e+04  2.91649863e+04
  2.92648867e+04  2.93647871e+04  2.94646875e+04  2.95645879e+04
  2.96644883e+04  2.97643887e+04  2.98642891e+04  2.99641895e+04
  3.00640898e+04  3.01639902e+04  3.02638906e+04  3.03637910e+04
  3.04636914e+04  3.05635918e+04  3.06634922e+04  3.07633926e+04
  3.08632930e+04  3.09631934e+04  3.10630938e+04  3.11629941e+04
  3.12628945e+04  3.13627949e+04  3.14626953e+04  3.15625957e+04
  3.16624961e+04  3.17623965e+04  3.18622969e+04  3.19621973e+04
  3.20620977e+04  3.21619980e+04  3.22618984e+04  3.23617988e+04
  3.24616992e+04  3.25615996e+04  3.26615000e+04  3.27614004e+04
  3.28613008e+04  3.29611992e+04  3.30610977e+04  3.31609961e+04
  3.32608945e+04  3.33607930e+04  3.34606914e+04  3.35605898e+04
  3.36604883e+04  3.37603867e+04  3.38602852e+04  3.39601836e+04
  3.40600820e+04  3.41599805e+04  3.42598789e+04  3.43597773e+04
  3.44596758e+04  3.45595742e+04  3.46594727e+04  3.47593711e+04
  3.48592695e+04  3.49591680e+04  3.50590664e+04  3.51589648e+04
  3.52588633e+04  3.53587617e+04  3.54586602e+04  3.55585586e+04
  3.56584570e+04  3.57583555e+04  3.58582539e+04  3.59581523e+04
  3.60580508e+04  3.61579492e+04  3.62578477e+04  3.63577461e+04
  3.64576445e+04  3.65575430e+04  3.66574414e+04  3.67573398e+04
  3.68572383e+04  3.69571367e+04  3.70570352e+04  3.71569336e+04
  3.72568320e+04  3.73567305e+04  3.74566289e+04  3.75565273e+04
  3.76564258e+04  3.77563242e+04  3.78562227e+04  3.79561211e+04
  3.80560195e+04  3.81559180e+04  3.82558164e+04  3.83557148e+04
  3.84556133e+04  3.85555117e+04  3.86554102e+04  3.87553086e+04
  3.88552070e+04  3.89551055e+04  3.90550039e+04  3.91549023e+04
  3.92548008e+04  3.93546992e+04  3.94545977e+04  3.95544961e+04
  3.96543945e+04  3.97542930e+04  3.98541914e+04  3.99540898e+04
  4.00539883e+04  4.01538867e+04  4.02537852e+04  4.03536836e+04
  4.04535820e+04  4.05534805e+04  4.06533789e+04  4.07532773e+04
  4.08531758e+04  4.09530742e+04  4.10529727e+04  4.11528711e+04
  4.12527695e+04  4.13526680e+04  4.14525664e+04  4.15524648e+04
  4.16523633e+04  4.17522617e+04  4.18521602e+04  4.19520586e+04
  4.20519570e+04  4.21518555e+04  4.22517539e+04  4.23516523e+04
  4.24515508e+04  4.25514492e+04  4.26513477e+04  4.27512461e+04
  4.28511445e+04  4.29510430e+04  4.30509414e+04  4.31508398e+04
  4.32507383e+04  4.33506367e+04  4.34505352e+04  4.35504336e+04
  4.36503320e+04  4.37502305e+04  4.38501289e+04  4.39500273e+04
  4.40499258e+04  4.41498242e+04  4.42497227e+04  4.43496211e+04
  4.44495195e+04  4.45494180e+04  4.46493164e+04  4.47492148e+04
  4.48491133e+04  4.49490117e+04  4.50489102e+04  4.51488086e+04
  4.52487070e+04  4.53486055e+04  4.54485039e+04  4.55484023e+04
  4.56483008e+04  4.57481992e+04  4.58480977e+04  4.59479961e+04
  4.60478945e+04  4.61477930e+04  4.62476914e+04  4.63475898e+04
  4.64474883e+04  4.65473867e+04  4.66472852e+04  4.67471836e+04
  4.68470820e+04  4.69469805e+04  4.70468789e+04  4.71467773e+04
  4.72466758e+04  4.73465742e+04  4.74464727e+04  4.75463711e+04
  4.76462695e+04  4.77461680e+04  4.78460664e+04  4.79459648e+04
  4.80458633e+04  4.81457617e+04  4.82456602e+04  4.83455586e+04
  4.84454570e+04  4.85453555e+04  4.86452539e+04  4.87451523e+04
  4.88450508e+04  4.89449492e+04  4.90448477e+04  4.91447461e+04
  4.92446445e+04  4.93445430e+04  4.94444414e+04  4.95443398e+04
  4.96442383e+04  4.97441367e+04  4.98440352e+04  4.99439336e+04
  5.00438320e+04  5.01437305e+04  5.02436289e+04  5.03435273e+04
  5.04434258e+04  5.05433242e+04  5.06432227e+04  5.07431211e+04
  5.08430195e+04  5.09429180e+04  5.10428164e+04  5.11427148e+04
  5.12426133e+04  5.13425117e+04  5.14424102e+04  5.15423086e+04
  5.16422070e+04  5.17421055e+04  5.18420039e+04  5.19419023e+04
  5.20418008e+04  5.21416992e+04  5.22415977e+04  5.23414961e+04
  5.24413945e+04  5.25412930e+04  5.26411914e+04  5.27410898e+04
  5.28409883e+04  5.29408867e+04  5.30407852e+04  5.31406836e+04
  5.32405820e+04  5.33404805e+04  5.34403789e+04  5.35402773e+04
  5.36401758e+04  5.37400742e+04  5.38399727e+04  5.39398711e+04
  5.40397695e+04  5.41396680e+04  5.42395664e+04  5.43394648e+04
  5.44393633e+04  5.45392617e+04  5.46391602e+04  5.47390586e+04
  5.48389570e+04  5.49388555e+04  5.50387539e+04  5.51386523e+04
  5.52385508e+04  5.53384492e+04  5.54383477e+04  5.55382461e+04
  5.56381445e+04  5.57380430e+04  5.58379414e+04  5.59378398e+04
  5.60377383e+04  5.61376367e+04  5.62375352e+04  5.63374336e+04
  5.64373320e+04  5.65372305e+04  5.66371289e+04  5.67370273e+04
  5.68369258e+04  5.69368242e+04  5.70367227e+04  5.71366211e+04
  5.72365195e+04  5.73364180e+04  5.74363164e+04  5.75362148e+04
  5.76361133e+04  5.77360117e+04  5.78359102e+04  5.79358086e+04
  5.80357070e+04  5.81356055e+04  5.82355039e+04  5.83354023e+04
  5.84353008e+04  5.85351992e+04  5.86350977e+04  5.87349961e+04
  5.88348945e+04  5.89347930e+04  5.90346914e+04  5.91345898e+04
  5.92344883e+04  5.93343867e+04  5.94342852e+04  5.95341836e+04
  5.96340820e+04  5.97339805e+04  5.98338789e+04  5.99337773e+04
  6.00336758e+04  6.01335742e+04  6.02334727e+04  6.03333711e+04
  6.04332695e+04  6.05331680e+04  6.06330664e+04  6.07329648e+04
  6.08328633e+04  6.09327617e+04  6.10326602e+04  6.11325586e+04
  6.12324570e+04  6.13323555e+04  6.14322539e+04  6.15321523e+04
  6.16320508e+04  6.17319492e+04  6.18318477e+04  6.19317461e+04
  6.20316445e+04  6.21315430e+04  6.22314414e+04  6.23313398e+04
  6.24312383e+04  6.25311367e+04  6.26310352e+04  6.27309336e+04
  6.28308320e+04  6.29307305e+04  6.30306289e+04  6.31305273e+04
  6.32304258e+04  6.33303242e+04  6.34302227e+04  6.35301211e+04
  6.36300195e+04  6.37299180e+04  6.38298164e+04  6.39297148e+04
  6.40296133e+04  6.41295117e+04  6.42294102e+04  6.43293086e+04
  6.44292070e+04  6.45291055e+04  6.46290039e+04  6.47289023e+04
  6.48288008e+04  6.49286992e+04  6.50285977e+04  6.51284961e+04
  6.52283945e+04  6.53282930e+04  6.54281914e+04  6.55280898e+04
  6.56279922e+04  6.57278906e+04  6.58277891e+04  6.59276875e+04
  6.60275859e+04  6.61274844e+04  6.62273828e+04  6.63272812e+04
  6.64271797e+04  6.65270781e+04  6.66269766e+04  6.67268750e+04
  6.68267734e+04  6.69266719e+04  6.70265703e+04  6.71264688e+04
  6.72263672e+04  6.73262656e+04  6.74261641e+04  6.75260625e+04
  6.76259609e+04  6.77258594e+04  6.78257578e+04  6.79256562e+04
  6.80255547e+04  6.81254531e+04  6.82253516e+04  6.83252500e+04
  6.84251484e+04  6.85250469e+04  6.86249453e+04  6.87248438e+04
  6.88247422e+04  6.89246406e+04  6.90245391e+04  6.91244375e+04
  6.92243359e+04  6.93242344e+04  6.94241328e+04  6.95240312e+04
  6.96239297e+04  6.97238281e+04  6.98237266e+04  6.99236250e+04
  7.00235234e+04  7.01234219e+04  7.02233203e+04  7.03232188e+04
  7.04231172e+04  7.05230156e+04  7.06229141e+04  7.07228125e+04
  7.08227109e+04  7.09226094e+04  7.10225078e+04  7.11224062e+04
  7.12223047e+04  7.13222031e+04  7.14221016e+04  7.15220000e+04
  7.16218984e+04  7.17217969e+04  7.18216953e+04  7.19215938e+04
  7.20214922e+04  7.21213906e+04  7.22212891e+04  7.23211875e+04
  7.24210859e+04  7.25209844e+04  7.26208828e+04  7.27207812e+04
  7.28206797e+04  7.29205781e+04  7.30204766e+04  7.31203750e+04
  7.32202734e+04  7.33201719e+04  7.34200703e+04  7.35199688e+04
  7.36198672e+04  7.37197656e+04  7.38196641e+04  7.39195625e+04
  7.40194609e+04  7.41193594e+04  7.42192578e+04  7.43191562e+04
  7.44190547e+04  7.45189531e+04  7.46188516e+04  7.47187500e+04
  7.48186484e+04  7.49185469e+04  7.50184453e+04  7.51183438e+04
  7.52182422e+04  7.53181406e+04  7.54180391e+04  7.55179375e+04
  7.56178359e+04  7.57177344e+04  7.58176328e+04  7.59175312e+04
  7.60174297e+04  7.61173281e+04  7.62172266e+04  7.63171250e+04
  7.64170234e+04  7.65169219e+04  7.66168203e+04  7.67167188e+04
  7.68166172e+04  7.69165156e+04  7.70164141e+04  7.71163125e+04
  7.72162109e+04  7.73161094e+04  7.74160078e+04  7.75159062e+04
  7.76158047e+04  7.77157031e+04  7.78156016e+04  7.79155000e+04
  7.80153984e+04  7.81152969e+04  7.82151953e+04  7.83150938e+04
  7.84149922e+04  7.85148906e+04  7.86147891e+04  7.87146875e+04
  7.88145859e+04  7.89144844e+04  7.90143828e+04  7.91142812e+04
  7.92141797e+04  7.93140781e+04  7.94139766e+04  7.95138750e+04
  7.96137734e+04  7.97136719e+04  7.98135703e+04  7.99134688e+04
  8.00133672e+04  8.01132656e+04  8.02131641e+04  8.03130625e+04
  8.04129609e+04  8.05128594e+04  8.06127578e+04  8.07126562e+04
  8.08125547e+04  8.09124531e+04  8.10123516e+04  8.11122500e+04
  8.12121484e+04  8.13120469e+04  8.14119453e+04  8.15118438e+04
  8.16117422e+04  8.17116406e+04  8.18115391e+04  8.19114375e+04
  8.20113359e+04  8.21112344e+04  8.22111328e+04  8.23110312e+04
  8.24109297e+04  8.25108281e+04  8.26107266e+04  8.27106250e+04
  8.28105234e+04  8.29104219e+04  8.30103203e+04  8.31102188e+04
  8.32101172e+04  8.33100156e+04  8.34099141e+04  8.35098125e+04
  8.36097109e+04  8.37096094e+04  8.38095078e+04  8.39094062e+04
  8.40093047e+04  8.41092031e+04  8.42091016e+04  8.43090000e+04
  8.44088984e+04  8.45087969e+04  8.46086953e+04  8.47085938e+04
  8.48084922e+04  8.49083906e+04  8.50082891e+04  8.51081875e+04
  8.52080859e+04  8.53079844e+04  8.54078828e+04  8.55077812e+04
  8.56076797e+04  8.57075781e+04  8.58074766e+04  8.59073750e+04
  8.60072734e+04  8.61071719e+04  8.62070703e+04  8.63069688e+04
  8.64068672e+04  8.65067656e+04  8.66066641e+04  8.67065625e+04
  8.68064609e+04  8.69063594e+04  8.70062578e+04  8.71061562e+04
  8.72060547e+04  8.73059531e+04  8.74058516e+04  8.75057500e+04
  8.76056484e+04  8.77055469e+04  8.78054453e+04  8.79053438e+04
  8.80052422e+04  8.81051406e+04  8.82050391e+04  8.83049375e+04
  8.84048359e+04  8.85047344e+04  8.86046328e+04  8.87045312e+04
  8.88044297e+04  8.89043281e+04  8.90042266e+04  8.91041250e+04
  8.92040234e+04  8.93039219e+04  8.94038203e+04  8.95037188e+04
  8.96036172e+04  8.97035156e+04  8.98034141e+04  8.99033125e+04
  9.00032109e+04  9.01031094e+04  9.02030078e+04  9.03029062e+04
  9.04028047e+04  9.05027031e+04  9.06026016e+04  9.07025000e+04
  9.08023984e+04  9.09022969e+04  9.10021953e+04  9.11020938e+04
  9.12019922e+04  9.13018906e+04  9.14017891e+04  9.15016875e+04
  9.16015859e+04  9.17014844e+04  9.18013828e+04  9.19012812e+04
  9.20011797e+04  9.21010781e+04  9.22009766e+04  9.22008750e+04]
Execution time: 5.2073 seconds,Total True Reward = 634.5997
Execution time: 4.4853 seconds,Total True Reward = 22235.9403
Execution time: 4.4957 seconds,Total True Reward = 45754.5374
Execution time: 4.5235 seconds,Total True Reward = 31341.7780
Execution time: 4.5241 seconds,Total True Reward = 91390.6030
Execution time: 4.8318 seconds,Total True Reward = 91390.5975
Execution time: 4.5365 seconds,Total True Reward = 91390.5703
Execution time: 4.5407 seconds,Total True Reward = 91390.5585
Execution time: 4.5423 seconds,Total True Reward = 91390.5615
Execution time: 4.5475 seconds,Total True Reward = 91290.5626
Execution time: 4.5423 seconds,Total True Reward = 91290.5636
Execution time: 4.9595 seconds,Total True Reward = 91290.5669
Execution time: 4.5240 seconds,Total True Reward = 91290.5718
Execution time: 4.5180 seconds,Total True Reward = 91290.5760
Execution time: 4.5124 seconds,Total True Reward = 91290.5807
Execution time: 4.5429 seconds,Total True Reward = 91290.5865
Execution time: 4.5313 seconds,Total True Reward = 91290.5929
Execution time: 4.5490 seconds,Total True Reward = 91290.6021
Execution time: 5.0039 seconds,Total True Reward = 91290.6130
Execution time: 4.5249 seconds,Total True Reward = 91290.6250
Execution time: 4.5420 seconds,Total True Reward = 91390.6366
Execution time: 4.5133 seconds,Total True Reward = 91390.6455
Execution time: 4.5263 seconds,Total True Reward = 91390.6546
Execution time: 4.5439 seconds,Total True Reward = 91390.6632
Execution time: 4.5296 seconds,Total True Reward = 91390.6685
Execution time: 4.5218 seconds,Total True Reward = 91390.6743
Execution time: 5.0613 seconds,Total True Reward = 91390.6808
Execution time: 4.5617 seconds,Total True Reward = 91390.6879
Execution time: 4.5547 seconds,Total True Reward = 91390.6941
Execution time: 4.5764 seconds,Total True Reward = 91390.6999
Execution time: 4.5654 seconds,Total True Reward = 91390.7107
Execution time: 4.5666 seconds,Total True Reward = 91390.7291
Execution time: 4.5745 seconds,Total True Reward = 91390.7467
Execution time: 4.5638 seconds,Total True Reward = 91390.7585
Execution time: 5.1030 seconds,Total True Reward = 91390.7678
Execution time: 4.5417 seconds,Total True Reward = 91390.7778
Execution time: 4.5409 seconds,Total True Reward = 91390.7844
Execution time: 4.5450 seconds,Total True Reward = 91390.7889
Execution time: 4.5455 seconds,Total True Reward = 91390.7924
Execution time: 4.5541 seconds,Total True Reward = 91390.7986
Execution time: 4.5503 seconds,Total True Reward = 91390.8023
Execution time: 4.5388 seconds,Total True Reward = 91390.8068
Execution time: 4.5348 seconds,Total True Reward = 91390.8114
Execution time: 4.5390 seconds,Total True Reward = 91390.8156
Execution time: 5.1799 seconds,Total True Reward = 91390.8215
Execution time: 4.5485 seconds,Total True Reward = 91390.8256
Execution time: 4.5486 seconds,Total True Reward = 91390.8305
Execution time: 4.5571 seconds,Total True Reward = 91390.8344
Execution time: 4.5449 seconds,Total True Reward = 91390.8382
Execution time: 4.5458 seconds,Total True Reward = 91390.8424
Execution time: 4.5483 seconds,Total True Reward = 91390.8470
Execution time: 4.5681 seconds,Total True Reward = 91390.8514
Execution time: 4.5544 seconds,Total True Reward = 91390.8550
Execution time: 4.5379 seconds,Total True Reward = 91390.8585
Execution time: 4.5446 seconds,Total True Reward = 91390.8627
Execution time: 5.2770 seconds,Total True Reward = 91390.8677
Execution time: 4.5492 seconds,Total True Reward = 91390.8718
Execution time: 4.5568 seconds,Total True Reward = 91390.8768
Execution time: 4.5752 seconds,Total True Reward = 91390.8803
Execution time: 4.5404 seconds,Total True Reward = 91390.8842
Execution time: 4.5263 seconds,Total True Reward = 91390.8879
Execution time: 4.5373 seconds,Total True Reward = 91390.8914
Execution time: 4.5363 seconds,Total True Reward = 91390.8958
Execution time: 4.5398 seconds,Total True Reward = 91390.8985
Execution time: 4.5311 seconds,Total True Reward = 91390.9031
Execution time: 4.5280 seconds,Total True Reward = 91390.9074
Execution time: 4.5462 seconds,Total True Reward = 91390.9101
Execution time: 4.5503 seconds,Total True Reward = 91390.9135
Execution time: 5.3617 seconds,Total True Reward = 91390.9168
Execution time: 4.5247 seconds,Total True Reward = 91390.9198
Execution time: 4.5359 seconds,Total True Reward = 91390.9241
Execution time: 4.5433 seconds,Total True Reward = 91390.9275
Execution time: 4.5268 seconds,Total True Reward = 91390.9316
Execution time: 4.5141 seconds,Total True Reward = 91390.9349
Execution time: 4.5171 seconds,Total True Reward = 91390.9390
Execution time: 4.5094 seconds,Total True Reward = 91390.9405
Execution time: 4.5448 seconds,Total True Reward = 91390.9454
Execution time: 4.5414 seconds,Total True Reward = 91390.9484
Execution time: 4.5321 seconds,Total True Reward = 91390.9513
Execution time: 4.5136 seconds,Total True Reward = 91390.9569
Execution time: 4.5316 seconds,Total True Reward = 91390.9603
Execution time: 5.4319 seconds,Total True Reward = 91390.9632
Execution time: 4.5159 seconds,Total True Reward = 91390.9670
Execution time: 4.5548 seconds,Total True Reward = 91390.9710
Execution time: 4.5484 seconds,Total True Reward = 91390.9730
Execution time: 4.5479 seconds,Total True Reward = 91390.9788
Execution time: 4.5571 seconds,Total True Reward = 91390.9827
Execution time: 4.5470 seconds,Total True Reward = 91390.9853
Execution time: 4.5441 seconds,Total True Reward = 91390.9894
Execution time: 4.5428 seconds,Total True Reward = 91390.9920
Execution time: 4.5590 seconds,Total True Reward = 91390.9964
Execution time: 4.5485 seconds,Total True Reward = 91391.0004
Execution time: 4.5382 seconds,Total True Reward = 91391.0024
Execution time: 4.5293 seconds,Total True Reward = 91391.0081
Execution time: 4.5433 seconds,Total True Reward = 91391.0120
Execution time: 4.5500 seconds,Total True Reward = 91391.0144
Execution time: 4.5481 seconds,Total True Reward = 91391.0186
Execution time: 5.5639 seconds,Total True Reward = 91391.0200
Execution time: 4.5367 seconds,Total True Reward = 91391.0252
Execution time: 4.5349 seconds,Total True Reward = 91391.0305
Execution time: 4.5539 seconds,Total True Reward = 91391.0317
Execution time: 4.5454 seconds,Total True Reward = 91391.0371
Execution time: 4.5462 seconds,Total True Reward = 91391.0409
Execution time: 4.5340 seconds,Total True Reward = 91391.0419
Execution time: 4.5297 seconds,Total True Reward = 91391.0481
Execution time: 4.5425 seconds,Total True Reward = 91391.0513
Execution time: 4.5519 seconds,Total True Reward = 91391.0539
Execution time: 4.5506 seconds,Total True Reward = 91391.0577
Execution time: 4.5260 seconds,Total True Reward = 91391.0593
Execution time: 4.5490 seconds,Total True Reward = 91391.0640
Execution time: 4.5436 seconds,Total True Reward = 91391.0697
Execution time: 4.5322 seconds,Total True Reward = 91391.0700
Execution time: 4.5359 seconds,Total True Reward = 91391.0759
Execution time: 4.5362 seconds,Total True Reward = 91391.0791
Execution time: 5.6580 seconds,Total True Reward = 91391.0801
Execution time: 4.5436 seconds,Total True Reward = 91391.0848
Execution time: 4.5197 seconds,Total True Reward = 91391.0879
Execution time: 4.5466 seconds,Total True Reward = 91391.0919
Execution time: 4.5485 seconds,Total True Reward = 91391.0974
Execution time: 4.5343 seconds,Total True Reward = 91391.0963
Execution time: 4.5476 seconds,Total True Reward = 91391.1028
Execution time: 4.5331 seconds,Total True Reward = 91391.1064
Execution time: 4.5318 seconds,Total True Reward = 91391.1076
Execution time: 4.5234 seconds,Total True Reward = 91391.1129
Execution time: 4.5298 seconds,Total True Reward = 91391.1144
Execution time: 4.5183 seconds,Total True Reward = 91391.1173
Execution time: 4.5528 seconds,Total True Reward = 91391.1202
Execution time: 4.5335 seconds,Total True Reward = 91391.1272
Execution time: 4.5192 seconds,Total True Reward = 91391.1265
Execution time: 4.5285 seconds,Total True Reward = 91391.1308
Execution time: 4.5173 seconds,Total True Reward = 91391.1316
Execution time: 4.5114 seconds,Total True Reward = 91391.1382
Execution time: 4.5218 seconds,Total True Reward = 91391.1385
Execution time: 4.5365 seconds,Total True Reward = 91391.1445
Execution time: 5.8250 seconds,Total True Reward = 91391.1463
Execution time: 4.5476 seconds,Total True Reward = 91391.1492
Execution time: 4.5317 seconds,Total True Reward = 91391.1538
Execution time: 4.5319 seconds,Total True Reward = 91391.1558
Execution time: 4.5308 seconds,Total True Reward = 91391.1601
Execution time: 4.5290 seconds,Total True Reward = 91391.1605
Execution time: 4.5313 seconds,Total True Reward = 91391.1662
Execution time: 4.5165 seconds,Total True Reward = 91491.1715
Execution time: 4.5195 seconds,Total True Reward = 91391.1714
Execution time: 4.5241 seconds,Total True Reward = 91391.1759
Execution time: 4.5179 seconds,Total True Reward = 91391.1773
Execution time: 4.5447 seconds,Total True Reward = 91491.1839
Execution time: 4.5240 seconds,Total True Reward = 91391.1840
Execution time: 4.5460 seconds,Total True Reward = 91491.1905
Execution time: 4.5760 seconds,Total True Reward = 91491.1920
Execution time: 4.5393 seconds,Total True Reward = 91491.1947
Execution time: 4.5282 seconds,Total True Reward = 91491.1996
Execution time: 4.5398 seconds,Total True Reward = 91491.2014
Execution time: 4.5498 seconds,Total True Reward = 91491.2043
Execution time: 4.5332 seconds,Total True Reward = 91491.2075
Execution time: 4.5398 seconds,Total True Reward = 91491.2124
Execution time: 4.5222 seconds,Total True Reward = 91491.2142
Execution time: 5.9998 seconds,Total True Reward = 91491.2172
Execution time: 4.5496 seconds,Total True Reward = 91491.2203
Execution time: 4.5363 seconds,Total True Reward = 91491.2251
Execution time: 4.5376 seconds,Total True Reward = 91491.2234
Execution time: 4.5191 seconds,Total True Reward = 91491.2283
Execution time: 4.5319 seconds,Total True Reward = 91491.2356
Execution time: 4.5229 seconds,Total True Reward = 91491.2349
Execution time: 4.5288 seconds,Total True Reward = 91491.2416
Execution time: 4.5387 seconds,Total True Reward = 91491.2391
Execution time: 4.5262 seconds,Total True Reward = 91491.2464
Execution time: 4.5401 seconds,Total True Reward = 91491.2485
Execution time: 4.5347 seconds,Total True Reward = 91491.2498
Execution time: 4.5303 seconds,Total True Reward = 91491.2518
Execution time: 4.5313 seconds,Total True Reward = 91491.2552
Execution time: 4.5222 seconds,Total True Reward = 91491.2583
Execution time: 4.5216 seconds,Total True Reward = 91491.2626
Execution time: 4.5252 seconds,Total True Reward = 91491.2628
Execution time: 4.5327 seconds,Total True Reward = 91491.2675
Execution time: 4.5378 seconds,Total True Reward = 91491.2723
Execution time: 4.5403 seconds,Total True Reward = 91491.2742
Execution time: 4.5502 seconds,Total True Reward = 91491.2754
Execution time: 4.5493 seconds,Total True Reward = 91491.2813
Execution time: 4.5465 seconds,Total True Reward = 91491.2836
Execution time: 4.5488 seconds,Total True Reward = 91491.2847
Execution time: 4.5443 seconds,Total True Reward = 91491.2908
Execution time: 6.2061 seconds,Total True Reward = 91491.2928
Execution time: 4.5322 seconds,Total True Reward = 91491.2957
Execution time: 4.5495 seconds,Total True Reward = 91491.2972
Execution time: 4.5442 seconds,Total True Reward = 91491.3030
Execution time: 4.5279 seconds,Total True Reward = 91491.3051
Execution time: 4.5550 seconds,Total True Reward = 91491.3060
Execution time: 4.5292 seconds,Total True Reward = 91491.3126
Execution time: 4.5461 seconds,Total True Reward = 91491.3107
Execution time: 4.5474 seconds,Total True Reward = 91491.3138
Execution time: 4.5289 seconds,Total True Reward = 91491.3207
Execution time: 4.5384 seconds,Total True Reward = 91491.3181
Execution time: 4.5303 seconds,Total True Reward = 91491.3327
Execution time: 4.5337 seconds,Total True Reward = 91491.3230
Execution time: 4.5246 seconds,Total True Reward = 91491.3381
Execution time: 4.5265 seconds,Total True Reward = 91491.3273
Execution time: 4.5386 seconds,Total True Reward = 91491.3436
Execution time: 4.5526 seconds,Total True Reward = 91491.3294
Execution time: 4.5158 seconds,Total True Reward = 91491.3578
Execution time: 4.5181 seconds,Total True Reward = 91391.3237
Execution time: 4.5351 seconds,Total True Reward = 91491.3473
Execution time: 4.5558 seconds,Total True Reward = 91491.3370
Execution time: 4.5443 seconds,Total True Reward = 91491.3474
Execution time: 4.5389 seconds,Total True Reward = 91491.3478
Execution time: 4.5395 seconds,Total True Reward = 91491.3529
Execution time: 4.5326 seconds,Total True Reward = 91491.3553
Execution time: 4.5394 seconds,Total True Reward = 91491.3564
Execution time: 4.5313 seconds,Total True Reward = 91491.3574
Execution time: 4.5212 seconds,Total True Reward = 91491.3626
Execution time: 4.5264 seconds,Total True Reward = 91491.3648
Execution time: 6.3714 seconds,Total True Reward = 91491.3642
Execution time: 4.5270 seconds,Total True Reward = 91491.3702
Execution time: 4.5362 seconds,Total True Reward = 91491.3716
Execution time: 4.5355 seconds,Total True Reward = 91491.3732
Execution time: 4.5268 seconds,Total True Reward = 91491.3738
Execution time: 4.5266 seconds,Total True Reward = 91491.3797
Execution time: 4.5474 seconds,Total True Reward = 91491.3808
Execution time: 4.5424 seconds,Total True Reward = 91491.3827
Execution time: 4.5335 seconds,Total True Reward = 91491.3830
Execution time: 4.5227 seconds,Total True Reward = 91491.3895
Execution time: 4.5387 seconds,Total True Reward = 91491.3866
Execution time: 4.5450 seconds,Total True Reward = 91491.4005
Execution time: 4.5383 seconds,Total True Reward = 91491.3777
Execution time: 4.5252 seconds,Total True Reward = 91491.3974
Execution time: 4.5326 seconds,Total True Reward = 91491.3993
Execution time: 4.5277 seconds,Total True Reward = 91491.3993
Execution time: 4.5356 seconds,Total True Reward = 91491.4128
Execution time: 4.5396 seconds,Total True Reward = 91491.3877
Execution time: 4.5299 seconds,Total True Reward = 91491.4150
Execution time: 4.5286 seconds,Total True Reward = 91491.3935
Execution time: 4.5271 seconds,Total True Reward = 91491.4215
Execution time: 4.5394 seconds,Total True Reward = 91491.3979
Execution time: 4.5314 seconds,Total True Reward = 91491.4169
Execution time: 4.5408 seconds,Total True Reward = 91491.4262
Execution time: 4.5430 seconds,Total True Reward = 91491.4041
Execution time: 4.5418 seconds,Total True Reward = 91491.4249
Execution time: 4.5309 seconds,Total True Reward = 91491.4275
Execution time: 4.5421 seconds,Total True Reward = 91491.4260
Execution time: 4.5332 seconds,Total True Reward = 91491.4301
Execution time: 4.5432 seconds,Total True Reward = 91491.4407
Execution time: 4.5114 seconds,Total True Reward = 91491.4201
Execution time: 6.5826 seconds,Total True Reward = 91491.4430
Execution time: 4.5216 seconds,Total True Reward = 91491.4375
Execution time: 4.5108 seconds,Total True Reward = 91491.4461
Execution time: 4.5305 seconds,Total True Reward = 91491.4505
Execution time: 4.5279 seconds,Total True Reward = 91491.4461
Execution time: 4.5883 seconds,Total True Reward = 91491.4536
Execution time: 4.6055 seconds,Total True Reward = 91491.4580
Execution time: 4.6319 seconds,Total True Reward = 91491.4522
Execution time: 4.6134 seconds,Total True Reward = 91491.4719
Execution time: 4.5690 seconds,Total True Reward = 91491.4445
Execution time: 4.6214 seconds,Total True Reward = 91491.4743
Execution time: 4.5561 seconds,Total True Reward = 91491.4509
Execution time: 4.5933 seconds,Total True Reward = 91491.4842
Execution time: 4.5602 seconds,Total True Reward = 91491.4542
Execution time: 4.5962 seconds,Total True Reward = 91491.4918
Execution time: 4.5721 seconds,Total True Reward = 91491.4590
Execution time: 4.5780 seconds,Total True Reward = 91491.4991
Execution time: 4.5635 seconds,Total True Reward = 91491.4607
Execution time: 4.5457 seconds,Total True Reward = 91491.5049
Execution time: 4.5440 seconds,Total True Reward = 91491.4654
Execution time: 4.5416 seconds,Total True Reward = 91491.5156
Execution time: 4.5735 seconds,Total True Reward = 91391.4631
Execution time: 4.5705 seconds,Total True Reward = 91491.5203
Execution time: 4.5622 seconds,Total True Reward = 91391.4700
Execution time: 4.5624 seconds,Total True Reward = 91491.5198
Execution time: 4.5722 seconds,Total True Reward = 91391.4754
Execution time: 4.5809 seconds,Total True Reward = 91491.5312
Execution time: 4.5813 seconds,Total True Reward = 91391.4768
Execution time: 4.5551 seconds,Total True Reward = 91491.5216
Execution time: 4.5670 seconds,Total True Reward = 91491.4937
Execution time: 4.5575 seconds,Total True Reward = 91491.5560
Execution time: 4.5786 seconds,Total True Reward = 91391.4700
Execution time: 4.5487 seconds,Total True Reward = 91491.5349
Execution time: 4.5635 seconds,Total True Reward = 91391.4973
Execution time: 4.5625 seconds,Total True Reward = 91591.6193
Execution time: 4.5142 seconds,Total True Reward = 91391.4099
Execution time: 6.9873 seconds,Total True Reward = 91491.5117
Execution time: 4.5054 seconds,Total True Reward = 91491.5673
Execution time: 4.5167 seconds,Total True Reward = 91391.4891
Execution time: 4.5041 seconds,Total True Reward = 91491.5744
Execution time: 4.4989 seconds,Total True Reward = 91391.4917
Execution time: 4.5007 seconds,Total True Reward = 91491.5696
Execution time: 4.5316 seconds,Total True Reward = 91391.5052
Execution time: 4.4814 seconds,Total True Reward = 91591.6589
Execution time: 4.5095 seconds,Total True Reward = 91391.4100
Execution time: 4.4992 seconds,Total True Reward = 91391.5129
Execution time: 4.4821 seconds,Total True Reward = 91591.6548
Execution time: 4.4940 seconds,Total True Reward = 91391.4288
Execution time: 4.6000 seconds,Total True Reward = 91491.5339
Execution time: 4.5080 seconds,Total True Reward = 91691.7799
Execution time: 4.4985 seconds,Total True Reward = 91291.3932
Execution time: 4.4755 seconds,Total True Reward = 91391.4430
Execution time: 4.4685 seconds,Total True Reward = 91491.5491
Execution time: 4.4777 seconds,Total True Reward = 91691.7839
Execution time: 4.4647 seconds,Total True Reward = 91291.4018
Execution time: 4.4813 seconds,Total True Reward = 91391.4542
Execution time: 4.4791 seconds,Total True Reward = 91491.5626
Execution time: 4.4911 seconds,Total True Reward = 91591.6647
Execution time: 4.4884 seconds,Total True Reward = 91391.4595
Execution time: 4.4708 seconds,Total True Reward = 91491.5697
Execution time: 4.4734 seconds,Total True Reward = 91591.6922
Execution time: 4.4847 seconds,Total True Reward = 91391.4462
Execution time: 4.5149 seconds,Total True Reward = 91391.5559
Execution time: 4.4810 seconds,Total True Reward = 91691.8107
Execution time: 4.4839 seconds,Total True Reward = 91291.4205
Execution time: 4.4765 seconds,Total True Reward = 91391.4685
Execution time: 4.4737 seconds,Total True Reward = 91491.5827
Execution time: 4.4797 seconds,Total True Reward = 91591.6935
Execution time: 4.4903 seconds,Total True Reward = 91391.4741
Execution time: 4.4792 seconds,Total True Reward = 91491.5898
Execution time: 4.4795 seconds,Total True Reward = 91691.8368
Execution time: 4.4648 seconds,Total True Reward = 91291.4324
Execution time: 4.4762 seconds,Total True Reward = 91391.4737
Execution time: 4.4848 seconds,Total True Reward = 91491.5854
Execution time: 4.4779 seconds,Total True Reward = 91791.8750
Execution time: 7.1103 seconds,Total True Reward = 91291.4385
Execution time: 4.4933 seconds,Total True Reward = 91391.4666
Execution time: 4.4737 seconds,Total True Reward = 91391.5729
Execution time: 4.4794 seconds,Total True Reward = 91791.8926
Execution time: 4.4714 seconds,Total True Reward = 91291.4454
Execution time: 4.4927 seconds,Total True Reward = 91391.4684
Execution time: 4.5034 seconds,Total True Reward = 91391.5717
Execution time: 4.5031 seconds,Total True Reward = 91791.8929
Execution time: 4.5223 seconds,Total True Reward = 91291.4538
Execution time: 4.5177 seconds,Total True Reward = 91391.4808
Execution time: 4.5172 seconds,Total True Reward = 91391.5881
Execution time: 4.5055 seconds,Total True Reward = 91791.9097
Execution time: 4.5060 seconds,Total True Reward = 91291.4611
Execution time: 4.5395 seconds,Total True Reward = 91391.4845
Execution time: 4.5209 seconds,Total True Reward = 91391.5890
Execution time: 4.5402 seconds,Total True Reward = 91791.9191
Execution time: 4.5642 seconds,Total True Reward = 91291.4685
Execution time: 4.5675 seconds,Total True Reward = 91391.4909
Execution time: 4.6011 seconds,Total True Reward = 91391.5952
Execution time: 4.5689 seconds,Total True Reward = 91791.9261
Execution time: 4.5792 seconds,Total True Reward = 91291.4757
Execution time: 4.5630 seconds,Total True Reward = 91391.4991
Execution time: 4.5772 seconds,Total True Reward = 91391.6025
Execution time: 4.5608 seconds,Total True Reward = 91791.9407
Execution time: 4.5585 seconds,Total True Reward = 91291.4826
Execution time: 4.5907 seconds,Total True Reward = 91391.5038
Execution time: 4.5887 seconds,Total True Reward = 91391.6081
Execution time: 4.5856 seconds,Total True Reward = 91791.9446
Execution time: 4.6095 seconds,Total True Reward = 91291.4892
Execution time: 4.5898 seconds,Total True Reward = 91391.5137
Execution time: 4.6109 seconds,Total True Reward = 91391.6232
Execution time: 4.5493 seconds,Total True Reward = 91791.9482
Execution time: 4.5763 seconds,Total True Reward = 91291.4959
Execution time: 4.5604 seconds,Total True Reward = 91391.5185
Execution time: 4.5618 seconds,Total True Reward = 91391.6245
Execution time: 4.5472 seconds,Total True Reward = 91791.9623
Execution time: 4.5723 seconds,Total True Reward = 91291.5026
Execution time: 4.4769 seconds,Total True Reward = 91391.5270
Execution time: 4.4557 seconds,Total True Reward = 91391.6352
Execution time: 4.5965 seconds,Total True Reward = 91791.9690
Execution time: 4.5879 seconds,Total True Reward = 91291.5095
Execution time: 4.4862 seconds,Total True Reward = 91391.5309
Execution time: 4.5018 seconds,Total True Reward = 91391.6343
Execution time: 4.5108 seconds,Total True Reward = 91791.9766
Execution time: 4.5287 seconds,Total True Reward = 91291.5159
Execution time: 7.5069 seconds,Total True Reward = 91391.5388
Execution time: 4.4875 seconds,Total True Reward = 91391.6445
Execution time: 4.4793 seconds,Total True Reward = 91791.9820
Execution time: 4.4781 seconds,Total True Reward = 91291.5223
Execution time: 4.4896 seconds,Total True Reward = 91391.5436
Execution time: 4.4791 seconds,Total True Reward = 91391.6483
Execution time: 4.5043 seconds,Total True Reward = 91791.9913
Execution time: 4.4949 seconds,Total True Reward = 91291.5285
Execution time: 4.4961 seconds,Total True Reward = 91391.5514
Execution time: 4.4969 seconds,Total True Reward = 91391.6594
Execution time: 4.4773 seconds,Total True Reward = 91791.9975
Execution time: 4.4830 seconds,Total True Reward = 91291.5343
Execution time: 4.4730 seconds,Total True Reward = 91391.5548
Execution time: 4.4802 seconds,Total True Reward = 91391.6614
Execution time: 4.4687 seconds,Total True Reward = 91792.0031
Execution time: 4.4797 seconds,Total True Reward = 91291.5404
Execution time: 4.4847 seconds,Total True Reward = 91391.5614
Execution time: 4.4690 seconds,Total True Reward = 91391.6695
Execution time: 4.4950 seconds,Total True Reward = 91792.0060
Execution time: 4.4759 seconds,Total True Reward = 91291.5464
Execution time: 4.4749 seconds,Total True Reward = 91391.5700
Execution time: 4.4866 seconds,Total True Reward = 91391.6813
Execution time: 4.4710 seconds,Total True Reward = 91792.0170
Execution time: 4.4693 seconds,Total True Reward = 91291.5520
Execution time: 4.4662 seconds,Total True Reward = 91391.5725
Execution time: 4.4712 seconds,Total True Reward = 91391.6811
Execution time: 4.4591 seconds,Total True Reward = 91792.0197
Execution time: 4.4584 seconds,Total True Reward = 91291.5580
Execution time: 4.4569 seconds,Total True Reward = 91391.5798
Execution time: 4.4707 seconds,Total True Reward = 91391.6915
Execution time: 4.4754 seconds,Total True Reward = 91792.0188
Execution time: 4.4787 seconds,Total True Reward = 91291.5637
Execution time: 4.4734 seconds,Total True Reward = 91391.5873
Execution time: 4.4858 seconds,Total True Reward = 91391.7010
Execution time: 4.4698 seconds,Total True Reward = 91792.0286
Execution time: 4.4830 seconds,Total True Reward = 91291.5691
Execution time: 4.4684 seconds,Total True Reward = 91391.5922
Execution time: 4.4708 seconds,Total True Reward = 91391.7019
Execution time: 4.4719 seconds,Total True Reward = 91792.0319
Execution time: 4.4813 seconds,Total True Reward = 91291.5751
Execution time: 4.4852 seconds,Total True Reward = 91391.5984
Execution time: 4.4927 seconds,Total True Reward = 91391.7139
Execution time: 4.4887 seconds,Total True Reward = 91792.0395
Execution time: 4.4741 seconds,Total True Reward = 91291.5802
Execution time: 4.4965 seconds,Total True Reward = 91391.6039
Execution time: 4.4945 seconds,Total True Reward = 91391.7165
Execution time: 4.4827 seconds,Total True Reward = 91792.0436
Execution time: 4.4761 seconds,Total True Reward = 91291.5860
Execution time: 4.4787 seconds,Total True Reward = 91391.6093
Execution time: 4.4721 seconds,Total True Reward = 91391.7223
Execution time: 7.9415 seconds,Total True Reward = 91792.0492
Execution time: 4.4840 seconds,Total True Reward = 91291.5920
Execution time: 4.4969 seconds,Total True Reward = 91391.6152
Execution time: 4.4926 seconds,Total True Reward = 91391.7336
Execution time: 4.4904 seconds,Total True Reward = 91792.0579
Execution time: 4.4876 seconds,Total True Reward = 91291.5969
Execution time: 4.4961 seconds,Total True Reward = 91391.6180
Execution time: 4.4843 seconds,Total True Reward = 91391.7290
Execution time: 4.4812 seconds,Total True Reward = 91792.0639
Execution time: 4.4806 seconds,Total True Reward = 91291.6023
Execution time: 4.4884 seconds,Total True Reward = 91391.6253
Execution time: 4.4953 seconds,Total True Reward = 91391.7454
Execution time: 4.4989 seconds,Total True Reward = 91792.0620
Execution time: 4.5075 seconds,Total True Reward = 91291.6071
Execution time: 4.5148 seconds,Total True Reward = 91391.6325
Execution time: 4.5178 seconds,Total True Reward = 91391.7521
Execution time: 4.4937 seconds,Total True Reward = 91792.0721
Execution time: 4.5041 seconds,Total True Reward = 91291.6117
Execution time: 4.4890 seconds,Total True Reward = 91391.6352
Execution time: 4.4963 seconds,Total True Reward = 91391.7532
Execution time: 4.4802 seconds,Total True Reward = 91792.0750
Execution time: 4.4822 seconds,Total True Reward = 91291.6174
Execution time: 4.4790 seconds,Total True Reward = 91391.6410
Execution time: 4.4897 seconds,Total True Reward = 91391.7607
Execution time: 4.5027 seconds,Total True Reward = 91792.0798
Execution time: 4.4882 seconds,Total True Reward = 91291.6229
Execution time: 4.5011 seconds,Total True Reward = 91391.6475
Execution time: 4.4967 seconds,Total True Reward = 91491.7748
Execution time: 4.4963 seconds,Total True Reward = 91792.0802
Execution time: 4.4968 seconds,Total True Reward = 91291.6274
Execution time: 4.4828 seconds,Total True Reward = 91391.6513
Execution time: 4.4924 seconds,Total True Reward = 91391.7733
Execution time: 4.4853 seconds,Total True Reward = 91792.0854
Execution time: 4.5089 seconds,Total True Reward = 91291.6329
Execution time: 4.4828 seconds,Total True Reward = 91391.6582
Execution time: 4.4872 seconds,Total True Reward = 91491.7894
Execution time: 4.4842 seconds,Total True Reward = 91792.0887
Execution time: 4.4866 seconds,Total True Reward = 91291.6373
Execution time: 4.5019 seconds,Total True Reward = 91391.6618
Execution time: 4.5151 seconds,Total True Reward = 91491.7921
Execution time: 4.4985 seconds,Total True Reward = 91792.0948
Execution time: 4.4962 seconds,Total True Reward = 91291.6416
Execution time: 4.4733 seconds,Total True Reward = 91391.6656
Execution time: 4.4723 seconds,Total True Reward = 91491.7968
Execution time: 4.4756 seconds,Total True Reward = 91792.0945
Execution time: 4.4771 seconds,Total True Reward = 91291.6469
Execution time: 4.4774 seconds,Total True Reward = 91391.6722
Execution time: 4.4763 seconds,Total True Reward = 91491.8066
Execution time: 4.4631 seconds,Total True Reward = 91792.1008
Execution time: 4.4767 seconds,Total True Reward = 91291.6513
Execution time: 4.4687 seconds,Total True Reward = 91391.6753
Execution time: 4.4767 seconds,Total True Reward = 91491.8091
Execution time: 4.4595 seconds,Total True Reward = 91792.1047
Execution time: 4.4693 seconds,Total True Reward = 91291.6571
Execution time: 4.4895 seconds,Total True Reward = 91391.6828
Execution time: 4.4857 seconds,Total True Reward = 91491.8222
Execution time: 4.4684 seconds,Total True Reward = 91692.0417
Execution time: 8.4568 seconds,Total True Reward = 91291.6674
Execution time: 4.4727 seconds,Total True Reward = 91391.7501
Execution time: 4.4774 seconds,Total True Reward = 91792.1429
Execution time: 4.4847 seconds,Total True Reward = 91291.6648
Execution time: 4.4797 seconds,Total True Reward = 91391.6825
Execution time: 4.5017 seconds,Total True Reward = 91491.8157
Execution time: 4.4832 seconds,Total True Reward = 91792.1219
Execution time: 4.4681 seconds,Total True Reward = 91291.6702
Execution time: 4.4815 seconds,Total True Reward = 91391.6937
Execution time: 4.4818 seconds,Total True Reward = 91491.8312
Execution time: 4.4825 seconds,Total True Reward = 91792.1185
Execution time: 4.4630 seconds,Total True Reward = 91291.6760
Execution time: 4.4625 seconds,Total True Reward = 91391.7021
Execution time: 4.4789 seconds,Total True Reward = 91491.8675
Execution time: 4.4916 seconds,Total True Reward = 91391.8215
Execution time: 4.4947 seconds,Total True Reward = 91792.1642
Execution time: 4.4894 seconds,Total True Reward = 91291.6819
Execution time: 4.4782 seconds,Total True Reward = 91391.7006
Execution time: 4.4982 seconds,Total True Reward = 91491.8431
Execution time: 4.4923 seconds,Total True Reward = 91792.1168
Execution time: 4.5006 seconds,Total True Reward = 91291.6869
Execution time: 4.5446 seconds,Total True Reward = 91391.7226
Execution time: 4.5199 seconds,Total True Reward = 91792.1328
Execution time: 4.5792 seconds,Total True Reward = 91291.6902
Execution time: 4.5007 seconds,Total True Reward = 91391.7155
Execution time: 4.5582 seconds,Total True Reward = 91491.8575
Execution time: 4.5054 seconds,Total True Reward = 91591.9766
Execution time: 4.5135 seconds,Total True Reward = 91391.7238
Execution time: 4.5251 seconds,Total True Reward = 91792.1436
Execution time: 4.5248 seconds,Total True Reward = 91291.6968
Execution time: 4.5543 seconds,Total True Reward = 91391.7211
Execution time: 4.5340 seconds,Total True Reward = 91491.8919
Execution time: 4.5441 seconds,Total True Reward = 91391.8368
Execution time: 4.5117 seconds,Total True Reward = 91792.2037
Execution time: 4.5172 seconds,Total True Reward = 91291.7028
Execution time: 4.5236 seconds,Total True Reward = 91391.7200
Execution time: 4.5243 seconds,Total True Reward = 91491.8634
Execution time: 4.5428 seconds,Total True Reward = 91792.1374
Execution time: 4.5429 seconds,Total True Reward = 91291.7084
Execution time: 4.5368 seconds,Total True Reward = 91391.7473
Execution time: 4.5429 seconds,Total True Reward = 91792.1560
Execution time: 4.5456 seconds,Total True Reward = 91291.7103
Execution time: 4.5147 seconds,Total True Reward = 91391.7327
Execution time: 4.5036 seconds,Total True Reward = 91491.8872
Execution time: 4.5492 seconds,Total True Reward = 91491.8705
Execution time: 4.5146 seconds,Total True Reward = 91792.1703
Execution time: 4.5409 seconds,Total True Reward = 91291.7158
Execution time: 4.5512 seconds,Total True Reward = 91391.7435
Execution time: 4.5687 seconds,Total True Reward = 91792.1498
Execution time: 4.5146 seconds,Total True Reward = 91291.7190
Execution time: 4.5257 seconds,Total True Reward = 91391.7441
Execution time: 4.5716 seconds,Total True Reward = 91692.1107
Execution time: 4.5606 seconds,Total True Reward = 91291.7244
Execution time: 4.4809 seconds,Total True Reward = 91391.7755
Execution time: 4.5877 seconds,Total True Reward = 91792.2069
Execution time: 4.6031 seconds,Total True Reward = 91291.7249
Execution time: 4.5845 seconds,Total True Reward = 91391.7428
Execution time: 4.6124 seconds,Total True Reward = 91491.8876
Execution time: 4.5573 seconds,Total True Reward = 91792.1541
Execution time: 4.6052 seconds,Total True Reward = 91291.7310
Execution time: 4.5830 seconds,Total True Reward = 91391.7660
Execution time: 4.5778 seconds,Total True Reward = 91792.1777
Execution time: 4.5085 seconds,Total True Reward = 91291.7337
Execution time: 4.4821 seconds,Total True Reward = 91391.7553
Execution time: 9.1092 seconds,Total True Reward = 91591.9969
Execution time: 4.5310 seconds,Total True Reward = 91391.7732
Execution time: 4.5095 seconds,Total True Reward = 91792.2114
Execution time: 4.5556 seconds,Total True Reward = 91291.7378
Execution time: 4.5108 seconds,Total True Reward = 91391.7549
Execution time: 4.5115 seconds,Total True Reward = 91491.9003
Execution time: 4.5049 seconds,Total True Reward = 91792.1676
Execution time: 4.5000 seconds,Total True Reward = 91291.7435
Execution time: 4.4861 seconds,Total True Reward = 91391.7768
Execution time: 4.4974 seconds,Total True Reward = 91792.1894
Execution time: 4.4912 seconds,Total True Reward = 91291.7460
Execution time: 4.4750 seconds,Total True Reward = 91391.7671
Execution time: 4.4887 seconds,Total True Reward = 91592.0256
Execution time: 4.4792 seconds,Total True Reward = 91391.7754
Execution time: 4.4901 seconds,Total True Reward = 91792.1949
Execution time: 4.4759 seconds,Total True Reward = 91291.7512
Execution time: 4.4850 seconds,Total True Reward = 91391.7742
Execution time: 4.4879 seconds,Total True Reward = 91491.9693
Execution time: 4.4832 seconds,Total True Reward = 91391.8678
Execution time: 4.4854 seconds,Total True Reward = 91892.2730
Execution time: 4.4907 seconds,Total True Reward = 91291.7554
Execution time: 4.4809 seconds,Total True Reward = 91391.7704
Execution time: 4.4647 seconds,Total True Reward = 91491.9239
Execution time: 4.4703 seconds,Total True Reward = 91692.1297
Execution time: 4.4643 seconds,Total True Reward = 91291.7645
Execution time: 4.4783 seconds,Total True Reward = 91391.8575
Execution time: 4.4938 seconds,Total True Reward = 91892.2641
Execution time: 4.4739 seconds,Total True Reward = 91291.7616
Execution time: 4.4745 seconds,Total True Reward = 91391.7764
Execution time: 4.4833 seconds,Total True Reward = 91491.9184
Execution time: 4.4766 seconds,Total True Reward = 91792.2254
Execution time: 4.4702 seconds,Total True Reward = 91291.7653
Execution time: 4.4685 seconds,Total True Reward = 91391.7832
Execution time: 4.4628 seconds,Total True Reward = 91792.1818
Execution time: 4.4583 seconds,Total True Reward = 91291.7685
Execution time: 4.4678 seconds,Total True Reward = 91391.8023
Execution time: 4.4768 seconds,Total True Reward = 91792.2201
Execution time: 4.4737 seconds,Total True Reward = 91291.7703
Execution time: 4.4697 seconds,Total True Reward = 91391.7884
Execution time: 4.4845 seconds,Total True Reward = 91491.9260
Execution time: 4.4772 seconds,Total True Reward = 91792.2362
Execution time: 4.4789 seconds,Total True Reward = 91291.7742
Execution time: 4.4708 seconds,Total True Reward = 91391.7908
Execution time: 4.4697 seconds,Total True Reward = 91491.9408
Execution time: 4.4737 seconds,Total True Reward = 91592.0622
Execution time: 4.4671 seconds,Total True Reward = 91391.8032
Execution time: 4.4741 seconds,Total True Reward = 91792.2413
Execution time: 4.4636 seconds,Total True Reward = 91291.7787
Execution time: 4.4761 seconds,Total True Reward = 91391.7963
Execution time: 4.4812 seconds,Total True Reward = 91692.1643
Execution time: 4.4716 seconds,Total True Reward = 91291.7831
Execution time: 4.5015 seconds,Total True Reward = 91391.8319
Execution time: 4.4866 seconds,Total True Reward = 91792.2714
Execution time: 4.4722 seconds,Total True Reward = 91291.7842
Execution time: 4.4798 seconds,Total True Reward = 91391.7990
Execution time: 4.4665 seconds,Total True Reward = 91491.9585
Execution time: 4.4800 seconds,Total True Reward = 91491.9415
Execution time: 4.4672 seconds,Total True Reward = 91792.2670
Execution time: 4.4747 seconds,Total True Reward = 91291.7886
Execution time: 4.4813 seconds,Total True Reward = 91391.8060
Execution time: 4.4772 seconds,Total True Reward = 91792.2152
Execution time: 4.4937 seconds,Total True Reward = 91291.7918
Execution time: 4.4882 seconds,Total True Reward = 91391.8145
Execution time: 4.4985 seconds,Total True Reward = 91792.2177
Execution time: 4.5119 seconds,Total True Reward = 91291.7940
Execution time: 4.4969 seconds,Total True Reward = 91391.8178
Execution time: 4.4773 seconds,Total True Reward = 91792.2247
Execution time: 4.5198 seconds,Total True Reward = 91291.7972
Execution time: 4.4917 seconds,Total True Reward = 91391.8208
Execution time: 4.4858 seconds,Total True Reward = 91792.2291
Execution time: 4.4766 seconds,Total True Reward = 91291.7997
Execution time: 9.9360 seconds,Total True Reward = 91391.8210
Execution time: 4.4664 seconds,Total True Reward = 91792.2322
Execution time: 4.4626 seconds,Total True Reward = 91291.8018
Execution time: 4.4671 seconds,Total True Reward = 91391.8230
Execution time: 4.4950 seconds,Total True Reward = 91792.2232
Execution time: 4.4737 seconds,Total True Reward = 91291.8049
Execution time: 4.4846 seconds,Total True Reward = 91391.8320
Execution time: 4.4865 seconds,Total True Reward = 91792.2525
Execution time: 4.4902 seconds,Total True Reward = 91291.8074
Execution time: 4.5062 seconds,Total True Reward = 91391.8252
Execution time: 4.4943 seconds,Total True Reward = 91792.2189
Execution time: 4.4848 seconds,Total True Reward = 91291.8098
Execution time: 4.5153 seconds,Total True Reward = 91391.8433
Execution time: 4.4995 seconds,Total True Reward = 91792.2829
Execution time: 4.5052 seconds,Total True Reward = 91291.8115
Execution time: 4.4969 seconds,Total True Reward = 91391.8257
Execution time: 4.5023 seconds,Total True Reward = 91592.0953
Execution time: 4.4811 seconds,Total True Reward = 91391.8334
Execution time: 4.5048 seconds,Total True Reward = 91792.2400
Execution time: 4.4838 seconds,Total True Reward = 91291.8151
Execution time: 4.5014 seconds,Total True Reward = 91391.8439
Execution time: 4.4931 seconds,Total True Reward = 91792.2670
Execution time: 4.4968 seconds,Total True Reward = 91291.8176
Execution time: 4.4868 seconds,Total True Reward = 91391.8317
Execution time: 4.4912 seconds,Total True Reward = 91592.0994
Execution time: 4.4827 seconds,Total True Reward = 91391.8402
Execution time: 4.4750 seconds,Total True Reward = 91792.2689
Execution time: 4.4893 seconds,Total True Reward = 91291.8211
Execution time: 4.4957 seconds,Total True Reward = 91391.8401
Execution time: 4.5057 seconds,Total True Reward = 91792.2390
Execution time: 4.4988 seconds,Total True Reward = 91291.8232
Execution time: 4.4971 seconds,Total True Reward = 91391.8483
Execution time: 4.5057 seconds,Total True Reward = 91792.2696
Execution time: 4.4817 seconds,Total True Reward = 91291.8262
Execution time: 4.4828 seconds,Total True Reward = 91391.8446
Execution time: 4.5096 seconds,Total True Reward = 91792.2443
Execution time: 4.4850 seconds,Total True Reward = 91291.8279
Execution time: 4.4709 seconds,Total True Reward = 91391.8548
Execution time: 4.4823 seconds,Total True Reward = 91792.2821
Execution time: 4.4762 seconds,Total True Reward = 91291.8294
Execution time: 4.4742 seconds,Total True Reward = 91391.8427
Execution time: 4.4885 seconds,Total True Reward = 91792.2478
Execution time: 4.5010 seconds,Total True Reward = 91291.8314
Execution time: 4.4936 seconds,Total True Reward = 91391.8590
Execution time: 4.4856 seconds,Total True Reward = 91792.2904
Execution time: 4.4907 seconds,Total True Reward = 91291.8330
Execution time: 4.4905 seconds,Total True Reward = 91391.8458
Execution time: 4.4712 seconds,Total True Reward = 91692.2055
Execution time: 4.4836 seconds,Total True Reward = 91291.8369
Execution time: 4.4784 seconds,Total True Reward = 91391.8950
Execution time: 4.4767 seconds,Total True Reward = 91892.3392
Execution time: 4.4843 seconds,Total True Reward = 91291.8362
Execution time: 4.4856 seconds,Total True Reward = 91391.8476
Execution time: 4.4965 seconds,Total True Reward = 91492.0265
Execution time: 4.5038 seconds,Total True Reward = 91391.9677
Execution time: 4.4953 seconds,Total True Reward = 91892.3442
Execution time: 4.4987 seconds,Total True Reward = 91291.8386
Execution time: 4.5134 seconds,Total True Reward = 91391.8496
Execution time: 4.5097 seconds,Total True Reward = 91492.0225
Execution time: 4.5113 seconds,Total True Reward = 91391.9759
Execution time: 4.5049 seconds,Total True Reward = 91892.3427
Execution time: 4.5015 seconds,Total True Reward = 91291.8422
Execution time: 4.5100 seconds,Total True Reward = 91391.8536
Execution time: 4.5111 seconds,Total True Reward = 91592.1186
Execution time: 4.5063 seconds,Total True Reward = 91391.8671
Execution time: 4.5015 seconds,Total True Reward = 91792.3185
Execution time: 4.5086 seconds,Total True Reward = 91291.8451
Execution time: 4.5136 seconds,Total True Reward = 91391.8564
Execution time: 4.5066 seconds,Total True Reward = 91792.2466
Execution time: 4.5011 seconds,Total True Reward = 91291.8471
Execution time: 4.5013 seconds,Total True Reward = 91391.8813
Execution time: 4.4849 seconds,Total True Reward = 91792.3318
Execution time: 4.4905 seconds,Total True Reward = 91291.8483
Execution time: 4.4970 seconds,Total True Reward = 91291.8578
Execution time: 4.4913 seconds,Total True Reward = 91492.0086
Execution time: 4.4776 seconds,Total True Reward = 91792.2671
Execution time: 4.4898 seconds,Total True Reward = 91291.8510
Execution time: 4.5013 seconds,Total True Reward = 91391.8786
Execution time: 4.4906 seconds,Total True Reward = 91792.3361
Execution time: 4.5050 seconds,Total True Reward = 91291.8523
Execution time: 10.8503 seconds,Total True Reward = 91291.8616
Execution time: 4.4864 seconds,Total True Reward = 91592.1282
Execution time: 4.4886 seconds,Total True Reward = 91391.8763
Execution time: 4.4924 seconds,Total True Reward = 91792.3290
Execution time: 4.4821 seconds,Total True Reward = 91291.8551
Execution time: 4.4859 seconds,Total True Reward = 91391.8655
Execution time: 4.4954 seconds,Total True Reward = 91592.1337
Execution time: 4.5020 seconds,Total True Reward = 91391.8770
Execution time: 4.4985 seconds,Total True Reward = 91792.3216
Execution time: 4.4899 seconds,Total True Reward = 91291.8584
Execution time: 4.5229 seconds,Total True Reward = 91391.8690
Execution time: 4.5035 seconds,Total True Reward = 91792.2626
Execution time: 4.4654 seconds,Total True Reward = 91291.8597
Execution time: 4.4727 seconds,Total True Reward = 91391.8930
Execution time: 4.4849 seconds,Total True Reward = 91892.3462
Execution time: 4.4918 seconds,Total True Reward = 91291.8606
Execution time: 4.4807 seconds,Total True Reward = 91391.8713
Execution time: 4.4846 seconds,Total True Reward = 91692.2131
Execution time: 4.4706 seconds,Total True Reward = 91291.8663
Execution time: 4.4680 seconds,Total True Reward = 91391.9666
Execution time: 4.4784 seconds,Total True Reward = 91892.3787
Execution time: 4.4819 seconds,Total True Reward = 91291.8634
Execution time: 4.4835 seconds,Total True Reward = 91291.8715
Execution time: 4.4913 seconds,Total True Reward = 91492.0225
Execution time: 4.4909 seconds,Total True Reward = 91792.2808
Execution time: 4.4890 seconds,Total True Reward = 91291.8657
Execution time: 4.4911 seconds,Total True Reward = 91391.8926
Execution time: 4.4928 seconds,Total True Reward = 91792.3509
Execution time: 4.5044 seconds,Total True Reward = 91291.8681
Execution time: 4.4985 seconds,Total True Reward = 91291.8771
Execution time: 4.4911 seconds,Total True Reward = 91592.1389
Execution time: 4.4973 seconds,Total True Reward = 91391.8934
Execution time: 4.4925 seconds,Total True Reward = 91792.3564
Execution time: 4.4853 seconds,Total True Reward = 91291.8705
Execution time: 4.5098 seconds,Total True Reward = 91391.8801
Execution time: 4.4922 seconds,Total True Reward = 91792.2736
Execution time: 4.5047 seconds,Total True Reward = 91291.8718
Execution time: 4.5028 seconds,Total True Reward = 91391.9044
Execution time: 4.4826 seconds,Total True Reward = 91792.3587
Execution time: 4.4767 seconds,Total True Reward = 91291.8738
Execution time: 4.4782 seconds,Total True Reward = 91391.8839
Execution time: 4.4935 seconds,Total True Reward = 91792.2763
Execution time: 4.4765 seconds,Total True Reward = 91291.8749
Execution time: 4.4927 seconds,Total True Reward = 91391.9083
Execution time: 4.4798 seconds,Total True Reward = 91792.3601
Execution time: 4.4802 seconds,Total True Reward = 91291.8767
Execution time: 4.4890 seconds,Total True Reward = 91391.8871
Execution time: 4.4908 seconds,Total True Reward = 91792.2811
Execution time: 4.5075 seconds,Total True Reward = 91291.8779
Execution time: 4.4998 seconds,Total True Reward = 91391.9089
Execution time: 4.4790 seconds,Total True Reward = 91792.3627
Execution time: 4.4794 seconds,Total True Reward = 91291.8797
Execution time: 4.4806 seconds,Total True Reward = 91291.8879
Execution time: 4.4988 seconds,Total True Reward = 91692.2338
Execution time: 4.4818 seconds,Total True Reward = 91291.8833
Execution time: 4.4726 seconds,Total True Reward = 91391.9823
Execution time: 4.4828 seconds,Total True Reward = 91892.4007
Execution time: 4.4759 seconds,Total True Reward = 91291.8816
Execution time: 4.4669 seconds,Total True Reward = 91291.8905
Execution time: 4.4684 seconds,Total True Reward = 91792.2702
Execution time: 4.4805 seconds,Total True Reward = 91291.8830
Execution time: 4.4926 seconds,Total True Reward = 91391.9198
Execution time: 4.4839 seconds,Total True Reward = 91892.3774
Execution time: 4.4833 seconds,Total True Reward = 91291.8848
Execution time: 4.4738 seconds,Total True Reward = 91391.8945
Execution time: 4.4641 seconds,Total True Reward = 91792.2970
Execution time: 4.4794 seconds,Total True Reward = 91291.8854
Execution time: 4.4862 seconds,Total True Reward = 91391.9089
Execution time: 4.4786 seconds,Total True Reward = 91792.3557
Execution time: 4.4662 seconds,Total True Reward = 91291.8874
Execution time: 4.4789 seconds,Total True Reward = 91391.8977
Execution time: 4.4821 seconds,Total True Reward = 91792.3070
Execution time: 4.4730 seconds,Total True Reward = 91291.8881
Execution time: 4.4847 seconds,Total True Reward = 91391.9081
Execution time: 4.4962 seconds,Total True Reward = 91792.3436
Execution time: 4.4936 seconds,Total True Reward = 91291.8898
Execution time: 4.5100 seconds,Total True Reward = 91391.8991
Execution time: 4.4941 seconds,Total True Reward = 91792.3015
Execution time: 4.4947 seconds,Total True Reward = 91291.8907
Execution time: 4.4995 seconds,Total True Reward = 91391.9169
Execution time: 4.4913 seconds,Total True Reward = 91792.3726
Execution time: 4.5006 seconds,Total True Reward = 91291.8926
Execution time: 4.4805 seconds,Total True Reward = 91291.9003
Execution time: 4.4697 seconds,Total True Reward = 91692.2723
Execution time: 4.4688 seconds,Total True Reward = 91291.8934
Execution time: 4.4762 seconds,Total True Reward = 91391.9340
Execution time: 4.4841 seconds,Total True Reward = 91892.3971
Execution time: 4.5030 seconds,Total True Reward = 91291.8946
Execution time: 4.4856 seconds,Total True Reward = 91391.9036
Execution time: 11.7335 seconds,Total True Reward = 91792.3073
Execution time: 4.4870 seconds,Total True Reward = 91291.8957
Execution time: 4.4863 seconds,Total True Reward = 91391.9176
Execution time: 4.4860 seconds,Total True Reward = 91792.3652
Execution time: 4.4761 seconds,Total True Reward = 91291.8970
Execution time: 4.4925 seconds,Total True Reward = 91391.9069
Execution time: 4.4734 seconds,Total True Reward = 91792.3188
Execution time: 4.4775 seconds,Total True Reward = 91291.8979
Execution time: 4.4812 seconds,Total True Reward = 91391.9139
Execution time: 4.4945 seconds,Total True Reward = 91792.3385
Execution time: 4.4796 seconds,Total True Reward = 91291.8994
Execution time: 4.4680 seconds,Total True Reward = 91391.9130
Execution time: 4.4672 seconds,Total True Reward = 91792.3272
Execution time: 4.4834 seconds,Total True Reward = 91291.8997
Execution time: 4.4956 seconds,Total True Reward = 91391.9144
Execution time: 4.4897 seconds,Total True Reward = 91792.3340
Execution time: 4.4706 seconds,Total True Reward = 91291.9010
Execution time: 4.4852 seconds,Total True Reward = 91391.9166
Execution time: 4.4898 seconds,Total True Reward = 91792.3407
Execution time: 4.4885 seconds,Total True Reward = 91291.9018
Execution time: 4.4614 seconds,Total True Reward = 91391.9139
Execution time: 4.4615 seconds,Total True Reward = 91792.3229
Execution time: 4.5042 seconds,Total True Reward = 91291.9027
Execution time: 4.5145 seconds,Total True Reward = 91391.9187
Execution time: 4.4964 seconds,Total True Reward = 91792.3647
Execution time: 4.5193 seconds,Total True Reward = 91291.9041
Execution time: 4.5150 seconds,Total True Reward = 91291.9125
Execution time: 4.5240 seconds,Total True Reward = 91792.3159
Execution time: 4.5167 seconds,Total True Reward = 91291.9040
Execution time: 4.5048 seconds,Total True Reward = 91391.9235
Execution time: 4.4940 seconds,Total True Reward = 91792.3668
Execution time: 4.4995 seconds,Total True Reward = 91291.9058
Execution time: 4.4931 seconds,Total True Reward = 91391.9152
Execution time: 4.4738 seconds,Total True Reward = 91792.3266
Execution time: 4.4826 seconds,Total True Reward = 91291.9060
Execution time: 4.4894 seconds,Total True Reward = 91391.9214
Execution time: 4.4826 seconds,Total True Reward = 91792.3478
Execution time: 4.4811 seconds,Total True Reward = 91291.9074
Execution time: 4.4825 seconds,Total True Reward = 91391.9235
Execution time: 4.4540 seconds,Total True Reward = 91792.3523
Execution time: 4.4753 seconds,Total True Reward = 91291.9085
Execution time: 4.4634 seconds,Total True Reward = 91391.9212
Execution time: 4.4689 seconds,Total True Reward = 91792.3510
Execution time: 4.4745 seconds,Total True Reward = 91291.9095
Execution time: 4.4650 seconds,Total True Reward = 91391.9258
Execution time: 4.4723 seconds,Total True Reward = 91792.3795
Execution time: 4.4745 seconds,Total True Reward = 91291.9112
Execution time: 4.4645 seconds,Total True Reward = 91391.9216
Execution time: 4.4946 seconds,Total True Reward = 91792.3425
Execution time: 4.4726 seconds,Total True Reward = 91291.9120
Execution time: 4.4825 seconds,Total True Reward = 91391.9304
Execution time: 4.4832 seconds,Total True Reward = 91792.3931
Execution time: 4.4733 seconds,Total True Reward = 91291.9137
Execution time: 4.4941 seconds,Total True Reward = 91391.9227
Execution time: 4.4898 seconds,Total True Reward = 91792.3363
Execution time: 4.4821 seconds,Total True Reward = 91291.9140
Execution time: 4.4830 seconds,Total True Reward = 91391.9360
Execution time: 4.4829 seconds,Total True Reward = 91892.4041
Execution time: 4.4823 seconds,Total True Reward = 91291.9159
Execution time: 4.4862 seconds,Total True Reward = 91391.9253
Execution time: 4.4782 seconds,Total True Reward = 91792.3418
Execution time: 4.4806 seconds,Total True Reward = 91291.9163
Execution time: 4.4733 seconds,Total True Reward = 91391.9368
Execution time: 4.4818 seconds,Total True Reward = 91892.4051
Execution time: 4.4768 seconds,Total True Reward = 91291.9180
Execution time: 4.4812 seconds,Total True Reward = 91391.9273
Execution time: 4.4993 seconds,Total True Reward = 91792.3437
Execution time: 4.4949 seconds,Total True Reward = 91291.9188
Execution time: 4.4911 seconds,Total True Reward = 91391.9399
Execution time: 4.4877 seconds,Total True Reward = 91792.4061
Execution time: 4.4580 seconds,Total True Reward = 91291.9196
Execution time: 4.4648 seconds,Total True Reward = 91391.9295
Execution time: 4.4924 seconds,Total True Reward = 91792.3702
Execution time: 4.4993 seconds,Total True Reward = 91291.9212
Execution time: 4.5022 seconds,Total True Reward = 91391.9342
Execution time: 4.5051 seconds,Total True Reward = 91792.3745
Execution time: 4.5045 seconds,Total True Reward = 91291.9222
Execution time: 4.4983 seconds,Total True Reward = 91391.9332
Execution time: 4.5121 seconds,Total True Reward = 91792.3821
Execution time: 4.5527 seconds,Total True Reward = 91291.9232
Execution time: 4.5254 seconds,Total True Reward = 91391.9357
Execution time: 4.5101 seconds,Total True Reward = 91792.3725
Execution time: 4.4991 seconds,Total True Reward = 91291.9243
Execution time: 4.4895 seconds,Total True Reward = 91391.9355
Execution time: 4.4935 seconds,Total True Reward = 91792.3859
Execution time: 4.4993 seconds,Total True Reward = 91291.9252
Execution time: 4.4937 seconds,Total True Reward = 91391.9382
Execution time: 4.5069 seconds,Total True Reward = 91792.3778
Execution time: 4.5000 seconds,Total True Reward = 91291.9262
Execution time: 4.5180 seconds,Total True Reward = 91391.9375
Execution time: 4.4941 seconds,Total True Reward = 91792.3866
Execution time: 4.4868 seconds,Total True Reward = 91291.9272
Execution time: 4.4867 seconds,Total True Reward = 91391.9399
Execution time: 4.4939 seconds,Total True Reward = 91792.3774
Execution time: 4.4844 seconds,Total True Reward = 91291.9281
Execution time: 4.4944 seconds,Total True Reward = 91391.9402
Execution time: 4.5093 seconds,Total True Reward = 91792.3928
Execution time: 4.4876 seconds,Total True Reward = 91291.9294
Execution time: 4.4909 seconds,Total True Reward = 91391.9424
Execution time: 4.5075 seconds,Total True Reward = 91792.3780
Execution time: 12.6682 seconds,Total True Reward = 91291.9293
Execution time: 4.5190 seconds,Total True Reward = 91391.9425
Execution time: 4.5165 seconds,Total True Reward = 91792.3974
Execution time: 4.5486 seconds,Total True Reward = 91291.9308
Execution time: 4.5209 seconds,Total True Reward = 91391.9438
Execution time: 4.5007 seconds,Total True Reward = 91792.3803
Execution time: 4.6647 seconds,Total True Reward = 91291.9312
Execution time: 4.5061 seconds,Total True Reward = 91391.9445
Execution time: 4.5005 seconds,Total True Reward = 91792.3947
Execution time: 4.4993 seconds,Total True Reward = 91291.9320
Execution time: 4.4865 seconds,Total True Reward = 91391.9463
Execution time: 4.5052 seconds,Total True Reward = 91792.3868
Execution time: 4.5357 seconds,Total True Reward = 91291.9324
Execution time: 4.5214 seconds,Total True Reward = 91391.9456
Execution time: 4.4862 seconds,Total True Reward = 91792.3935
Execution time: 4.4866 seconds,Total True Reward = 91291.9338
Execution time: 4.4918 seconds,Total True Reward = 91391.9483
Execution time: 4.4950 seconds,Total True Reward = 91792.3965
Execution time: 4.4567 seconds,Total True Reward = 91291.9342
Execution time: 4.4595 seconds,Total True Reward = 91391.9498
Execution time: 4.4473 seconds,Total True Reward = 91792.3895
Execution time: 4.4517 seconds,Total True Reward = 91291.9343
Execution time: 4.4554 seconds,Total True Reward = 91391.9491
Execution time: 4.4499 seconds,Total True Reward = 91792.3915
Execution time: 4.4793 seconds,Total True Reward = 91291.9362
Execution time: 4.4867 seconds,Total True Reward = 91391.9541
Execution time: 4.4813 seconds,Total True Reward = 91792.3855
Execution time: 4.4736 seconds,Total True Reward = 91291.9367
Execution time: 4.4802 seconds,Total True Reward = 91391.9561
Execution time: 4.4816 seconds,Total True Reward = 91792.3815
Execution time: 4.4860 seconds,Total True Reward = 91291.9368
Execution time: 4.4861 seconds,Total True Reward = 91391.9611
Execution time: 4.4711 seconds,Total True Reward = 91792.3715
Execution time: 4.4876 seconds,Total True Reward = 91291.9372
Execution time: 4.4885 seconds,Total True Reward = 91391.9661
Execution time: 4.4641 seconds,Total True Reward = 90491.3339
Execution time: 4.4795 seconds,Total True Reward = 91391.9640
Execution time: 4.5720 seconds,Total True Reward = 91392.0077
Execution time: 4.4948 seconds,Total True Reward = 91692.2571
Execution time: 4.4735 seconds,Total True Reward = 91391.9288
Execution time: 4.4735 seconds,Total True Reward = 91391.9707
Execution time: 4.4716 seconds,Total True Reward = 91392.0137
Execution time: 4.4813 seconds,Total True Reward = 91792.2751
Execution time: 4.5324 seconds,Total True Reward = 91391.9309
Execution time: 4.4787 seconds,Total True Reward = 91391.9704
Execution time: 4.4768 seconds,Total True Reward = 91392.0147
Execution time: 4.4704 seconds,Total True Reward = 91692.2654
Execution time: 4.4827 seconds,Total True Reward = 91391.9364
Execution time: 4.4891 seconds,Total True Reward = 91391.9782
Execution time: 4.4642 seconds,Total True Reward = 91392.0215
Execution time: 4.4999 seconds,Total True Reward = 91792.2872
Execution time: 4.4770 seconds,Total True Reward = 91391.9372
Execution time: 4.4802 seconds,Total True Reward = 91391.9747
Execution time: 4.4714 seconds,Total True Reward = 91392.0202
Execution time: 4.4777 seconds,Total True Reward = 91692.2676
Execution time: 4.4736 seconds,Total True Reward = 91391.9446
Execution time: 4.4806 seconds,Total True Reward = 91391.9875
Execution time: 4.4663 seconds,Total True Reward = 91392.0306
Execution time: 4.4726 seconds,Total True Reward = 91792.3019
Execution time: 4.4733 seconds,Total True Reward = 91391.9430
Execution time: 4.4852 seconds,Total True Reward = 91391.9779
Execution time: 4.4870 seconds,Total True Reward = 91392.0248
Execution time: 4.5096 seconds,Total True Reward = 91692.2690
Execution time: 4.4998 seconds,Total True Reward = 91391.9537
Execution time: 4.4770 seconds,Total True Reward = 91392.0029
Execution time: 4.4764 seconds,Total True Reward = 91492.0452
Execution time: 4.4810 seconds,Total True Reward = 91792.3155
Execution time: 4.4638 seconds,Total True Reward = 91391.9482
Execution time: 4.4752 seconds,Total True Reward = 91391.9832
Execution time: 4.4730 seconds,Total True Reward = 91392.0318
Execution time: 4.5137 seconds,Total True Reward = 91692.2786
Execution time: 4.4724 seconds,Total True Reward = 91391.9588
Execution time: 4.4702 seconds,Total True Reward = 91392.0076
Execution time: 4.4841 seconds,Total True Reward = 91492.0503
Execution time: 4.4821 seconds,Total True Reward = 91792.3220
Execution time: 4.4987 seconds,Total True Reward = 91391.9543
Execution time: 4.4931 seconds,Total True Reward = 91391.9933
Execution time: 4.4926 seconds,Total True Reward = 91392.0446
Execution time: 4.4747 seconds,Total True Reward = 91792.3168
Execution time: 4.4931 seconds,Total True Reward = 91391.9604
Execution time: 4.4746 seconds,Total True Reward = 91392.0058
Execution time: 4.4887 seconds,Total True Reward = 91392.0512
Execution time: 4.4914 seconds,Total True Reward = 91792.3209
Execution time: 4.5050 seconds,Total True Reward = 91391.9618
Execution time: 4.4834 seconds,Total True Reward = 91392.0042
Execution time: 4.4980 seconds,Total True Reward = 91392.0545
Execution time: 4.5021 seconds,Total True Reward = 91792.3293
Execution time: 4.4725 seconds,Total True Reward = 91391.9643
Execution time: 4.4648 seconds,Total True Reward = 91392.0049
Execution time: 4.4808 seconds,Total True Reward = 91392.0567
Execution time: 4.4739 seconds,Total True Reward = 91792.3308
Execution time: 4.4631 seconds,Total True Reward = 91391.9671
Execution time: 4.4759 seconds,Total True Reward = 91392.0094
Execution time: 4.4745 seconds,Total True Reward = 91392.0572
Execution time: 4.4859 seconds,Total True Reward = 91792.3329
Execution time: 4.4680 seconds,Total True Reward = 91391.9697
Execution time: 4.4895 seconds,Total True Reward = 91392.0127
Execution time: 4.4639 seconds,Total True Reward = 91392.0635
Execution time: 4.4711 seconds,Total True Reward = 91792.3397
Execution time: 4.4532 seconds,Total True Reward = 91391.9720
Execution time: 4.4609 seconds,Total True Reward = 91392.0141
Execution time: 4.4822 seconds,Total True Reward = 91392.0660
Execution time: 4.4957 seconds,Total True Reward = 91792.3393
Execution time: 4.4881 seconds,Total True Reward = 91391.9746
Execution time: 4.5139 seconds,Total True Reward = 91392.0202
Execution time: 4.4801 seconds,Total True Reward = 91392.0654
Execution time: 4.4907 seconds,Total True Reward = 91792.3426
Execution time: 4.4777 seconds,Total True Reward = 91391.9753
Execution time: 4.4806 seconds,Total True Reward = 91392.0195
Execution time: 4.4879 seconds,Total True Reward = 91492.0751
Execution time: 4.4794 seconds,Total True Reward = 91792.3447
Execution time: 4.4768 seconds,Total True Reward = 91391.9775
Execution time: 4.4802 seconds,Total True Reward = 91392.0219
Execution time: 13.4673 seconds,Total True Reward = 91392.0685
Execution time: 4.4904 seconds,Total True Reward = 91792.3459
Execution time: 4.4846 seconds,Total True Reward = 91391.9785
Execution time: 4.4763 seconds,Total True Reward = 91392.0222
Execution time: 4.4718 seconds,Total True Reward = 91492.0743
Execution time: 4.4887 seconds,Total True Reward = 91792.3511
Execution time: 4.4999 seconds,Total True Reward = 91391.9799
Execution time: 4.4783 seconds,Total True Reward = 91392.0222
Execution time: 4.4936 seconds,Total True Reward = 91392.0734
Execution time: 4.4902 seconds,Total True Reward = 91792.3511
Execution time: 4.4722 seconds,Total True Reward = 91391.9816
Execution time: 4.4852 seconds,Total True Reward = 91392.0255
Execution time: 4.4909 seconds,Total True Reward = 91492.0768
Execution time: 4.7327 seconds,Total True Reward = 91792.3540
Execution time: 5.3614 seconds,Total True Reward = 91391.9828
