Running on node: w009
CUDA_VISIBLE_DEVICES = 0
[CudaDevice(id=0)]
Using AIRL:  False
Using GAIL:  False
Using RGCL:  False
Experiment State @  2025-11-19 11:03:12.741390-05:00
Experiment Saved @  results/experiment_123
Experiment Settings Saved @  results/experiment_123
123
Wrapping the env with a `Monitor` wrapper
Wrapping the env in a DummyVecEnv.
t: 0, State: [[-0.4654772  -0.00194758]], Action: [[-0.9996625]], Reward: [-0.09993251],Reward_sum: -0.09993251413106918, Done: [False]
==========
t: 1, State: [[-0.469357   -0.00387981]], Action: [[-0.9990194]], Reward: [-0.09980398],Reward_sum: -0.19973649084568024, Done: [False]
==========
t: 2, State: [[-0.47513726 -0.00578025]], Action: [[-0.9969414]], Reward: [-0.09938921],Reward_sum: -0.29912570118904114, Done: [False]
==========
t: 3, State: [[-0.4827649  -0.00762764]], Action: [[-0.9901392]], Reward: [-0.09803756],Reward_sum: -0.3971632719039917, Done: [False]
==========
t: 4, State: [[-0.49214858 -0.00938369]], Action: [[-0.9670434]], Reward: [-0.0935173],Reward_sum: -0.4906805753707886, Done: [False]
==========
t: 5, State: [[-0.5031015  -0.01095294]], Action: [[-0.88914794]], Reward: [-0.07905841],Reward_sum: -0.5697389841079712, Done: [False]
==========
t: 6, State: [[-0.5151321 -0.0120306]], Action: [[-0.6160175]], Reward: [-0.03794776],Reward_sum: -0.6076867580413818, Done: [False]
==========
t: 7, State: [[-0.52787894 -0.01274683]], Action: [[-0.43515813]], Reward: [-0.01893626],Reward_sum: -0.6266230344772339, Done: [False]
==========
t: 8, State: [[-0.5411844  -0.01330547]], Action: [[-0.393831]], Reward: [-0.01551029],Reward_sum: -0.6421332955360413, Done: [False]
==========
t: 9, State: [[-0.5548759  -0.01369148]], Action: [[-0.34522194]], Reward: [-0.01191782],Reward_sum: -0.6540511250495911, Done: [False]
==========
t: 10, State: [[-0.5687661  -0.01389023]], Action: [[-0.28865921]], Reward: [-0.00833241],Reward_sum: -0.6623835563659668, Done: [False]
==========
t: 11, State: [[-0.5826771  -0.01391101]], Action: [[-0.2389983]], Reward: [-0.00571202],Reward_sum: -0.668095588684082, Done: [False]
==========
t: 12, State: [[-0.59644324 -0.01376612]], Action: [[-0.1972593]], Reward: [-0.00389112],Reward_sum: -0.6719866991043091, Done: [False]
==========
t: 13, State: [[-0.6099133  -0.01347006]], Action: [[-0.16395599]], Reward: [-0.00268816],Reward_sum: -0.6746748685836792, Done: [False]
==========
t: 14, State: [[-0.622952   -0.01303871]], Action: [[-0.13919377]], Reward: [-0.00193749],Reward_sum: -0.676612377166748, Done: [False]
==========
t: 15, State: [[-0.6354407 -0.0124887]], Action: [[-0.12277567]], Reward: [-0.00150739],Reward_sum: -0.6781196594238281, Done: [False]
==========
t: 16, State: [[-0.6472777  -0.01183698]], Action: [[-0.11429256]], Reward: [-0.00130628],Reward_sum: -0.6794259548187256, Done: [False]
==========
t: 17, State: [[-0.65837806 -0.01110033]], Action: [[-0.11320662]], Reward: [-0.00128157],Reward_sum: -0.6807075142860413, Done: [False]
==========
t: 18, State: [[-0.6686732  -0.01029513]], Action: [[-0.11888194]], Reward: [-0.00141329],Reward_sum: -0.6821208000183105, Done: [False]
==========
t: 19, State: [[-0.67795336 -0.00928015]], Action: [[-0.02603167]], Reward: [-6.77648e-05],Reward_sum: -0.6821885704994202, Done: [False]
==========
t: 20, State: [[-0.6859939  -0.00804056]], Action: [[0.0819056]], Reward: [-0.00067085],Reward_sum: -0.6828594207763672, Done: [False]
==========
t: 21, State: [[-0.6925056  -0.00651168]], Action: [[0.23902011]], Reward: [-0.00571306],Reward_sum: -0.6885724663734436, Done: [False]
==========
t: 22, State: [[-0.69717765 -0.00467204]], Action: [[0.41757274]], Reward: [-0.0174367],Reward_sum: -0.7060091495513916, Done: [False]
==========
t: 23, State: [[-0.69964254 -0.00246486]], Action: [[0.6422528]], Reward: [-0.04124887],Reward_sum: -0.7472580671310425, Done: [False]
==========
t: 24, State: [[-6.9960111e-01  4.1425927e-05]], Action: [[0.8309922]], Reward: [-0.0690548],Reward_sum: -0.816312849521637, Done: [False]
==========
t: 25, State: [[-0.69688946  0.00271164]], Action: [[0.94045377]], Reward: [-0.08844533],Reward_sum: -0.9047581553459167, Done: [False]
==========
t: 26, State: [[-0.69144166  0.00544781]], Action: [[0.9961684]], Reward: [-0.09923514],Reward_sum: -1.003993272781372, Done: [False]
==========
t: 27, State: [[-0.68328756  0.00815407]], Action: [[0.9999702]], Reward: [-0.09999404],Reward_sum: -1.1039873361587524, Done: [False]
==========
t: 28, State: [[-0.6724811   0.01080645]], Action: [[0.99999964]], Reward: [-0.09999993],Reward_sum: -1.2039872407913208, Done: [False]
==========
t: 29, State: [[-0.6590948   0.01338631]], Action: [[1.]], Reward: [-0.1],Reward_sum: -1.3039872646331787, Done: [False]
==========
t: 30, State: [[-0.64322007  0.01587477]], Action: [[1.]], Reward: [-0.1],Reward_sum: -1.4039872884750366, Done: [False]
==========
t: 31, State: [[-0.6249673  0.0182528]], Action: [[1.]], Reward: [-0.1],Reward_sum: -1.5039873123168945, Done: [False]
==========
t: 32, State: [[-0.6044659  0.0205014]], Action: [[1.]], Reward: [-0.1],Reward_sum: -1.6039873361587524, Done: [False]
==========
t: 33, State: [[-0.58186394  0.02260197]], Action: [[1.]], Reward: [-0.1],Reward_sum: -1.7039873600006104, Done: [False]
==========
t: 34, State: [[-0.5573272   0.02453673]], Action: [[1.]], Reward: [-0.1],Reward_sum: -1.8039873838424683, Done: [False]
==========
t: 35, State: [[-0.5310379   0.02628927]], Action: [[1.]], Reward: [-0.1],Reward_sum: -1.9039874076843262, Done: [False]
==========
t: 36, State: [[-0.5031929   0.02784505]], Action: [[1.]], Reward: [-0.1],Reward_sum: -2.0039873123168945, Done: [False]
==========
t: 37, State: [[-0.47400078  0.02919211]], Action: [[1.]], Reward: [-0.1],Reward_sum: -2.103987216949463, Done: [False]
==========
t: 38, State: [[-0.44367927  0.03032149]], Action: [[1.]], Reward: [-0.1],Reward_sum: -2.2039871215820312, Done: [False]
==========
t: 39, State: [[-0.41245145  0.03122782]], Action: [[1.]], Reward: [-0.1],Reward_sum: -2.3039872646331787, Done: [False]
==========
t: 40, State: [[-0.38054186  0.03190958]], Action: [[1.]], Reward: [-0.1],Reward_sum: -2.403987169265747, Done: [False]
==========
t: 41, State: [[-0.34817258  0.03236929]], Action: [[1.]], Reward: [-0.1],Reward_sum: -2.5039870738983154, Done: [False]
==========
t: 42, State: [[-0.3155591   0.03261349]], Action: [[1.]], Reward: [-0.1],Reward_sum: -2.603986978530884, Done: [False]
==========
t: 43, State: [[-0.28290656  0.03265254]], Action: [[1.]], Reward: [-0.1],Reward_sum: -2.703986883163452, Done: [False]
==========
t: 44, State: [[-0.25040638  0.03250018]], Action: [[1.]], Reward: [-0.1],Reward_sum: -2.8039867877960205, Done: [False]
==========
t: 45, State: [[-0.21823335  0.03217303]], Action: [[1.]], Reward: [-0.1],Reward_sum: -2.903986692428589, Done: [False]
==========
t: 46, State: [[-0.18654339  0.03168996]], Action: [[1.]], Reward: [-0.1],Reward_sum: -3.0039865970611572, Done: [False]
==========
t: 47, State: [[-0.15547207  0.03107133]], Action: [[1.]], Reward: [-0.1],Reward_sum: -3.103987216949463, Done: [False]
==========
t: 48, State: [[-0.12513371  0.03033836]], Action: [[1.]], Reward: [-0.1],Reward_sum: -3.2039871215820312, Done: [False]
==========
t: 49, State: [[-0.09562124  0.02951246]], Action: [[1.]], Reward: [-0.1],Reward_sum: -3.3039870262145996, Done: [False]
==========
t: 50, State: [[-0.06700662  0.02861462]], Action: [[1.]], Reward: [-0.1],Reward_sum: -3.403986930847168, Done: [False]
==========
t: 51, State: [[-0.03934165  0.02766496]], Action: [[1.]], Reward: [-0.1],Reward_sum: -3.5039868354797363, Done: [False]
==========
t: 52, State: [[-0.0126593   0.02668235]], Action: [[1.]], Reward: [-0.1],Reward_sum: -3.6039867401123047, Done: [False]
==========
t: 53, State: [[0.01302486 0.02568416]], Action: [[1.]], Reward: [-0.1],Reward_sum: -3.703986644744873, Done: [False]
==========
t: 54, State: [[0.03771092 0.02468607]], Action: [[1.]], Reward: [-0.1],Reward_sum: -3.8039865493774414, Done: [False]
==========
t: 55, State: [[0.06141297 0.02370205]], Action: [[1.]], Reward: [-0.1],Reward_sum: -3.903987169265747, Done: [False]
==========
t: 56, State: [[0.08415733 0.02274436]], Action: [[1.]], Reward: [-0.1],Reward_sum: -4.0039873123168945, Done: [False]
==========
t: 57, State: [[0.10598095 0.02182361]], Action: [[1.]], Reward: [-0.1],Reward_sum: -4.103987216949463, Done: [False]
==========
t: 58, State: [[0.12692986 0.02094891]], Action: [[1.]], Reward: [-0.1],Reward_sum: -4.203987121582031, Done: [False]
==========
t: 59, State: [[0.14705785 0.02012798]], Action: [[1.]], Reward: [-0.1],Reward_sum: -4.3039870262146, Done: [False]
==========
t: 60, State: [[0.1664252  0.01936735]], Action: [[1.]], Reward: [-0.1],Reward_sum: -4.403986930847168, Done: [False]
==========
t: 61, State: [[0.18509772 0.01867253]], Action: [[1.]], Reward: [-0.1],Reward_sum: -4.503986835479736, Done: [False]
==========
t: 62, State: [[0.20314589 0.01804817]], Action: [[1.]], Reward: [-0.1],Reward_sum: -4.603986740112305, Done: [False]
==========
t: 63, State: [[0.22064413 0.01749824]], Action: [[1.]], Reward: [-0.1],Reward_sum: -4.703987121582031, Done: [False]
==========
t: 64, State: [[0.23767036 0.01702623]], Action: [[1.]], Reward: [-0.1],Reward_sum: -4.8039870262146, Done: [False]
==========
t: 65, State: [[0.2543056  0.01663524]], Action: [[1.]], Reward: [-0.1],Reward_sum: -4.903986930847168, Done: [False]
==========
t: 66, State: [[0.2706338  0.01632818]], Action: [[1.]], Reward: [-0.1],Reward_sum: -5.003986835479736, Done: [False]
==========
t: 67, State: [[0.28674167 0.01610788]], Action: [[1.]], Reward: [-0.1],Reward_sum: -5.103986740112305, Done: [False]
==========
t: 68, State: [[0.30271888 0.01597721]], Action: [[1.]], Reward: [-0.1],Reward_sum: -5.203986644744873, Done: [False]
==========
t: 69, State: [[0.31865808 0.01593921]], Action: [[1.]], Reward: [-0.1],Reward_sum: -5.303986549377441, Done: [False]
==========
t: 70, State: [[0.33465526 0.01599718]], Action: [[1.]], Reward: [-0.1],Reward_sum: -5.40398645401001, Done: [False]
==========
t: 71, State: [[0.35081002 0.01615477]], Action: [[1.]], Reward: [-0.1],Reward_sum: -5.5039873123168945, Done: [False]
==========
t: 72, State: [[0.36722615 0.01641612]], Action: [[1.]], Reward: [-0.1],Reward_sum: -5.603987216949463, Done: [False]
==========
t: 73, State: [[0.384012   0.01678587]], Action: [[1.]], Reward: [-0.1],Reward_sum: -5.703987121582031, Done: [False]
==========
t: 74, State: [[0.40128133 0.0172693 ]], Action: [[1.]], Reward: [-0.1],Reward_sum: -5.8039870262146, Done: [False]
==========
t: 75, State: [[0.4191537  0.01787237]], Action: [[1.]], Reward: [-0.1],Reward_sum: -5.903986930847168, Done: [False]
==========
t: 76, State: [[0.43775547 0.01860179]], Action: [[1.]], Reward: [-0.1],Reward_sum: -6.003986835479736, Done: [False]
==========
t: 77, State: [[0.45722052 0.01946506]], Action: [[1.]], Reward: [99.9],Reward_sum: 93.89601135253906, Done: [False]
==========
t: 78, State: [[0.47769102 0.0204705 ]], Action: [[1.]], Reward: [99.9],Reward_sum: 193.7960205078125, Done: [False]
==========
t: 79, State: [[0.4993183  0.02162728]], Action: [[1.]], Reward: [99.9],Reward_sum: 293.6960144042969, Done: [False]
==========
t: 80, State: [[0.52226365 0.02294534]], Action: [[1.]], Reward: [99.9],Reward_sum: 393.59600830078125, Done: [False]
==========
t: 81, State: [[0.546699   0.02443532]], Action: [[1.]], Reward: [99.9],Reward_sum: 493.4960021972656, Done: [False]
==========
t: 82, State: [[0.57280743 0.02610844]], Action: [[1.]], Reward: [99.9],Reward_sum: 593.39599609375, Done: [False]
==========
t: 83, State: [[0.6        0.02797616]], Action: [[1.]], Reward: [99.9],Reward_sum: 693.2960205078125, Done: [False]
==========
t: 84, State: [[0.6        0.03004417]], Action: [[1.]], Reward: [99.9],Reward_sum: 793.196044921875, Done: [False]
==========
t: 85, State: [[0.6        0.03211217]], Action: [[1.]], Reward: [99.9],Reward_sum: 893.0960693359375, Done: [False]
==========
t: 86, State: [[0.6        0.03418018]], Action: [[1.]], Reward: [99.9],Reward_sum: 992.99609375, Done: [False]
==========
t: 87, State: [[0.6        0.03624818]], Action: [[1.]], Reward: [99.9],Reward_sum: 1092.89599609375, Done: [False]
==========
t: 88, State: [[0.6        0.03831619]], Action: [[1.]], Reward: [99.9],Reward_sum: 1192.7960205078125, Done: [False]
==========
t: 89, State: [[0.6       0.0403842]], Action: [[1.]], Reward: [99.9],Reward_sum: 1292.696044921875, Done: [False]
==========
t: 90, State: [[0.6       0.0424522]], Action: [[1.]], Reward: [99.9],Reward_sum: 1392.5960693359375, Done: [False]
==========
t: 91, State: [[0.6        0.04452021]], Action: [[1.]], Reward: [99.9],Reward_sum: 1492.49609375, Done: [False]
==========
t: 92, State: [[0.6        0.04658821]], Action: [[1.]], Reward: [99.9],Reward_sum: 1592.3961181640625, Done: [False]
==========
t: 93, State: [[0.6        0.04865622]], Action: [[1.]], Reward: [99.9],Reward_sum: 1692.296142578125, Done: [False]
==========
t: 94, State: [[0.6        0.05072422]], Action: [[1.]], Reward: [99.9],Reward_sum: 1792.1961669921875, Done: [False]
==========
t: 95, State: [[0.6        0.05279223]], Action: [[1.]], Reward: [99.9],Reward_sum: 1892.0960693359375, Done: [False]
==========
t: 96, State: [[0.6        0.05486023]], Action: [[1.]], Reward: [99.9],Reward_sum: 1991.99609375, Done: [False]
==========
t: 97, State: [[0.6        0.05692824]], Action: [[1.]], Reward: [99.9],Reward_sum: 2091.89599609375, Done: [False]
==========
t: 98, State: [[0.6        0.05899625]], Action: [[1.]], Reward: [99.9],Reward_sum: 2191.7958984375, Done: [False]
==========
t: 99, State: [[0.6        0.06106425]], Action: [[1.]], Reward: [99.9],Reward_sum: 2291.69580078125, Done: [False]
==========
t: 100, State: [[0.6        0.06313226]], Action: [[1.]], Reward: [99.9],Reward_sum: 2391.595703125, Done: [False]
==========
t: 101, State: [[0.6        0.06520026]], Action: [[1.]], Reward: [99.9],Reward_sum: 2491.49560546875, Done: [False]
==========
t: 102, State: [[0.6        0.06726827]], Action: [[1.]], Reward: [99.9],Reward_sum: 2591.3955078125, Done: [False]
==========
t: 103, State: [[0.6        0.06933627]], Action: [[1.]], Reward: [99.9],Reward_sum: 2691.2958984375, Done: [False]
==========
t: 104, State: [[0.6  0.07]], Action: [[1.]], Reward: [99.9],Reward_sum: 2791.19580078125, Done: [False]
==========
t: 105, State: [[0.6  0.07]], Action: [[1.]], Reward: [99.9],Reward_sum: 2891.095703125, Done: [False]
==========
t: 106, State: [[0.6  0.07]], Action: [[1.]], Reward: [99.9],Reward_sum: 2990.99560546875, Done: [False]
==========
t: 107, State: [[0.6  0.07]], Action: [[1.]], Reward: [99.9],Reward_sum: 3090.8955078125, Done: [False]
==========
t: 108, State: [[0.6  0.07]], Action: [[1.]], Reward: [99.9],Reward_sum: 3190.79541015625, Done: [False]
==========
t: 109, State: [[0.6  0.07]], Action: [[1.]], Reward: [99.9],Reward_sum: 3290.6953125, Done: [False]
==========
t: 110, State: [[0.6  0.07]], Action: [[1.]], Reward: [99.9],Reward_sum: 3390.59521484375, Done: [False]
==========
t: 111, State: [[0.6  0.07]], Action: [[1.]], Reward: [99.9],Reward_sum: 3490.495849609375, Done: [False]
==========
t: 112, State: [[0.6  0.07]], Action: [[1.]], Reward: [99.9],Reward_sum: 3590.395751953125, Done: [False]
==========
t: 113, State: [[0.6  0.07]], Action: [[1.]], Reward: [99.9],Reward_sum: 3690.295654296875, Done: [False]
==========
t: 114, State: [[0.6  0.07]], Action: [[1.]], Reward: [99.9],Reward_sum: 3790.195556640625, Done: [False]
==========
t: 115, State: [[0.6  0.07]], Action: [[1.]], Reward: [99.9],Reward_sum: 3890.095458984375, Done: [False]
==========
t: 116, State: [[0.6  0.07]], Action: [[1.]], Reward: [99.9],Reward_sum: 3989.995361328125, Done: [False]
==========
t: 117, State: [[0.6  0.07]], Action: [[1.]], Reward: [99.9],Reward_sum: 4089.895263671875, Done: [False]
==========
t: 118, State: [[0.6  0.07]], Action: [[1.]], Reward: [99.9],Reward_sum: 4189.79541015625, Done: [False]
==========
t: 119, State: [[0.6  0.07]], Action: [[1.]], Reward: [99.9],Reward_sum: 4289.6962890625, Done: [False]
==========
t: 120, State: [[0.6  0.07]], Action: [[1.]], Reward: [99.9],Reward_sum: 4389.59619140625, Done: [False]
==========
t: 121, State: [[0.6  0.07]], Action: [[1.]], Reward: [99.9],Reward_sum: 4489.49609375, Done: [False]
==========
t: 122, State: [[0.6  0.07]], Action: [[1.]], Reward: [99.9],Reward_sum: 4589.39599609375, Done: [False]
==========
t: 123, State: [[0.6  0.07]], Action: [[1.]], Reward: [99.9],Reward_sum: 4689.2958984375, Done: [False]
==========
t: 124, State: [[0.6  0.07]], Action: [[1.]], Reward: [99.9],Reward_sum: 4789.19580078125, Done: [False]
==========
t: 125, State: [[0.6  0.07]], Action: [[1.]], Reward: [99.9],Reward_sum: 4889.095703125, Done: [False]
==========
t: 126, State: [[0.6  0.07]], Action: [[1.]], Reward: [99.9],Reward_sum: 4988.99560546875, Done: [False]
==========
t: 127, State: [[0.6  0.07]], Action: [[1.]], Reward: [99.9],Reward_sum: 5088.89599609375, Done: [False]
==========
t: 128, State: [[0.6  0.07]], Action: [[1.]], Reward: [99.9],Reward_sum: 5188.7958984375, Done: [False]
==========
t: 129, State: [[0.6  0.07]], Action: [[1.]], Reward: [99.9],Reward_sum: 5288.69580078125, Done: [False]
==========
t: 130, State: [[0.6  0.07]], Action: [[1.]], Reward: [99.9],Reward_sum: 5388.595703125, Done: [False]
==========
t: 131, State: [[0.6  0.07]], Action: [[1.]], Reward: [99.9],Reward_sum: 5488.49560546875, Done: [False]
==========
t: 132, State: [[0.6  0.07]], Action: [[1.]], Reward: [99.9],Reward_sum: 5588.3955078125, Done: [False]
==========
t: 133, State: [[0.6  0.07]], Action: [[1.]], Reward: [99.9],Reward_sum: 5688.29541015625, Done: [False]
==========
t: 134, State: [[0.6  0.07]], Action: [[1.]], Reward: [99.9],Reward_sum: 5788.1953125, Done: [False]
==========
t: 135, State: [[0.6  0.07]], Action: [[1.]], Reward: [99.9],Reward_sum: 5888.09619140625, Done: [False]
==========
t: 136, State: [[0.6  0.07]], Action: [[1.]], Reward: [99.9],Reward_sum: 5987.99609375, Done: [False]
==========
t: 137, State: [[0.6  0.07]], Action: [[1.]], Reward: [99.9],Reward_sum: 6087.89599609375, Done: [False]
==========
t: 138, State: [[0.6  0.07]], Action: [[1.]], Reward: [99.9],Reward_sum: 6187.7958984375, Done: [False]
==========
t: 139, State: [[0.6  0.07]], Action: [[1.]], Reward: [99.9],Reward_sum: 6287.69580078125, Done: [False]
==========
t: 140, State: [[0.6  0.07]], Action: [[1.]], Reward: [99.9],Reward_sum: 6387.595703125, Done: [False]
==========
t: 141, State: [[0.6  0.07]], Action: [[1.]], Reward: [99.9],Reward_sum: 6487.49560546875, Done: [False]
==========
t: 142, State: [[0.6  0.07]], Action: [[1.]], Reward: [99.9],Reward_sum: 6587.3955078125, Done: [False]
==========
t: 143, State: [[0.6  0.07]], Action: [[1.]], Reward: [99.9],Reward_sum: 6687.296875, Done: [False]
==========
t: 144, State: [[0.6  0.07]], Action: [[1.]], Reward: [99.9],Reward_sum: 6787.19677734375, Done: [False]
==========
t: 145, State: [[0.6  0.07]], Action: [[1.]], Reward: [99.9],Reward_sum: 6887.0966796875, Done: [False]
==========
t: 146, State: [[0.6  0.07]], Action: [[1.]], Reward: [99.9],Reward_sum: 6986.99658203125, Done: [False]
==========
t: 147, State: [[0.6  0.07]], Action: [[1.]], Reward: [99.9],Reward_sum: 7086.896484375, Done: [False]
==========
t: 148, State: [[0.6  0.07]], Action: [[1.]], Reward: [99.9],Reward_sum: 7186.79638671875, Done: [False]
==========
t: 149, State: [[0.6  0.07]], Action: [[1.]], Reward: [99.9],Reward_sum: 7286.6962890625, Done: [False]
==========
t: 150, State: [[0.6  0.07]], Action: [[1.]], Reward: [99.9],Reward_sum: 7386.59619140625, Done: [False]
==========
t: 151, State: [[0.6  0.07]], Action: [[1.]], Reward: [99.9],Reward_sum: 7486.4970703125, Done: [False]
==========
t: 152, State: [[0.6  0.07]], Action: [[1.]], Reward: [99.9],Reward_sum: 7586.39697265625, Done: [False]
==========
t: 153, State: [[0.6  0.07]], Action: [[1.]], Reward: [99.9],Reward_sum: 7686.296875, Done: [False]
==========
t: 154, State: [[0.6  0.07]], Action: [[1.]], Reward: [99.9],Reward_sum: 7786.19677734375, Done: [False]
==========
t: 155, State: [[0.6  0.07]], Action: [[1.]], Reward: [99.9],Reward_sum: 7886.0966796875, Done: [False]
==========
t: 156, State: [[0.6  0.07]], Action: [[1.]], Reward: [99.9],Reward_sum: 7985.99658203125, Done: [False]
==========
t: 157, State: [[0.6  0.07]], Action: [[1.]], Reward: [99.9],Reward_sum: 8085.896484375, Done: [False]
==========
t: 158, State: [[0.6  0.07]], Action: [[1.]], Reward: [99.9],Reward_sum: 8185.79638671875, Done: [False]
==========
t: 159, State: [[0.6  0.07]], Action: [[1.]], Reward: [99.9],Reward_sum: 8285.697265625, Done: [False]
==========
t: 160, State: [[0.6  0.07]], Action: [[1.]], Reward: [99.9],Reward_sum: 8385.5966796875, Done: [False]
==========
t: 161, State: [[0.6  0.07]], Action: [[1.]], Reward: [99.9],Reward_sum: 8485.4970703125, Done: [False]
==========
t: 162, State: [[0.6  0.07]], Action: [[1.]], Reward: [99.9],Reward_sum: 8585.3974609375, Done: [False]
==========
t: 163, State: [[0.6  0.07]], Action: [[1.]], Reward: [99.9],Reward_sum: 8685.2978515625, Done: [False]
==========
t: 164, State: [[0.6  0.07]], Action: [[1.]], Reward: [99.9],Reward_sum: 8785.1982421875, Done: [False]
==========
t: 165, State: [[0.6  0.07]], Action: [[1.]], Reward: [99.9],Reward_sum: 8885.0986328125, Done: [False]
==========
t: 166, State: [[0.6  0.07]], Action: [[1.]], Reward: [99.9],Reward_sum: 8984.9990234375, Done: [False]
==========
t: 167, State: [[0.6  0.07]], Action: [[1.]], Reward: [99.9],Reward_sum: 9084.8974609375, Done: [False]
==========
t: 168, State: [[0.6  0.07]], Action: [[1.]], Reward: [99.9],Reward_sum: 9184.7978515625, Done: [False]
==========
t: 169, State: [[0.6  0.07]], Action: [[1.]], Reward: [99.9],Reward_sum: 9284.6982421875, Done: [False]
==========
t: 170, State: [[0.6  0.07]], Action: [[1.]], Reward: [99.9],Reward_sum: 9384.5986328125, Done: [False]
==========
t: 171, State: [[0.6  0.07]], Action: [[1.]], Reward: [99.9],Reward_sum: 9484.4990234375, Done: [False]
==========
t: 172, State: [[0.6  0.07]], Action: [[1.]], Reward: [99.9],Reward_sum: 9584.3994140625, Done: [False]
==========
t: 173, State: [[0.6  0.07]], Action: [[1.]], Reward: [99.9],Reward_sum: 9684.2998046875, Done: [False]
==========
t: 174, State: [[0.6  0.07]], Action: [[1.]], Reward: [99.9],Reward_sum: 9784.2001953125, Done: [False]
==========
t: 175, State: [[0.6  0.07]], Action: [[1.]], Reward: [99.9],Reward_sum: 9884.09765625, Done: [False]
==========
t: 176, State: [[0.6  0.07]], Action: [[1.]], Reward: [99.9],Reward_sum: 9983.998046875, Done: [False]
==========
t: 177, State: [[0.6  0.07]], Action: [[1.]], Reward: [99.9],Reward_sum: 10083.8984375, Done: [False]
==========
t: 178, State: [[0.6  0.07]], Action: [[1.]], Reward: [99.9],Reward_sum: 10183.798828125, Done: [False]
==========
t: 179, State: [[0.6  0.07]], Action: [[1.]], Reward: [99.9],Reward_sum: 10283.69921875, Done: [False]
==========
t: 180, State: [[0.6  0.07]], Action: [[1.]], Reward: [99.9],Reward_sum: 10383.599609375, Done: [False]
==========
t: 181, State: [[0.6  0.07]], Action: [[1.]], Reward: [99.9],Reward_sum: 10483.5, Done: [False]
==========
t: 182, State: [[0.6  0.07]], Action: [[1.]], Reward: [99.9],Reward_sum: 10583.400390625, Done: [False]
==========
t: 183, State: [[0.6  0.07]], Action: [[1.]], Reward: [99.9],Reward_sum: 10683.296875, Done: [False]
==========
t: 184, State: [[0.6  0.07]], Action: [[1.]], Reward: [99.9],Reward_sum: 10783.197265625, Done: [False]
==========
t: 185, State: [[0.6  0.07]], Action: [[1.]], Reward: [99.9],Reward_sum: 10883.09765625, Done: [False]
==========
t: 186, State: [[0.6  0.07]], Action: [[1.]], Reward: [99.9],Reward_sum: 10982.998046875, Done: [False]
==========
t: 187, State: [[0.6  0.07]], Action: [[1.]], Reward: [99.9],Reward_sum: 11082.8984375, Done: [False]
==========
t: 188, State: [[0.6  0.07]], Action: [[1.]], Reward: [99.9],Reward_sum: 11182.798828125, Done: [False]
==========
t: 189, State: [[0.6  0.07]], Action: [[1.]], Reward: [99.9],Reward_sum: 11282.69921875, Done: [False]
==========
t: 190, State: [[0.6  0.07]], Action: [[1.]], Reward: [99.9],Reward_sum: 11382.599609375, Done: [False]
==========
t: 191, State: [[0.6  0.07]], Action: [[1.]], Reward: [99.9],Reward_sum: 11482.4970703125, Done: [False]
==========
t: 192, State: [[0.6  0.07]], Action: [[1.]], Reward: [99.9],Reward_sum: 11582.3974609375, Done: [False]
==========
t: 193, State: [[0.6  0.07]], Action: [[1.]], Reward: [99.9],Reward_sum: 11682.2978515625, Done: [False]
==========
t: 194, State: [[0.6  0.07]], Action: [[1.]], Reward: [99.9],Reward_sum: 11782.1982421875, Done: [False]
==========
t: 195, State: [[0.6  0.07]], Action: [[1.]], Reward: [99.9],Reward_sum: 11882.0986328125, Done: [False]
==========
t: 196, State: [[0.6  0.07]], Action: [[1.]], Reward: [99.9],Reward_sum: 11981.9990234375, Done: [False]
==========
t: 197, State: [[0.6  0.07]], Action: [[1.]], Reward: [99.9],Reward_sum: 12081.8994140625, Done: [False]
==========
t: 198, State: [[0.6  0.07]], Action: [[1.]], Reward: [99.9],Reward_sum: 12181.7998046875, Done: [False]
==========
t: 199, State: [[0.6  0.07]], Action: [[1.]], Reward: [99.9],Reward_sum: 12281.697265625, Done: [False]
==========
t: 200, State: [[0.6  0.07]], Action: [[1.]], Reward: [99.9],Reward_sum: 12381.59765625, Done: [False]
==========
t: 201, State: [[0.6  0.07]], Action: [[1.]], Reward: [99.9],Reward_sum: 12481.498046875, Done: [False]
==========
t: 202, State: [[0.6  0.07]], Action: [[1.]], Reward: [99.9],Reward_sum: 12581.3984375, Done: [False]
==========
t: 203, State: [[0.6  0.07]], Action: [[1.]], Reward: [99.9],Reward_sum: 12681.298828125, Done: [False]
==========
t: 204, State: [[0.6  0.07]], Action: [[1.]], Reward: [99.9],Reward_sum: 12781.19921875, Done: [False]
==========
t: 205, State: [[0.6  0.07]], Action: [[1.]], Reward: [99.9],Reward_sum: 12881.099609375, Done: [False]
==========
t: 206, State: [[0.6  0.07]], Action: [[1.]], Reward: [99.9],Reward_sum: 12981.0, Done: [False]
==========
t: 207, State: [[0.6  0.07]], Action: [[1.]], Reward: [99.9],Reward_sum: 13080.8974609375, Done: [False]
==========
t: 208, State: [[0.6  0.07]], Action: [[1.]], Reward: [99.9],Reward_sum: 13180.7978515625, Done: [False]
==========
t: 209, State: [[0.6  0.07]], Action: [[1.]], Reward: [99.9],Reward_sum: 13280.6982421875, Done: [False]
==========
t: 210, State: [[0.6  0.07]], Action: [[1.]], Reward: [99.9],Reward_sum: 13380.5986328125, Done: [False]
==========
t: 211, State: [[0.6  0.07]], Action: [[1.]], Reward: [99.9],Reward_sum: 13480.4990234375, Done: [False]
==========
t: 212, State: [[0.6  0.07]], Action: [[1.]], Reward: [99.9],Reward_sum: 13580.3994140625, Done: [False]
==========
t: 213, State: [[0.6  0.07]], Action: [[1.]], Reward: [99.9],Reward_sum: 13680.2998046875, Done: [False]
==========
t: 214, State: [[0.6  0.07]], Action: [[1.]], Reward: [99.9],Reward_sum: 13780.2001953125, Done: [False]
==========
t: 215, State: [[0.6  0.07]], Action: [[1.]], Reward: [99.9],Reward_sum: 13880.09765625, Done: [False]
==========
t: 216, State: [[0.6  0.07]], Action: [[1.]], Reward: [99.9],Reward_sum: 13979.998046875, Done: [False]
==========
t: 217, State: [[0.6  0.07]], Action: [[1.]], Reward: [99.9],Reward_sum: 14079.8984375, Done: [False]
==========
t: 218, State: [[0.6  0.07]], Action: [[1.]], Reward: [99.9],Reward_sum: 14179.798828125, Done: [False]
==========
t: 219, State: [[0.6  0.07]], Action: [[1.]], Reward: [99.9],Reward_sum: 14279.69921875, Done: [False]
==========
t: 220, State: [[0.6  0.07]], Action: [[1.]], Reward: [99.9],Reward_sum: 14379.599609375, Done: [False]
==========
t: 221, State: [[0.6  0.07]], Action: [[1.]], Reward: [99.9],Reward_sum: 14479.5, Done: [False]
==========
t: 222, State: [[0.6  0.07]], Action: [[1.]], Reward: [99.9],Reward_sum: 14579.400390625, Done: [False]
==========
t: 223, State: [[0.6  0.07]], Action: [[1.]], Reward: [99.9],Reward_sum: 14679.2978515625, Done: [False]
==========
t: 224, State: [[0.6  0.07]], Action: [[1.]], Reward: [99.9],Reward_sum: 14779.1982421875, Done: [False]
==========
t: 225, State: [[0.6  0.07]], Action: [[1.]], Reward: [99.9],Reward_sum: 14879.0986328125, Done: [False]
==========
t: 226, State: [[0.6  0.07]], Action: [[1.]], Reward: [99.9],Reward_sum: 14978.9990234375, Done: [False]
==========
t: 227, State: [[0.6  0.07]], Action: [[1.]], Reward: [99.9],Reward_sum: 15078.8994140625, Done: [False]
==========
t: 228, State: [[0.6  0.07]], Action: [[1.]], Reward: [99.9],Reward_sum: 15178.7998046875, Done: [False]
==========
t: 229, State: [[0.6  0.07]], Action: [[1.]], Reward: [99.9],Reward_sum: 15278.7001953125, Done: [False]
==========
t: 230, State: [[0.6  0.07]], Action: [[1.]], Reward: [99.9],Reward_sum: 15378.6005859375, Done: [False]
==========
t: 231, State: [[0.6  0.07]], Action: [[1.]], Reward: [99.9],Reward_sum: 15478.498046875, Done: [False]
==========
t: 232, State: [[0.6  0.07]], Action: [[1.]], Reward: [99.9],Reward_sum: 15578.3984375, Done: [False]
==========
t: 233, State: [[0.6  0.07]], Action: [[1.]], Reward: [99.9],Reward_sum: 15678.298828125, Done: [False]
==========
t: 234, State: [[0.6  0.07]], Action: [[1.]], Reward: [99.9],Reward_sum: 15778.19921875, Done: [False]
==========
t: 235, State: [[0.6  0.07]], Action: [[1.]], Reward: [99.9],Reward_sum: 15878.099609375, Done: [False]
==========
t: 236, State: [[0.6  0.07]], Action: [[1.]], Reward: [99.9],Reward_sum: 15978.0, Done: [False]
==========
t: 237, State: [[0.6  0.07]], Action: [[1.]], Reward: [99.9],Reward_sum: 16077.900390625, Done: [False]
==========
t: 238, State: [[0.6  0.07]], Action: [[1.]], Reward: [99.9],Reward_sum: 16177.80078125, Done: [False]
==========
t: 239, State: [[0.6  0.07]], Action: [[1.]], Reward: [99.9],Reward_sum: 16277.6982421875, Done: [False]
==========
t: 240, State: [[0.6  0.07]], Action: [[1.]], Reward: [99.9],Reward_sum: 16377.5986328125, Done: [False]
==========
t: 241, State: [[0.6  0.07]], Action: [[1.]], Reward: [99.9],Reward_sum: 16477.5, Done: [False]
==========
t: 242, State: [[0.6  0.07]], Action: [[1.]], Reward: [99.9],Reward_sum: 16577.3984375, Done: [False]
==========
t: 243, State: [[0.6  0.07]], Action: [[1.]], Reward: [99.9],Reward_sum: 16677.30078125, Done: [False]
==========
t: 244, State: [[0.6  0.07]], Action: [[1.]], Reward: [99.9],Reward_sum: 16777.19921875, Done: [False]
==========
t: 245, State: [[0.6  0.07]], Action: [[1.]], Reward: [99.9],Reward_sum: 16877.1015625, Done: [False]
==========
t: 246, State: [[0.6  0.07]], Action: [[1.]], Reward: [99.9],Reward_sum: 16977.0, Done: [False]
==========
t: 247, State: [[0.6  0.07]], Action: [[1.]], Reward: [99.9],Reward_sum: 17076.8984375, Done: [False]
==========
t: 248, State: [[0.6  0.07]], Action: [[1.]], Reward: [99.9],Reward_sum: 17176.796875, Done: [False]
==========
t: 249, State: [[0.6  0.07]], Action: [[1.]], Reward: [99.9],Reward_sum: 17276.697265625, Done: [False]
==========
t: 250, State: [[0.6  0.07]], Action: [[1.]], Reward: [99.9],Reward_sum: 17376.59765625, Done: [False]
==========
t: 251, State: [[0.6  0.07]], Action: [[1.]], Reward: [99.9],Reward_sum: 17476.49609375, Done: [False]
==========
t: 252, State: [[0.6  0.07]], Action: [[1.]], Reward: [99.9],Reward_sum: 17576.3984375, Done: [False]
==========
t: 253, State: [[0.6  0.07]], Action: [[1.]], Reward: [99.9],Reward_sum: 17676.296875, Done: [False]
==========
t: 254, State: [[0.6  0.07]], Action: [[1.]], Reward: [99.9],Reward_sum: 17776.1953125, Done: [False]
==========
t: 255, State: [[0.6  0.07]], Action: [[1.]], Reward: [99.9],Reward_sum: 17876.09765625, Done: [False]
==========
t: 256, State: [[0.6  0.07]], Action: [[1.]], Reward: [99.9],Reward_sum: 17975.998046875, Done: [False]
==========
t: 257, State: [[0.6  0.07]], Action: [[1.]], Reward: [99.9],Reward_sum: 18075.896484375, Done: [False]
==========
t: 258, State: [[0.6  0.07]], Action: [[1.]], Reward: [99.9],Reward_sum: 18175.796875, Done: [False]
==========
t: 259, State: [[0.6  0.07]], Action: [[1.]], Reward: [99.9],Reward_sum: 18275.697265625, Done: [False]
==========
t: 260, State: [[0.6  0.07]], Action: [[1.]], Reward: [99.9],Reward_sum: 18375.59765625, Done: [False]
==========
t: 261, State: [[0.6  0.07]], Action: [[1.]], Reward: [99.9],Reward_sum: 18475.49609375, Done: [False]
==========
t: 262, State: [[0.6  0.07]], Action: [[1.]], Reward: [99.9],Reward_sum: 18575.396484375, Done: [False]
==========
t: 263, State: [[0.6  0.07]], Action: [[1.]], Reward: [99.9],Reward_sum: 18675.296875, Done: [False]
==========
t: 264, State: [[0.6  0.07]], Action: [[1.]], Reward: [99.9],Reward_sum: 18775.197265625, Done: [False]
==========
t: 265, State: [[0.6  0.07]], Action: [[1.]], Reward: [99.9],Reward_sum: 18875.09765625, Done: [False]
==========
t: 266, State: [[0.6  0.07]], Action: [[1.]], Reward: [99.9],Reward_sum: 18974.998046875, Done: [False]
==========
t: 267, State: [[0.6  0.07]], Action: [[1.]], Reward: [99.9],Reward_sum: 19074.896484375, Done: [False]
==========
t: 268, State: [[0.6  0.07]], Action: [[1.]], Reward: [99.9],Reward_sum: 19174.796875, Done: [False]
==========
t: 269, State: [[0.6  0.07]], Action: [[1.]], Reward: [99.9],Reward_sum: 19274.697265625, Done: [False]
==========
t: 270, State: [[0.6  0.07]], Action: [[1.]], Reward: [99.9],Reward_sum: 19374.59765625, Done: [False]
==========
t: 271, State: [[0.6  0.07]], Action: [[1.]], Reward: [99.9],Reward_sum: 19474.498046875, Done: [False]
==========
t: 272, State: [[0.6  0.07]], Action: [[1.]], Reward: [99.9],Reward_sum: 19574.396484375, Done: [False]
==========
t: 273, State: [[0.6  0.07]], Action: [[1.]], Reward: [99.9],Reward_sum: 19674.296875, Done: [False]
==========
t: 274, State: [[0.6  0.07]], Action: [[1.]], Reward: [99.9],Reward_sum: 19774.197265625, Done: [False]
==========
t: 275, State: [[0.6  0.07]], Action: [[1.]], Reward: [99.9],Reward_sum: 19874.09765625, Done: [False]
==========
t: 276, State: [[0.6  0.07]], Action: [[1.]], Reward: [99.9],Reward_sum: 19973.99609375, Done: [False]
==========
t: 277, State: [[0.6  0.07]], Action: [[1.]], Reward: [99.9],Reward_sum: 20073.896484375, Done: [False]
==========
t: 278, State: [[0.6  0.07]], Action: [[1.]], Reward: [99.9],Reward_sum: 20173.796875, Done: [False]
==========
t: 279, State: [[0.6  0.07]], Action: [[1.]], Reward: [99.9],Reward_sum: 20273.697265625, Done: [False]
==========
t: 280, State: [[0.6  0.07]], Action: [[1.]], Reward: [99.9],Reward_sum: 20373.59765625, Done: [False]
==========
t: 281, State: [[0.6  0.07]], Action: [[1.]], Reward: [99.9],Reward_sum: 20473.498046875, Done: [False]
==========
t: 282, State: [[0.6  0.07]], Action: [[1.]], Reward: [99.9],Reward_sum: 20573.396484375, Done: [False]
==========
t: 283, State: [[0.6  0.07]], Action: [[1.]], Reward: [99.9],Reward_sum: 20673.296875, Done: [False]
==========
t: 284, State: [[0.6  0.07]], Action: [[1.]], Reward: [99.9],Reward_sum: 20773.197265625, Done: [False]
==========
t: 285, State: [[0.6  0.07]], Action: [[1.]], Reward: [99.9],Reward_sum: 20873.09765625, Done: [False]
==========
t: 286, State: [[0.6  0.07]], Action: [[1.]], Reward: [99.9],Reward_sum: 20972.99609375, Done: [False]
==========
t: 287, State: [[0.6  0.07]], Action: [[1.]], Reward: [99.9],Reward_sum: 21072.8984375, Done: [False]
==========
t: 288, State: [[0.6  0.07]], Action: [[1.]], Reward: [99.9],Reward_sum: 21172.798828125, Done: [False]
==========
t: 289, State: [[0.6  0.07]], Action: [[1.]], Reward: [99.9],Reward_sum: 21272.69921875, Done: [False]
==========
t: 290, State: [[0.6  0.07]], Action: [[1.]], Reward: [99.9],Reward_sum: 21372.59765625, Done: [False]
==========
t: 291, State: [[0.6  0.07]], Action: [[1.]], Reward: [99.9],Reward_sum: 21472.498046875, Done: [False]
==========
t: 292, State: [[0.6  0.07]], Action: [[1.]], Reward: [99.9],Reward_sum: 21572.3984375, Done: [False]
==========
t: 293, State: [[0.6  0.07]], Action: [[1.]], Reward: [99.9],Reward_sum: 21672.296875, Done: [False]
==========
t: 294, State: [[0.6  0.07]], Action: [[1.]], Reward: [99.9],Reward_sum: 21772.197265625, Done: [False]
==========
t: 295, State: [[0.6  0.07]], Action: [[1.]], Reward: [99.9],Reward_sum: 21872.09765625, Done: [False]
==========
t: 296, State: [[0.6  0.07]], Action: [[1.]], Reward: [99.9],Reward_sum: 21971.998046875, Done: [False]
==========
t: 297, State: [[0.6  0.07]], Action: [[1.]], Reward: [99.9],Reward_sum: 22071.8984375, Done: [False]
==========
t: 298, State: [[0.6  0.07]], Action: [[1.]], Reward: [99.9],Reward_sum: 22171.798828125, Done: [False]
==========
t: 299, State: [[0.6  0.07]], Action: [[1.]], Reward: [99.9],Reward_sum: 22271.69921875, Done: [False]
==========
t: 300, State: [[0.6  0.07]], Action: [[1.]], Reward: [99.9],Reward_sum: 22371.599609375, Done: [False]
==========
t: 301, State: [[0.6  0.07]], Action: [[1.]], Reward: [99.9],Reward_sum: 22471.5, Done: [False]
==========
t: 302, State: [[0.6  0.07]], Action: [[1.]], Reward: [99.9],Reward_sum: 22571.400390625, Done: [False]
==========
t: 303, State: [[0.6  0.07]], Action: [[1.]], Reward: [99.9],Reward_sum: 22671.298828125, Done: [False]
==========
t: 304, State: [[0.6  0.07]], Action: [[1.]], Reward: [99.9],Reward_sum: 22771.19921875, Done: [False]
==========
t: 305, State: [[0.6  0.07]], Action: [[1.]], Reward: [99.9],Reward_sum: 22871.09765625, Done: [False]
==========
t: 306, State: [[0.6  0.07]], Action: [[1.]], Reward: [99.9],Reward_sum: 22971.0, Done: [False]
==========
t: 307, State: [[0.6  0.07]], Action: [[1.]], Reward: [99.9],Reward_sum: 23070.8984375, Done: [False]
==========
t: 308, State: [[0.6  0.07]], Action: [[1.]], Reward: [99.9],Reward_sum: 23170.80078125, Done: [False]
==========
t: 309, State: [[0.6  0.07]], Action: [[1.]], Reward: [99.9],Reward_sum: 23270.69921875, Done: [False]
==========
t: 310, State: [[0.6  0.07]], Action: [[1.]], Reward: [99.9],Reward_sum: 23370.6015625, Done: [False]
==========
t: 311, State: [[0.6  0.07]], Action: [[1.]], Reward: [99.9],Reward_sum: 23470.5, Done: [False]
==========
t: 312, State: [[0.6  0.07]], Action: [[1.]], Reward: [99.9],Reward_sum: 23570.3984375, Done: [False]
==========
t: 313, State: [[0.6  0.07]], Action: [[1.]], Reward: [99.9],Reward_sum: 23670.298828125, Done: [False]
==========
t: 314, State: [[0.6  0.07]], Action: [[1.]], Reward: [99.9],Reward_sum: 23770.19921875, Done: [False]
==========
t: 315, State: [[0.6  0.07]], Action: [[1.]], Reward: [99.9],Reward_sum: 23870.099609375, Done: [False]
==========
t: 316, State: [[0.6  0.07]], Action: [[1.]], Reward: [99.9],Reward_sum: 23970.0, Done: [False]
==========
t: 317, State: [[0.6  0.07]], Action: [[1.]], Reward: [99.9],Reward_sum: 24069.8984375, Done: [False]
==========
t: 318, State: [[0.6  0.07]], Action: [[1.]], Reward: [99.9],Reward_sum: 24169.80078125, Done: [False]
==========
t: 319, State: [[0.6  0.07]], Action: [[1.]], Reward: [99.9],Reward_sum: 24269.69921875, Done: [False]
==========
t: 320, State: [[0.6  0.07]], Action: [[1.]], Reward: [99.9],Reward_sum: 24369.599609375, Done: [False]
==========
t: 321, State: [[0.6  0.07]], Action: [[1.]], Reward: [99.9],Reward_sum: 24469.5, Done: [False]
==========
t: 322, State: [[0.6  0.07]], Action: [[1.]], Reward: [99.9],Reward_sum: 24569.3984375, Done: [False]
==========
t: 323, State: [[0.6  0.07]], Action: [[1.]], Reward: [99.9],Reward_sum: 24669.30078125, Done: [False]
==========
t: 324, State: [[0.6  0.07]], Action: [[1.]], Reward: [99.9],Reward_sum: 24769.201171875, Done: [False]
==========
t: 325, State: [[0.6  0.07]], Action: [[1.]], Reward: [99.9],Reward_sum: 24869.099609375, Done: [False]
==========
t: 326, State: [[0.6  0.07]], Action: [[1.]], Reward: [99.9],Reward_sum: 24969.001953125, Done: [False]
==========
t: 327, State: [[0.6  0.07]], Action: [[1.]], Reward: [99.9],Reward_sum: 25068.900390625, Done: [False]
==========
t: 328, State: [[0.6  0.07]], Action: [[1.]], Reward: [99.9],Reward_sum: 25168.798828125, Done: [False]
==========
t: 329, State: [[0.6  0.07]], Action: [[1.]], Reward: [99.9],Reward_sum: 25268.701171875, Done: [False]
==========
t: 330, State: [[0.6  0.07]], Action: [[1.]], Reward: [99.9],Reward_sum: 25368.599609375, Done: [False]
==========
t: 331, State: [[0.6  0.07]], Action: [[1.]], Reward: [99.9],Reward_sum: 25468.501953125, Done: [False]
==========
t: 332, State: [[0.6  0.07]], Action: [[1.]], Reward: [99.9],Reward_sum: 25568.400390625, Done: [False]
==========
t: 333, State: [[0.6  0.07]], Action: [[1.]], Reward: [99.9],Reward_sum: 25668.302734375, Done: [False]
==========
t: 334, State: [[0.6  0.07]], Action: [[1.]], Reward: [99.9],Reward_sum: 25768.201171875, Done: [False]
==========
t: 335, State: [[0.6  0.07]], Action: [[1.]], Reward: [99.9],Reward_sum: 25868.1015625, Done: [False]
==========
t: 336, State: [[0.6  0.07]], Action: [[1.]], Reward: [99.9],Reward_sum: 25968.0, Done: [False]
==========
t: 337, State: [[0.6  0.07]], Action: [[1.]], Reward: [99.9],Reward_sum: 26067.90234375, Done: [False]
==========
t: 338, State: [[0.6  0.07]], Action: [[1.]], Reward: [99.9],Reward_sum: 26167.80078125, Done: [False]
==========
t: 339, State: [[0.6  0.07]], Action: [[1.]], Reward: [99.9],Reward_sum: 26267.703125, Done: [False]
==========
t: 340, State: [[0.6  0.07]], Action: [[1.]], Reward: [99.9],Reward_sum: 26367.6015625, Done: [False]
==========
t: 341, State: [[0.6  0.07]], Action: [[1.]], Reward: [99.9],Reward_sum: 26467.50390625, Done: [False]
==========
t: 342, State: [[0.6  0.07]], Action: [[1.]], Reward: [99.9],Reward_sum: 26567.40234375, Done: [False]
==========
t: 343, State: [[0.6  0.07]], Action: [[1.]], Reward: [99.9],Reward_sum: 26667.30078125, Done: [False]
==========
t: 344, State: [[0.6  0.07]], Action: [[1.]], Reward: [99.9],Reward_sum: 26767.19921875, Done: [False]
==========
t: 345, State: [[0.6  0.07]], Action: [[1.]], Reward: [99.9],Reward_sum: 26867.1015625, Done: [False]
==========
t: 346, State: [[0.6  0.07]], Action: [[1.]], Reward: [99.9],Reward_sum: 26967.0, Done: [False]
==========
t: 347, State: [[0.6  0.07]], Action: [[1.]], Reward: [99.9],Reward_sum: 27066.90234375, Done: [False]
==========
t: 348, State: [[0.6  0.07]], Action: [[1.]], Reward: [99.9],Reward_sum: 27166.80078125, Done: [False]
==========
t: 349, State: [[0.6  0.07]], Action: [[1.]], Reward: [99.9],Reward_sum: 27266.703125, Done: [False]
==========
t: 350, State: [[0.6  0.07]], Action: [[1.]], Reward: [99.9],Reward_sum: 27366.6015625, Done: [False]
==========
t: 351, State: [[0.6  0.07]], Action: [[1.]], Reward: [99.9],Reward_sum: 27466.5, Done: [False]
==========
t: 352, State: [[0.6  0.07]], Action: [[1.]], Reward: [99.9],Reward_sum: 27566.400390625, Done: [False]
==========
t: 353, State: [[0.6  0.07]], Action: [[1.]], Reward: [99.9],Reward_sum: 27666.30078125, Done: [False]
==========
t: 354, State: [[0.6  0.07]], Action: [[1.]], Reward: [99.9],Reward_sum: 27766.201171875, Done: [False]
==========
t: 355, State: [[0.6  0.07]], Action: [[1.]], Reward: [99.9],Reward_sum: 27866.1015625, Done: [False]
==========
t: 356, State: [[0.6  0.07]], Action: [[1.]], Reward: [99.9],Reward_sum: 27966.001953125, Done: [False]
==========
t: 357, State: [[0.6  0.07]], Action: [[1.]], Reward: [99.9],Reward_sum: 28065.90234375, Done: [False]
==========
t: 358, State: [[0.6  0.07]], Action: [[1.]], Reward: [99.9],Reward_sum: 28165.802734375, Done: [False]
==========
t: 359, State: [[0.6  0.07]], Action: [[1.]], Reward: [99.9],Reward_sum: 28265.69921875, Done: [False]
==========
t: 360, State: [[0.6  0.07]], Action: [[1.]], Reward: [99.9],Reward_sum: 28365.6015625, Done: [False]
==========
t: 361, State: [[0.6  0.07]], Action: [[1.]], Reward: [99.9],Reward_sum: 28465.5, Done: [False]
==========
t: 362, State: [[0.6  0.07]], Action: [[1.]], Reward: [99.9],Reward_sum: 28565.40234375, Done: [False]
==========
t: 363, State: [[0.6  0.07]], Action: [[1.]], Reward: [99.9],Reward_sum: 28665.30078125, Done: [False]
==========
t: 364, State: [[0.6  0.07]], Action: [[1.]], Reward: [99.9],Reward_sum: 28765.203125, Done: [False]
==========
t: 365, State: [[0.6  0.07]], Action: [[1.]], Reward: [99.9],Reward_sum: 28865.1015625, Done: [False]
==========
t: 366, State: [[0.6  0.07]], Action: [[1.]], Reward: [99.9],Reward_sum: 28965.00390625, Done: [False]
==========
t: 367, State: [[0.6  0.07]], Action: [[1.]], Reward: [99.9],Reward_sum: 29064.8984375, Done: [False]
==========
t: 368, State: [[0.6  0.07]], Action: [[1.]], Reward: [99.9],Reward_sum: 29164.80078125, Done: [False]
==========
t: 369, State: [[0.6  0.07]], Action: [[1.]], Reward: [99.9],Reward_sum: 29264.69921875, Done: [False]
==========
t: 370, State: [[0.6  0.07]], Action: [[1.]], Reward: [99.9],Reward_sum: 29364.6015625, Done: [False]
==========
t: 371, State: [[0.6  0.07]], Action: [[1.]], Reward: [99.9],Reward_sum: 29464.5, Done: [False]
==========
t: 372, State: [[0.6  0.07]], Action: [[1.]], Reward: [99.9],Reward_sum: 29564.40234375, Done: [False]
==========
t: 373, State: [[0.6  0.07]], Action: [[1.]], Reward: [99.9],Reward_sum: 29664.30078125, Done: [False]
==========
t: 374, State: [[0.6  0.07]], Action: [[1.]], Reward: [99.9],Reward_sum: 29764.203125, Done: [False]
==========
t: 375, State: [[0.6  0.07]], Action: [[1.]], Reward: [99.9],Reward_sum: 29864.099609375, Done: [False]
==========
t: 376, State: [[0.6  0.07]], Action: [[1.]], Reward: [99.9],Reward_sum: 29964.0, Done: [False]
==========
t: 377, State: [[0.6  0.07]], Action: [[1.]], Reward: [99.9],Reward_sum: 30063.900390625, Done: [False]
==========
t: 378, State: [[0.6  0.07]], Action: [[1.]], Reward: [99.9],Reward_sum: 30163.80078125, Done: [False]
==========
t: 379, State: [[0.6  0.07]], Action: [[1.]], Reward: [99.9],Reward_sum: 30263.701171875, Done: [False]
==========
t: 380, State: [[0.6  0.07]], Action: [[1.]], Reward: [99.9],Reward_sum: 30363.6015625, Done: [False]
==========
t: 381, State: [[0.6  0.07]], Action: [[1.]], Reward: [99.9],Reward_sum: 30463.501953125, Done: [False]
==========
t: 382, State: [[0.6  0.07]], Action: [[1.]], Reward: [99.9],Reward_sum: 30563.40234375, Done: [False]
==========
t: 383, State: [[0.6  0.07]], Action: [[1.]], Reward: [99.9],Reward_sum: 30663.30078125, Done: [False]
==========
t: 384, State: [[0.6  0.07]], Action: [[1.]], Reward: [99.9],Reward_sum: 30763.19921875, Done: [False]
==========
t: 385, State: [[0.6  0.07]], Action: [[1.]], Reward: [99.9],Reward_sum: 30863.1015625, Done: [False]
==========
t: 386, State: [[0.6  0.07]], Action: [[1.]], Reward: [99.9],Reward_sum: 30963.0, Done: [False]
==========
t: 387, State: [[0.6  0.07]], Action: [[1.]], Reward: [99.9],Reward_sum: 31062.90234375, Done: [False]
==========
t: 388, State: [[0.6  0.07]], Action: [[1.]], Reward: [99.9],Reward_sum: 31162.80078125, Done: [False]
==========
t: 389, State: [[0.6  0.07]], Action: [[1.]], Reward: [99.9],Reward_sum: 31262.703125, Done: [False]
==========
t: 390, State: [[0.6  0.07]], Action: [[1.]], Reward: [99.9],Reward_sum: 31362.6015625, Done: [False]
==========
t: 391, State: [[0.6  0.07]], Action: [[1.]], Reward: [99.9],Reward_sum: 31462.5, Done: [False]
==========
t: 392, State: [[0.6  0.07]], Action: [[1.]], Reward: [99.9],Reward_sum: 31562.3984375, Done: [False]
==========
t: 393, State: [[0.6  0.07]], Action: [[1.]], Reward: [99.9],Reward_sum: 31662.30078125, Done: [False]
==========
t: 394, State: [[0.6  0.07]], Action: [[1.]], Reward: [99.9],Reward_sum: 31762.19921875, Done: [False]
==========
t: 395, State: [[0.6  0.07]], Action: [[1.]], Reward: [99.9],Reward_sum: 31862.1015625, Done: [False]
==========
t: 396, State: [[0.6  0.07]], Action: [[1.]], Reward: [99.9],Reward_sum: 31962.0, Done: [False]
==========
t: 397, State: [[0.6  0.07]], Action: [[1.]], Reward: [99.9],Reward_sum: 32061.90234375, Done: [False]
==========
t: 398, State: [[0.6  0.07]], Action: [[1.]], Reward: [99.9],Reward_sum: 32161.80078125, Done: [False]
==========
t: 399, State: [[0.6  0.07]], Action: [[1.]], Reward: [99.9],Reward_sum: 32261.701171875, Done: [False]
==========
t: 400, State: [[0.6  0.07]], Action: [[1.]], Reward: [99.9],Reward_sum: 32361.599609375, Done: [False]
==========
t: 401, State: [[0.6  0.07]], Action: [[1.]], Reward: [99.9],Reward_sum: 32461.501953125, Done: [False]
==========
t: 402, State: [[0.6  0.07]], Action: [[1.]], Reward: [99.9],Reward_sum: 32561.400390625, Done: [False]
==========
t: 403, State: [[0.6  0.07]], Action: [[1.]], Reward: [99.9],Reward_sum: 32661.302734375, Done: [False]
==========
t: 404, State: [[0.6  0.07]], Action: [[1.]], Reward: [99.9],Reward_sum: 32761.201171875, Done: [False]
==========
t: 405, State: [[0.6  0.07]], Action: [[1.]], Reward: [99.9],Reward_sum: 32861.1015625, Done: [False]
==========
t: 406, State: [[0.6  0.07]], Action: [[1.]], Reward: [99.9],Reward_sum: 32961.0, Done: [False]
==========
t: 407, State: [[0.6  0.07]], Action: [[1.]], Reward: [99.9],Reward_sum: 33060.8984375, Done: [False]
==========
t: 408, State: [[0.6  0.07]], Action: [[1.]], Reward: [99.9],Reward_sum: 33160.80078125, Done: [False]
==========
t: 409, State: [[0.6  0.07]], Action: [[1.]], Reward: [99.9],Reward_sum: 33260.703125, Done: [False]
==========
t: 410, State: [[0.6  0.07]], Action: [[1.]], Reward: [99.9],Reward_sum: 33360.6015625, Done: [False]
==========
t: 411, State: [[0.6  0.07]], Action: [[1.]], Reward: [99.9],Reward_sum: 33460.5, Done: [False]
==========
t: 412, State: [[0.6  0.07]], Action: [[1.]], Reward: [99.9],Reward_sum: 33560.40234375, Done: [False]
==========
t: 413, State: [[0.6  0.07]], Action: [[1.]], Reward: [99.9],Reward_sum: 33660.3046875, Done: [False]
==========
t: 414, State: [[0.6  0.07]], Action: [[1.]], Reward: [99.9],Reward_sum: 33760.203125, Done: [False]
==========
t: 415, State: [[0.6  0.07]], Action: [[1.]], Reward: [99.9],Reward_sum: 33860.1015625, Done: [False]
==========
t: 416, State: [[0.6  0.07]], Action: [[1.]], Reward: [99.9],Reward_sum: 33960.0, Done: [False]
==========
t: 417, State: [[0.6  0.07]], Action: [[1.]], Reward: [99.9],Reward_sum: 34059.90234375, Done: [False]
==========
t: 418, State: [[0.6  0.07]], Action: [[1.]], Reward: [99.9],Reward_sum: 34159.80078125, Done: [False]
==========
t: 419, State: [[0.6  0.07]], Action: [[1.]], Reward: [99.9],Reward_sum: 34259.703125, Done: [False]
==========
t: 420, State: [[0.6  0.07]], Action: [[1.]], Reward: [99.9],Reward_sum: 34359.6015625, Done: [False]
==========
t: 421, State: [[0.6  0.07]], Action: [[1.]], Reward: [99.9],Reward_sum: 34459.50390625, Done: [False]
==========
t: 422, State: [[0.6  0.07]], Action: [[1.]], Reward: [99.9],Reward_sum: 34559.40234375, Done: [False]
==========
t: 423, State: [[0.6  0.07]], Action: [[1.]], Reward: [99.9],Reward_sum: 34659.30078125, Done: [False]
==========
t: 424, State: [[0.6  0.07]], Action: [[1.]], Reward: [99.9],Reward_sum: 34759.203125, Done: [False]
==========
t: 425, State: [[0.6  0.07]], Action: [[1.]], Reward: [99.9],Reward_sum: 34859.1015625, Done: [False]
==========
t: 426, State: [[0.6  0.07]], Action: [[1.]], Reward: [99.9],Reward_sum: 34959.00390625, Done: [False]
==========
t: 427, State: [[0.6  0.07]], Action: [[1.]], Reward: [99.9],Reward_sum: 35058.90234375, Done: [False]
==========
t: 428, State: [[0.6  0.07]], Action: [[1.]], Reward: [99.9],Reward_sum: 35158.8046875, Done: [False]
==========
t: 429, State: [[0.6  0.07]], Action: [[1.]], Reward: [99.9],Reward_sum: 35258.703125, Done: [False]
==========
t: 430, State: [[0.6  0.07]], Action: [[1.]], Reward: [99.9],Reward_sum: 35358.60546875, Done: [False]
==========
t: 431, State: [[0.6  0.07]], Action: [[1.]], Reward: [99.9],Reward_sum: 35458.5, Done: [False]
==========
t: 432, State: [[0.6  0.07]], Action: [[1.]], Reward: [99.9],Reward_sum: 35558.40234375, Done: [False]
==========
t: 433, State: [[0.6  0.07]], Action: [[1.]], Reward: [99.9],Reward_sum: 35658.30078125, Done: [False]
==========
t: 434, State: [[0.6  0.07]], Action: [[1.]], Reward: [99.9],Reward_sum: 35758.203125, Done: [False]
==========
t: 435, State: [[0.6  0.07]], Action: [[1.]], Reward: [99.9],Reward_sum: 35858.1015625, Done: [False]
==========
t: 436, State: [[0.6  0.07]], Action: [[1.]], Reward: [99.9],Reward_sum: 35958.00390625, Done: [False]
==========
t: 437, State: [[0.6  0.07]], Action: [[1.]], Reward: [99.9],Reward_sum: 36057.90234375, Done: [False]
==========
t: 438, State: [[0.6  0.07]], Action: [[1.]], Reward: [99.9],Reward_sum: 36157.8046875, Done: [False]
==========
t: 439, State: [[0.6  0.07]], Action: [[1.]], Reward: [99.9],Reward_sum: 36257.703125, Done: [False]
==========
t: 440, State: [[0.6  0.07]], Action: [[1.]], Reward: [99.9],Reward_sum: 36357.6015625, Done: [False]
==========
t: 441, State: [[0.6  0.07]], Action: [[1.]], Reward: [99.9],Reward_sum: 36457.5, Done: [False]
==========
t: 442, State: [[0.6  0.07]], Action: [[1.]], Reward: [99.9],Reward_sum: 36557.40234375, Done: [False]
==========
t: 443, State: [[0.6  0.07]], Action: [[1.]], Reward: [99.9],Reward_sum: 36657.3046875, Done: [False]
==========
t: 444, State: [[0.6  0.07]], Action: [[1.]], Reward: [99.9],Reward_sum: 36757.203125, Done: [False]
==========
t: 445, State: [[0.6  0.07]], Action: [[1.]], Reward: [99.9],Reward_sum: 36857.1015625, Done: [False]
==========
t: 446, State: [[0.6  0.07]], Action: [[1.]], Reward: [99.9],Reward_sum: 36957.00390625, Done: [False]
==========
t: 447, State: [[0.6  0.07]], Action: [[1.]], Reward: [99.9],Reward_sum: 37056.90234375, Done: [False]
==========
t: 448, State: [[0.6  0.07]], Action: [[1.]], Reward: [99.9],Reward_sum: 37156.80078125, Done: [False]
==========
t: 449, State: [[0.6  0.07]], Action: [[1.]], Reward: [99.9],Reward_sum: 37256.703125, Done: [False]
==========
t: 450, State: [[0.6  0.07]], Action: [[1.]], Reward: [99.9],Reward_sum: 37356.6015625, Done: [False]
==========
t: 451, State: [[0.6  0.07]], Action: [[1.]], Reward: [99.9],Reward_sum: 37456.50390625, Done: [False]
==========
t: 452, State: [[0.6  0.07]], Action: [[1.]], Reward: [99.9],Reward_sum: 37556.40234375, Done: [False]
==========
t: 453, State: [[0.6  0.07]], Action: [[1.]], Reward: [99.9],Reward_sum: 37656.3046875, Done: [False]
==========
t: 454, State: [[0.6  0.07]], Action: [[1.]], Reward: [99.9],Reward_sum: 37756.203125, Done: [False]
==========
t: 455, State: [[0.6  0.07]], Action: [[1.]], Reward: [99.9],Reward_sum: 37856.1015625, Done: [False]
==========
t: 456, State: [[0.6  0.07]], Action: [[1.]], Reward: [99.9],Reward_sum: 37956.0, Done: [False]
==========
t: 457, State: [[0.6  0.07]], Action: [[1.]], Reward: [99.9],Reward_sum: 38055.90234375, Done: [False]
==========
t: 458, State: [[0.6  0.07]], Action: [[1.]], Reward: [99.9],Reward_sum: 38155.80078125, Done: [False]
==========
t: 459, State: [[0.6  0.07]], Action: [[1.]], Reward: [99.9],Reward_sum: 38255.703125, Done: [False]
==========
t: 460, State: [[0.6  0.07]], Action: [[1.]], Reward: [99.9],Reward_sum: 38355.6015625, Done: [False]
==========
t: 461, State: [[0.6  0.07]], Action: [[1.]], Reward: [99.9],Reward_sum: 38455.50390625, Done: [False]
==========
t: 462, State: [[0.6  0.07]], Action: [[1.]], Reward: [99.9],Reward_sum: 38555.40234375, Done: [False]
==========
t: 463, State: [[0.6  0.07]], Action: [[1.]], Reward: [99.9],Reward_sum: 38655.3046875, Done: [False]
==========
t: 464, State: [[0.6  0.07]], Action: [[1.]], Reward: [99.9],Reward_sum: 38755.203125, Done: [False]
==========
t: 465, State: [[0.6  0.07]], Action: [[1.]], Reward: [99.9],Reward_sum: 38855.1015625, Done: [False]
==========
t: 466, State: [[0.6  0.07]], Action: [[1.]], Reward: [99.9],Reward_sum: 38955.0, Done: [False]
==========
t: 467, State: [[0.6  0.07]], Action: [[1.]], Reward: [99.9],Reward_sum: 39054.90625, Done: [False]
==========
t: 468, State: [[0.6  0.07]], Action: [[1.]], Reward: [99.9],Reward_sum: 39154.8046875, Done: [False]
==========
t: 469, State: [[0.6  0.07]], Action: [[1.]], Reward: [99.9],Reward_sum: 39254.703125, Done: [False]
==========
t: 470, State: [[0.6  0.07]], Action: [[1.]], Reward: [99.9],Reward_sum: 39354.6015625, Done: [False]
==========
t: 471, State: [[0.6  0.07]], Action: [[1.]], Reward: [99.9],Reward_sum: 39454.5, Done: [False]
==========
t: 472, State: [[0.6  0.07]], Action: [[1.]], Reward: [99.9],Reward_sum: 39554.40234375, Done: [False]
==========
t: 473, State: [[0.6  0.07]], Action: [[1.]], Reward: [99.9],Reward_sum: 39654.3046875, Done: [False]
==========
t: 474, State: [[0.6  0.07]], Action: [[1.]], Reward: [99.9],Reward_sum: 39754.203125, Done: [False]
==========
t: 475, State: [[0.6  0.07]], Action: [[1.]], Reward: [99.9],Reward_sum: 39854.1015625, Done: [False]
==========
t: 476, State: [[0.6  0.07]], Action: [[1.]], Reward: [99.9],Reward_sum: 39954.00390625, Done: [False]
==========
t: 477, State: [[0.6  0.07]], Action: [[1.]], Reward: [99.9],Reward_sum: 40053.90625, Done: [False]
==========
t: 478, State: [[0.6  0.07]], Action: [[1.]], Reward: [99.9],Reward_sum: 40153.8046875, Done: [False]
==========
t: 479, State: [[0.6  0.07]], Action: [[1.]], Reward: [99.9],Reward_sum: 40253.703125, Done: [False]
==========
t: 480, State: [[0.6  0.07]], Action: [[1.]], Reward: [99.9],Reward_sum: 40353.6015625, Done: [False]
==========
t: 481, State: [[0.6  0.07]], Action: [[1.]], Reward: [99.9],Reward_sum: 40453.50390625, Done: [False]
==========
t: 482, State: [[0.6  0.07]], Action: [[1.]], Reward: [99.9],Reward_sum: 40553.40234375, Done: [False]
==========
t: 483, State: [[0.6  0.07]], Action: [[1.]], Reward: [99.9],Reward_sum: 40653.3046875, Done: [False]
==========
t: 484, State: [[0.6  0.07]], Action: [[1.]], Reward: [99.9],Reward_sum: 40753.203125, Done: [False]
==========
t: 485, State: [[0.6  0.07]], Action: [[1.]], Reward: [99.9],Reward_sum: 40853.10546875, Done: [False]
==========
t: 486, State: [[0.6  0.07]], Action: [[1.]], Reward: [99.9],Reward_sum: 40953.00390625, Done: [False]
==========
t: 487, State: [[0.6  0.07]], Action: [[1.]], Reward: [99.9],Reward_sum: 41052.90234375, Done: [False]
==========
t: 488, State: [[0.6  0.07]], Action: [[1.]], Reward: [99.9],Reward_sum: 41152.80078125, Done: [False]
==========
t: 489, State: [[0.6  0.07]], Action: [[1.]], Reward: [99.9],Reward_sum: 41252.703125, Done: [False]
==========
t: 490, State: [[0.6  0.07]], Action: [[1.]], Reward: [99.9],Reward_sum: 41352.6015625, Done: [False]
==========
t: 491, State: [[0.6  0.07]], Action: [[1.]], Reward: [99.9],Reward_sum: 41452.5, Done: [False]
==========
t: 492, State: [[0.6  0.07]], Action: [[1.]], Reward: [99.9],Reward_sum: 41552.40234375, Done: [False]
==========
t: 493, State: [[0.6  0.07]], Action: [[1.]], Reward: [99.9],Reward_sum: 41652.30078125, Done: [False]
==========
t: 494, State: [[0.6  0.07]], Action: [[1.]], Reward: [99.9],Reward_sum: 41752.19921875, Done: [False]
==========
t: 495, State: [[0.6  0.07]], Action: [[1.]], Reward: [99.9],Reward_sum: 41852.1015625, Done: [False]
==========
t: 496, State: [[0.6  0.07]], Action: [[1.]], Reward: [99.9],Reward_sum: 41952.0, Done: [False]
==========
t: 497, State: [[0.6  0.07]], Action: [[1.]], Reward: [99.9],Reward_sum: 42051.90234375, Done: [False]
==========
t: 498, State: [[0.6  0.07]], Action: [[1.]], Reward: [99.9],Reward_sum: 42151.80078125, Done: [False]
==========
t: 499, State: [[0.6  0.07]], Action: [[1.]], Reward: [99.9],Reward_sum: 42251.703125, Done: [False]
==========
t: 500, State: [[0.6  0.07]], Action: [[1.]], Reward: [99.9],Reward_sum: 42351.6015625, Done: [False]
==========
t: 501, State: [[0.6  0.07]], Action: [[1.]], Reward: [99.9],Reward_sum: 42451.5, Done: [False]
==========
t: 502, State: [[0.6  0.07]], Action: [[1.]], Reward: [99.9],Reward_sum: 42551.3984375, Done: [False]
==========
t: 503, State: [[0.6  0.07]], Action: [[1.]], Reward: [99.9],Reward_sum: 42651.3046875, Done: [False]
==========
t: 504, State: [[0.6  0.07]], Action: [[1.]], Reward: [99.9],Reward_sum: 42751.203125, Done: [False]
==========
t: 505, State: [[0.6  0.07]], Action: [[1.]], Reward: [99.9],Reward_sum: 42851.1015625, Done: [False]
==========
t: 506, State: [[0.6  0.07]], Action: [[1.]], Reward: [99.9],Reward_sum: 42951.0, Done: [False]
==========
t: 507, State: [[0.6  0.07]], Action: [[1.]], Reward: [99.9],Reward_sum: 43050.90234375, Done: [False]
==========
t: 508, State: [[0.6  0.07]], Action: [[1.]], Reward: [99.9],Reward_sum: 43150.80078125, Done: [False]
==========
t: 509, State: [[0.6  0.07]], Action: [[1.]], Reward: [99.9],Reward_sum: 43250.703125, Done: [False]
==========
t: 510, State: [[0.6  0.07]], Action: [[1.]], Reward: [99.9],Reward_sum: 43350.6015625, Done: [False]
==========
t: 511, State: [[0.6  0.07]], Action: [[1.]], Reward: [99.9],Reward_sum: 43450.5, Done: [False]
==========
t: 512, State: [[0.6  0.07]], Action: [[1.]], Reward: [99.9],Reward_sum: 43550.40234375, Done: [False]
==========
t: 513, State: [[0.6  0.07]], Action: [[1.]], Reward: [99.9],Reward_sum: 43650.30078125, Done: [False]
==========
t: 514, State: [[0.6  0.07]], Action: [[1.]], Reward: [99.9],Reward_sum: 43750.19921875, Done: [False]
==========
t: 515, State: [[0.6  0.07]], Action: [[1.]], Reward: [99.9],Reward_sum: 43850.1015625, Done: [False]
==========
t: 516, State: [[0.6  0.07]], Action: [[1.]], Reward: [99.9],Reward_sum: 43950.0, Done: [False]
==========
t: 517, State: [[0.6  0.07]], Action: [[1.]], Reward: [99.9],Reward_sum: 44049.8984375, Done: [False]
==========
t: 518, State: [[0.6  0.07]], Action: [[1.]], Reward: [99.9],Reward_sum: 44149.80078125, Done: [False]
==========
t: 519, State: [[0.6  0.07]], Action: [[1.]], Reward: [99.9],Reward_sum: 44249.703125, Done: [False]
==========
t: 520, State: [[0.6  0.07]], Action: [[1.]], Reward: [99.9],Reward_sum: 44349.6015625, Done: [False]
==========
t: 521, State: [[0.6  0.07]], Action: [[1.]], Reward: [99.9],Reward_sum: 44449.5, Done: [False]
==========
t: 522, State: [[0.6  0.07]], Action: [[1.]], Reward: [99.9],Reward_sum: 44549.40234375, Done: [False]
==========
t: 523, State: [[0.6  0.07]], Action: [[1.]], Reward: [99.9],Reward_sum: 44649.30078125, Done: [False]
==========
t: 524, State: [[0.6  0.07]], Action: [[1.]], Reward: [99.9],Reward_sum: 44749.19921875, Done: [False]
==========
t: 525, State: [[0.6  0.07]], Action: [[1.]], Reward: [99.9],Reward_sum: 44849.1015625, Done: [False]
==========
t: 526, State: [[0.6  0.07]], Action: [[1.]], Reward: [99.9],Reward_sum: 44949.0, Done: [False]
==========
t: 527, State: [[0.6  0.07]], Action: [[1.]], Reward: [99.9],Reward_sum: 45048.8984375, Done: [False]
==========
t: 528, State: [[0.6  0.07]], Action: [[1.]], Reward: [99.9],Reward_sum: 45148.80078125, Done: [False]
==========
t: 529, State: [[0.6  0.07]], Action: [[1.]], Reward: [99.9],Reward_sum: 45248.69921875, Done: [False]
==========
t: 530, State: [[0.6  0.07]], Action: [[1.]], Reward: [99.9],Reward_sum: 45348.6015625, Done: [False]
==========
t: 531, State: [[0.6  0.07]], Action: [[1.]], Reward: [99.9],Reward_sum: 45448.5, Done: [False]
==========
t: 532, State: [[0.6  0.07]], Action: [[1.]], Reward: [99.9],Reward_sum: 45548.3984375, Done: [False]
==========
t: 533, State: [[0.6  0.07]], Action: [[1.]], Reward: [99.9],Reward_sum: 45648.30078125, Done: [False]
==========
t: 534, State: [[0.6  0.07]], Action: [[1.]], Reward: [99.9],Reward_sum: 45748.19921875, Done: [False]
==========
t: 535, State: [[0.6  0.07]], Action: [[1.]], Reward: [99.9],Reward_sum: 45848.1015625, Done: [False]
==========
t: 536, State: [[0.6  0.07]], Action: [[1.]], Reward: [99.9],Reward_sum: 45948.0, Done: [False]
==========
t: 537, State: [[0.6  0.07]], Action: [[1.]], Reward: [99.9],Reward_sum: 46047.8984375, Done: [False]
==========
t: 538, State: [[0.6  0.07]], Action: [[1.]], Reward: [99.9],Reward_sum: 46147.80078125, Done: [False]
==========
t: 539, State: [[0.6  0.07]], Action: [[1.]], Reward: [99.9],Reward_sum: 46247.69921875, Done: [False]
==========
t: 540, State: [[0.6  0.07]], Action: [[1.]], Reward: [99.9],Reward_sum: 46347.59765625, Done: [False]
==========
t: 541, State: [[0.6  0.07]], Action: [[1.]], Reward: [99.9],Reward_sum: 46447.5, Done: [False]
==========
t: 542, State: [[0.6  0.07]], Action: [[1.]], Reward: [99.9],Reward_sum: 46547.3984375, Done: [False]
==========
t: 543, State: [[0.6  0.07]], Action: [[1.]], Reward: [99.9],Reward_sum: 46647.30078125, Done: [False]
==========
t: 544, State: [[0.6  0.07]], Action: [[1.]], Reward: [99.9],Reward_sum: 46747.203125, Done: [False]
==========
t: 545, State: [[0.6  0.07]], Action: [[1.]], Reward: [99.9],Reward_sum: 46847.1015625, Done: [False]
==========
t: 546, State: [[0.6  0.07]], Action: [[1.]], Reward: [99.9],Reward_sum: 46947.0, Done: [False]
==========
t: 547, State: [[0.6  0.07]], Action: [[1.]], Reward: [99.9],Reward_sum: 47046.8984375, Done: [False]
==========
t: 548, State: [[0.6  0.07]], Action: [[1.]], Reward: [99.9],Reward_sum: 47146.796875, Done: [False]
==========
t: 549, State: [[0.6  0.07]], Action: [[1.]], Reward: [99.9],Reward_sum: 47246.703125, Done: [False]
==========
t: 550, State: [[0.6  0.07]], Action: [[1.]], Reward: [99.9],Reward_sum: 47346.6015625, Done: [False]
==========
t: 551, State: [[0.6  0.07]], Action: [[1.]], Reward: [99.9],Reward_sum: 47446.5, Done: [False]
==========
t: 552, State: [[0.6  0.07]], Action: [[1.]], Reward: [99.9],Reward_sum: 47546.3984375, Done: [False]
==========
t: 553, State: [[0.6  0.07]], Action: [[1.]], Reward: [99.9],Reward_sum: 47646.30078125, Done: [False]
==========
t: 554, State: [[0.6  0.07]], Action: [[1.]], Reward: [99.9],Reward_sum: 47746.203125, Done: [False]
==========
t: 555, State: [[0.6  0.07]], Action: [[1.]], Reward: [99.9],Reward_sum: 47846.1015625, Done: [False]
==========
t: 556, State: [[0.6  0.07]], Action: [[1.]], Reward: [99.9],Reward_sum: 47946.0, Done: [False]
==========
t: 557, State: [[0.6  0.07]], Action: [[1.]], Reward: [99.9],Reward_sum: 48045.8984375, Done: [False]
==========
t: 558, State: [[0.6  0.07]], Action: [[1.]], Reward: [99.9],Reward_sum: 48145.796875, Done: [False]
==========
t: 559, State: [[0.6  0.07]], Action: [[1.]], Reward: [99.9],Reward_sum: 48245.703125, Done: [False]
==========
t: 560, State: [[0.6  0.07]], Action: [[1.]], Reward: [99.9],Reward_sum: 48345.6015625, Done: [False]
==========
t: 561, State: [[0.6  0.07]], Action: [[1.]], Reward: [99.9],Reward_sum: 48445.5, Done: [False]
==========
t: 562, State: [[0.6  0.07]], Action: [[1.]], Reward: [99.9],Reward_sum: 48545.3984375, Done: [False]
==========
t: 563, State: [[0.6  0.07]], Action: [[1.]], Reward: [99.9],Reward_sum: 48645.296875, Done: [False]
==========
t: 564, State: [[0.6  0.07]], Action: [[1.]], Reward: [99.9],Reward_sum: 48745.203125, Done: [False]
==========
t: 565, State: [[0.6  0.07]], Action: [[1.]], Reward: [99.9],Reward_sum: 48845.1015625, Done: [False]
==========
t: 566, State: [[0.6  0.07]], Action: [[1.]], Reward: [99.9],Reward_sum: 48945.0, Done: [False]
==========
t: 567, State: [[0.6  0.07]], Action: [[1.]], Reward: [99.9],Reward_sum: 49044.8984375, Done: [False]
==========
t: 568, State: [[0.6  0.07]], Action: [[1.]], Reward: [99.9],Reward_sum: 49144.80078125, Done: [False]
==========
t: 569, State: [[0.6  0.07]], Action: [[1.]], Reward: [99.9],Reward_sum: 49244.703125, Done: [False]
==========
t: 570, State: [[0.6  0.07]], Action: [[1.]], Reward: [99.9],Reward_sum: 49344.6015625, Done: [False]
==========
t: 571, State: [[0.6  0.07]], Action: [[1.]], Reward: [99.9],Reward_sum: 49444.5, Done: [False]
==========
t: 572, State: [[0.6  0.07]], Action: [[1.]], Reward: [99.9],Reward_sum: 49544.3984375, Done: [False]
==========
t: 573, State: [[0.6  0.07]], Action: [[1.]], Reward: [99.9],Reward_sum: 49644.296875, Done: [False]
==========
t: 574, State: [[0.6  0.07]], Action: [[1.]], Reward: [99.9],Reward_sum: 49744.19921875, Done: [False]
==========
t: 575, State: [[0.6  0.07]], Action: [[1.]], Reward: [99.9],Reward_sum: 49844.1015625, Done: [False]
==========
t: 576, State: [[0.6  0.07]], Action: [[1.]], Reward: [99.9],Reward_sum: 49944.0, Done: [False]
==========
t: 577, State: [[0.6  0.07]], Action: [[1.]], Reward: [99.9],Reward_sum: 50043.90234375, Done: [False]
==========
t: 578, State: [[0.6  0.07]], Action: [[1.]], Reward: [99.9],Reward_sum: 50143.80078125, Done: [False]
==========
t: 579, State: [[0.6  0.07]], Action: [[1.]], Reward: [99.9],Reward_sum: 50243.703125, Done: [False]
==========
t: 580, State: [[0.6  0.07]], Action: [[1.]], Reward: [99.9],Reward_sum: 50343.6015625, Done: [False]
==========
t: 581, State: [[0.6  0.07]], Action: [[1.]], Reward: [99.9],Reward_sum: 50443.5, Done: [False]
==========
t: 582, State: [[0.6  0.07]], Action: [[1.]], Reward: [99.9],Reward_sum: 50543.3984375, Done: [False]
==========
t: 583, State: [[0.6  0.07]], Action: [[1.]], Reward: [99.9],Reward_sum: 50643.30078125, Done: [False]
==========
t: 584, State: [[0.6  0.07]], Action: [[1.]], Reward: [99.9],Reward_sum: 50743.203125, Done: [False]
==========
t: 585, State: [[0.6  0.07]], Action: [[1.]], Reward: [99.9],Reward_sum: 50843.1015625, Done: [False]
==========
t: 586, State: [[0.6  0.07]], Action: [[1.]], Reward: [99.9],Reward_sum: 50943.0, Done: [False]
==========
t: 587, State: [[0.6  0.07]], Action: [[1.]], Reward: [99.9],Reward_sum: 51042.90234375, Done: [False]
==========
t: 588, State: [[0.6  0.07]], Action: [[1.]], Reward: [99.9],Reward_sum: 51142.8046875, Done: [False]
==========
t: 589, State: [[0.6  0.07]], Action: [[1.]], Reward: [99.9],Reward_sum: 51242.703125, Done: [False]
==========
t: 590, State: [[0.6  0.07]], Action: [[1.]], Reward: [99.9],Reward_sum: 51342.6015625, Done: [False]
==========
t: 591, State: [[0.6  0.07]], Action: [[1.]], Reward: [99.9],Reward_sum: 51442.5, Done: [False]
==========
t: 592, State: [[0.6  0.07]], Action: [[1.]], Reward: [99.9],Reward_sum: 51542.3984375, Done: [False]
==========
t: 593, State: [[0.6  0.07]], Action: [[1.]], Reward: [99.9],Reward_sum: 51642.30078125, Done: [False]
==========
t: 594, State: [[0.6  0.07]], Action: [[1.]], Reward: [99.9],Reward_sum: 51742.203125, Done: [False]
==========
t: 595, State: [[0.6  0.07]], Action: [[1.]], Reward: [99.9],Reward_sum: 51842.1015625, Done: [False]
==========
t: 596, State: [[0.6  0.07]], Action: [[1.]], Reward: [99.9],Reward_sum: 51942.0, Done: [False]
==========
t: 597, State: [[0.6  0.07]], Action: [[1.]], Reward: [99.9],Reward_sum: 52041.90234375, Done: [False]
==========
t: 598, State: [[0.6  0.07]], Action: [[1.]], Reward: [99.9],Reward_sum: 52141.8046875, Done: [False]
==========
t: 599, State: [[0.6  0.07]], Action: [[1.]], Reward: [99.9],Reward_sum: 52241.703125, Done: [False]
==========
t: 600, State: [[0.6  0.07]], Action: [[1.]], Reward: [99.9],Reward_sum: 52341.6015625, Done: [False]
==========
t: 601, State: [[0.6  0.07]], Action: [[1.]], Reward: [99.9],Reward_sum: 52441.5, Done: [False]
==========
t: 602, State: [[0.6  0.07]], Action: [[1.]], Reward: [99.9],Reward_sum: 52541.40234375, Done: [False]
==========
t: 603, State: [[0.6  0.07]], Action: [[1.]], Reward: [99.9],Reward_sum: 52641.30078125, Done: [False]
==========
t: 604, State: [[0.6  0.07]], Action: [[1.]], Reward: [99.9],Reward_sum: 52741.203125, Done: [False]
==========
t: 605, State: [[0.6  0.07]], Action: [[1.]], Reward: [99.9],Reward_sum: 52841.1015625, Done: [False]
==========
t: 606, State: [[0.6  0.07]], Action: [[1.]], Reward: [99.9],Reward_sum: 52941.00390625, Done: [False]
==========
t: 607, State: [[0.6  0.07]], Action: [[1.]], Reward: [99.9],Reward_sum: 53040.90234375, Done: [False]
==========
t: 608, State: [[0.6  0.07]], Action: [[1.]], Reward: [99.9],Reward_sum: 53140.8046875, Done: [False]
==========
t: 609, State: [[0.6  0.07]], Action: [[1.]], Reward: [99.9],Reward_sum: 53240.703125, Done: [False]
==========
t: 610, State: [[0.6  0.07]], Action: [[1.]], Reward: [99.9],Reward_sum: 53340.6015625, Done: [False]
==========
t: 611, State: [[0.6  0.07]], Action: [[1.]], Reward: [99.9],Reward_sum: 53440.5, Done: [False]
==========
t: 612, State: [[0.6  0.07]], Action: [[1.]], Reward: [99.9],Reward_sum: 53540.40625, Done: [False]
==========
t: 613, State: [[0.6  0.07]], Action: [[1.]], Reward: [99.9],Reward_sum: 53640.3046875, Done: [False]
==========
t: 614, State: [[0.6  0.07]], Action: [[1.]], Reward: [99.9],Reward_sum: 53740.203125, Done: [False]
==========
t: 615, State: [[0.6  0.07]], Action: [[1.]], Reward: [99.9],Reward_sum: 53840.1015625, Done: [False]
==========
t: 616, State: [[0.6  0.07]], Action: [[1.]], Reward: [99.9],Reward_sum: 53940.0, Done: [False]
==========
t: 617, State: [[0.6  0.07]], Action: [[1.]], Reward: [99.9],Reward_sum: 54039.90234375, Done: [False]
==========
t: 618, State: [[0.6  0.07]], Action: [[1.]], Reward: [99.9],Reward_sum: 54139.8046875, Done: [False]
==========
t: 619, State: [[0.6  0.07]], Action: [[1.]], Reward: [99.9],Reward_sum: 54239.703125, Done: [False]
==========
t: 620, State: [[0.6  0.07]], Action: [[1.]], Reward: [99.9],Reward_sum: 54339.6015625, Done: [False]
==========
t: 621, State: [[0.6  0.07]], Action: [[1.]], Reward: [99.9],Reward_sum: 54439.5, Done: [False]
==========
t: 622, State: [[0.6  0.07]], Action: [[1.]], Reward: [99.9],Reward_sum: 54539.40625, Done: [False]
==========
t: 623, State: [[0.6  0.07]], Action: [[1.]], Reward: [99.9],Reward_sum: 54639.3046875, Done: [False]
==========
t: 624, State: [[0.6  0.07]], Action: [[1.]], Reward: [99.9],Reward_sum: 54739.203125, Done: [False]
==========
t: 625, State: [[0.6  0.07]], Action: [[1.]], Reward: [99.9],Reward_sum: 54839.1015625, Done: [False]
==========
t: 626, State: [[0.6  0.07]], Action: [[1.]], Reward: [99.9],Reward_sum: 54939.00390625, Done: [False]
==========
t: 627, State: [[0.6  0.07]], Action: [[1.]], Reward: [99.9],Reward_sum: 55038.90625, Done: [False]
==========
t: 628, State: [[0.6  0.07]], Action: [[1.]], Reward: [99.9],Reward_sum: 55138.8046875, Done: [False]
==========
t: 629, State: [[0.6  0.07]], Action: [[1.]], Reward: [99.9],Reward_sum: 55238.703125, Done: [False]
==========
t: 630, State: [[0.6  0.07]], Action: [[1.]], Reward: [99.9],Reward_sum: 55338.60546875, Done: [False]
==========
t: 631, State: [[0.6  0.07]], Action: [[1.]], Reward: [99.9],Reward_sum: 55438.50390625, Done: [False]
==========
t: 632, State: [[0.6  0.07]], Action: [[1.]], Reward: [99.9],Reward_sum: 55538.40625, Done: [False]
==========
t: 633, State: [[0.6  0.07]], Action: [[1.]], Reward: [99.9],Reward_sum: 55638.3046875, Done: [False]
==========
t: 634, State: [[0.6  0.07]], Action: [[1.]], Reward: [99.9],Reward_sum: 55738.203125, Done: [False]
==========
t: 635, State: [[0.6  0.07]], Action: [[1.]], Reward: [99.9],Reward_sum: 55838.10546875, Done: [False]
==========
t: 636, State: [[0.6  0.07]], Action: [[1.]], Reward: [99.9],Reward_sum: 55938.0078125, Done: [False]
==========
t: 637, State: [[0.6  0.07]], Action: [[1.]], Reward: [99.9],Reward_sum: 56037.90625, Done: [False]
==========
t: 638, State: [[0.6  0.07]], Action: [[1.]], Reward: [99.9],Reward_sum: 56137.8046875, Done: [False]
==========
t: 639, State: [[0.6  0.07]], Action: [[1.]], Reward: [99.9],Reward_sum: 56237.703125, Done: [False]
==========
t: 640, State: [[0.6  0.07]], Action: [[1.]], Reward: [99.9],Reward_sum: 56337.6015625, Done: [False]
==========
t: 641, State: [[0.6  0.07]], Action: [[1.]], Reward: [99.9],Reward_sum: 56437.50390625, Done: [False]
==========
t: 642, State: [[0.6  0.07]], Action: [[1.]], Reward: [99.9],Reward_sum: 56537.40234375, Done: [False]
==========
t: 643, State: [[0.6  0.07]], Action: [[1.]], Reward: [99.9],Reward_sum: 56637.3046875, Done: [False]
==========
t: 644, State: [[0.6  0.07]], Action: [[1.]], Reward: [99.9],Reward_sum: 56737.203125, Done: [False]
==========
t: 645, State: [[0.6  0.07]], Action: [[1.]], Reward: [99.9],Reward_sum: 56837.1015625, Done: [False]
==========
t: 646, State: [[0.6  0.07]], Action: [[1.]], Reward: [99.9],Reward_sum: 56937.0078125, Done: [False]
==========
t: 647, State: [[0.6  0.07]], Action: [[1.]], Reward: [99.9],Reward_sum: 57036.90625, Done: [False]
==========
t: 648, State: [[0.6  0.07]], Action: [[1.]], Reward: [99.9],Reward_sum: 57136.80078125, Done: [False]
==========
t: 649, State: [[0.6  0.07]], Action: [[1.]], Reward: [99.9],Reward_sum: 57236.70703125, Done: [False]
==========
t: 650, State: [[0.6  0.07]], Action: [[1.]], Reward: [99.9],Reward_sum: 57336.60546875, Done: [False]
==========
t: 651, State: [[0.6  0.07]], Action: [[1.]], Reward: [99.9],Reward_sum: 57436.50390625, Done: [False]
==========
t: 652, State: [[0.6  0.07]], Action: [[1.]], Reward: [99.9],Reward_sum: 57536.40234375, Done: [False]
==========
t: 653, State: [[0.6  0.07]], Action: [[1.]], Reward: [99.9],Reward_sum: 57636.30859375, Done: [False]
==========
t: 654, State: [[0.6  0.07]], Action: [[1.]], Reward: [99.9],Reward_sum: 57736.20703125, Done: [False]
==========
t: 655, State: [[0.6  0.07]], Action: [[1.]], Reward: [99.9],Reward_sum: 57836.10546875, Done: [False]
==========
t: 656, State: [[0.6  0.07]], Action: [[1.]], Reward: [99.9],Reward_sum: 57936.0, Done: [False]
==========
t: 657, State: [[0.6  0.07]], Action: [[1.]], Reward: [99.9],Reward_sum: 58035.90625, Done: [False]
==========
t: 658, State: [[0.6  0.07]], Action: [[1.]], Reward: [99.9],Reward_sum: 58135.8046875, Done: [False]
==========
t: 659, State: [[0.6  0.07]], Action: [[1.]], Reward: [99.9],Reward_sum: 58235.703125, Done: [False]
==========
t: 660, State: [[0.6  0.07]], Action: [[1.]], Reward: [99.9],Reward_sum: 58335.6015625, Done: [False]
==========
t: 661, State: [[0.6  0.07]], Action: [[1.]], Reward: [99.9],Reward_sum: 58435.5078125, Done: [False]
==========
t: 662, State: [[0.6  0.07]], Action: [[1.]], Reward: [99.9],Reward_sum: 58535.40625, Done: [False]
==========
t: 663, State: [[0.6  0.07]], Action: [[1.]], Reward: [99.9],Reward_sum: 58635.3046875, Done: [False]
==========
t: 664, State: [[0.6  0.07]], Action: [[1.]], Reward: [99.9],Reward_sum: 58735.203125, Done: [False]
==========
t: 665, State: [[0.6  0.07]], Action: [[1.]], Reward: [99.9],Reward_sum: 58835.109375, Done: [False]
==========
t: 666, State: [[0.6  0.07]], Action: [[1.]], Reward: [99.9],Reward_sum: 58935.0078125, Done: [False]
==========
t: 667, State: [[0.6  0.07]], Action: [[1.]], Reward: [99.9],Reward_sum: 59034.90625, Done: [False]
==========
t: 668, State: [[0.6  0.07]], Action: [[1.]], Reward: [99.9],Reward_sum: 59134.8046875, Done: [False]
==========
t: 669, State: [[0.6  0.07]], Action: [[1.]], Reward: [99.9],Reward_sum: 59234.7109375, Done: [False]
==========
t: 670, State: [[0.6  0.07]], Action: [[1.]], Reward: [99.9],Reward_sum: 59334.609375, Done: [False]
==========
t: 671, State: [[0.6  0.07]], Action: [[1.]], Reward: [99.9],Reward_sum: 59434.5078125, Done: [False]
==========
t: 672, State: [[0.6  0.07]], Action: [[1.]], Reward: [99.9],Reward_sum: 59534.40625, Done: [False]
==========
t: 673, State: [[0.6  0.07]], Action: [[1.]], Reward: [99.9],Reward_sum: 59634.30859375, Done: [False]
==========
t: 674, State: [[0.6  0.07]], Action: [[1.]], Reward: [99.9],Reward_sum: 59734.20703125, Done: [False]
==========
t: 675, State: [[0.6  0.07]], Action: [[1.]], Reward: [99.9],Reward_sum: 59834.109375, Done: [False]
==========
t: 676, State: [[0.6  0.07]], Action: [[1.]], Reward: [99.9],Reward_sum: 59934.0078125, Done: [False]
==========
t: 677, State: [[0.6  0.07]], Action: [[1.]], Reward: [99.9],Reward_sum: 60033.91015625, Done: [False]
==========
t: 678, State: [[0.6  0.07]], Action: [[1.]], Reward: [99.9],Reward_sum: 60133.80859375, Done: [False]
==========
t: 679, State: [[0.6  0.07]], Action: [[1.]], Reward: [99.9],Reward_sum: 60233.70703125, Done: [False]
==========
t: 680, State: [[0.6  0.07]], Action: [[1.]], Reward: [99.9],Reward_sum: 60333.609375, Done: [False]
==========
t: 681, State: [[0.6  0.07]], Action: [[1.]], Reward: [99.9],Reward_sum: 60433.5078125, Done: [False]
==========
t: 682, State: [[0.6  0.07]], Action: [[1.]], Reward: [99.9],Reward_sum: 60533.40625, Done: [False]
==========
t: 683, State: [[0.6  0.07]], Action: [[1.]], Reward: [99.9],Reward_sum: 60633.30859375, Done: [False]
==========
t: 684, State: [[0.6  0.07]], Action: [[1.]], Reward: [99.9],Reward_sum: 60733.2109375, Done: [False]
==========
t: 685, State: [[0.6  0.07]], Action: [[1.]], Reward: [99.9],Reward_sum: 60833.109375, Done: [False]
==========
t: 686, State: [[0.6  0.07]], Action: [[1.]], Reward: [99.9],Reward_sum: 60933.0078125, Done: [False]
==========
t: 687, State: [[0.6  0.07]], Action: [[1.]], Reward: [99.9],Reward_sum: 61032.90625, Done: [False]
==========
t: 688, State: [[0.6  0.07]], Action: [[1.]], Reward: [99.9],Reward_sum: 61132.80859375, Done: [False]
==========
t: 689, State: [[0.6  0.07]], Action: [[1.]], Reward: [99.9],Reward_sum: 61232.70703125, Done: [False]
==========
t: 690, State: [[0.6  0.07]], Action: [[1.]], Reward: [99.9],Reward_sum: 61332.60546875, Done: [False]
==========
t: 691, State: [[0.6  0.07]], Action: [[1.]], Reward: [99.9],Reward_sum: 61432.5078125, Done: [False]
==========
t: 692, State: [[0.6  0.07]], Action: [[1.]], Reward: [99.9],Reward_sum: 61532.41015625, Done: [False]
==========
t: 693, State: [[0.6  0.07]], Action: [[1.]], Reward: [99.9],Reward_sum: 61632.30859375, Done: [False]
==========
t: 694, State: [[0.6  0.07]], Action: [[1.]], Reward: [99.9],Reward_sum: 61732.20703125, Done: [False]
==========
t: 695, State: [[0.6  0.07]], Action: [[1.]], Reward: [99.9],Reward_sum: 61832.10546875, Done: [False]
==========
t: 696, State: [[0.6  0.07]], Action: [[1.]], Reward: [99.9],Reward_sum: 61932.00390625, Done: [False]
==========
t: 697, State: [[0.6  0.07]], Action: [[1.]], Reward: [99.9],Reward_sum: 62031.90625, Done: [False]
==========
t: 698, State: [[0.6  0.07]], Action: [[1.]], Reward: [99.9],Reward_sum: 62131.80859375, Done: [False]
==========
t: 699, State: [[0.6  0.07]], Action: [[1.]], Reward: [99.9],Reward_sum: 62231.70703125, Done: [False]
==========
t: 700, State: [[0.6  0.07]], Action: [[1.]], Reward: [99.9],Reward_sum: 62331.60546875, Done: [False]
==========
t: 701, State: [[0.6  0.07]], Action: [[1.]], Reward: [99.9],Reward_sum: 62431.5078125, Done: [False]
==========
t: 702, State: [[0.6  0.07]], Action: [[1.]], Reward: [99.9],Reward_sum: 62531.41015625, Done: [False]
==========
t: 703, State: [[0.6  0.07]], Action: [[1.]], Reward: [99.9],Reward_sum: 62631.3046875, Done: [False]
==========
t: 704, State: [[0.6  0.07]], Action: [[1.]], Reward: [99.9],Reward_sum: 62731.203125, Done: [False]
==========
t: 705, State: [[0.6  0.07]], Action: [[1.]], Reward: [99.9],Reward_sum: 62831.10546875, Done: [False]
==========
t: 706, State: [[0.6  0.07]], Action: [[1.]], Reward: [99.9],Reward_sum: 62931.0078125, Done: [False]
==========
t: 707, State: [[0.6  0.07]], Action: [[1.]], Reward: [99.9],Reward_sum: 63030.90625, Done: [False]
==========
t: 708, State: [[0.6  0.07]], Action: [[1.]], Reward: [99.9],Reward_sum: 63130.8046875, Done: [False]
==========
t: 709, State: [[0.6  0.07]], Action: [[1.]], Reward: [99.9],Reward_sum: 63230.70703125, Done: [False]
==========
t: 710, State: [[0.6  0.07]], Action: [[1.]], Reward: [99.9],Reward_sum: 63330.609375, Done: [False]
==========
t: 711, State: [[0.6  0.07]], Action: [[1.]], Reward: [99.9],Reward_sum: 63430.50390625, Done: [False]
==========
t: 712, State: [[0.6  0.07]], Action: [[1.]], Reward: [99.9],Reward_sum: 63530.40625, Done: [False]
==========
t: 713, State: [[0.6  0.07]], Action: [[1.]], Reward: [99.9],Reward_sum: 63630.3046875, Done: [False]
==========
t: 714, State: [[0.6  0.07]], Action: [[1.]], Reward: [99.9],Reward_sum: 63730.20703125, Done: [False]
==========
t: 715, State: [[0.6  0.07]], Action: [[1.]], Reward: [99.9],Reward_sum: 63830.10546875, Done: [False]
==========
t: 716, State: [[0.6  0.07]], Action: [[1.]], Reward: [99.9],Reward_sum: 63930.0078125, Done: [False]
==========
t: 717, State: [[0.6  0.07]], Action: [[1.]], Reward: [99.9],Reward_sum: 64029.90625, Done: [False]
==========
t: 718, State: [[0.6  0.07]], Action: [[1.]], Reward: [99.9],Reward_sum: 64129.80859375, Done: [False]
==========
t: 719, State: [[0.6  0.07]], Action: [[1.]], Reward: [99.9],Reward_sum: 64229.703125, Done: [False]
==========
t: 720, State: [[0.6  0.07]], Action: [[1.]], Reward: [99.9],Reward_sum: 64329.60546875, Done: [False]
==========
t: 721, State: [[0.6  0.07]], Action: [[1.]], Reward: [99.9],Reward_sum: 64429.50390625, Done: [False]
==========
t: 722, State: [[0.6  0.07]], Action: [[1.]], Reward: [99.9],Reward_sum: 64529.40625, Done: [False]
==========
t: 723, State: [[0.6  0.07]], Action: [[1.]], Reward: [99.9],Reward_sum: 64629.3046875, Done: [False]
==========
t: 724, State: [[0.6  0.07]], Action: [[1.]], Reward: [99.9],Reward_sum: 64729.20703125, Done: [False]
==========
t: 725, State: [[0.6  0.07]], Action: [[1.]], Reward: [99.9],Reward_sum: 64829.10546875, Done: [False]
==========
t: 726, State: [[0.6  0.07]], Action: [[1.]], Reward: [99.9],Reward_sum: 64929.0078125, Done: [False]
==========
t: 727, State: [[0.6  0.07]], Action: [[1.]], Reward: [99.9],Reward_sum: 65028.90234375, Done: [False]
==========
t: 728, State: [[0.6  0.07]], Action: [[1.]], Reward: [99.9],Reward_sum: 65128.8046875, Done: [False]
==========
t: 729, State: [[0.6  0.07]], Action: [[1.]], Reward: [99.9],Reward_sum: 65228.703125, Done: [False]
==========
t: 730, State: [[0.6  0.07]], Action: [[1.]], Reward: [99.9],Reward_sum: 65328.60546875, Done: [False]
==========
t: 731, State: [[0.6  0.07]], Action: [[1.]], Reward: [99.9],Reward_sum: 65428.50390625, Done: [False]
==========
t: 732, State: [[0.6  0.07]], Action: [[1.]], Reward: [99.9],Reward_sum: 65528.40625, Done: [False]
==========
t: 733, State: [[0.6  0.07]], Action: [[1.]], Reward: [99.9],Reward_sum: 65628.3046875, Done: [False]
==========
t: 734, State: [[0.6  0.07]], Action: [[1.]], Reward: [99.9],Reward_sum: 65728.203125, Done: [False]
==========
t: 735, State: [[0.6  0.07]], Action: [[1.]], Reward: [99.9],Reward_sum: 65828.1015625, Done: [False]
==========
t: 736, State: [[0.6  0.07]], Action: [[1.]], Reward: [99.9],Reward_sum: 65928.0, Done: [False]
==========
t: 737, State: [[0.6  0.07]], Action: [[1.]], Reward: [99.9],Reward_sum: 66027.90625, Done: [False]
==========
t: 738, State: [[0.6  0.07]], Action: [[1.]], Reward: [99.9],Reward_sum: 66127.8046875, Done: [False]
==========
t: 739, State: [[0.6  0.07]], Action: [[1.]], Reward: [99.9],Reward_sum: 66227.703125, Done: [False]
==========
t: 740, State: [[0.6  0.07]], Action: [[1.]], Reward: [99.9],Reward_sum: 66327.609375, Done: [False]
==========
t: 741, State: [[0.6  0.07]], Action: [[1.]], Reward: [99.9],Reward_sum: 66427.5, Done: [False]
==========
t: 742, State: [[0.6  0.07]], Action: [[1.]], Reward: [99.9],Reward_sum: 66527.40625, Done: [False]
==========
t: 743, State: [[0.6  0.07]], Action: [[1.]], Reward: [99.9],Reward_sum: 66627.3046875, Done: [False]
==========
t: 744, State: [[0.6  0.07]], Action: [[1.]], Reward: [99.9],Reward_sum: 66727.203125, Done: [False]
==========
t: 745, State: [[0.6  0.07]], Action: [[1.]], Reward: [99.9],Reward_sum: 66827.1015625, Done: [False]
==========
t: 746, State: [[0.6  0.07]], Action: [[1.]], Reward: [99.9],Reward_sum: 66927.0, Done: [False]
==========
t: 747, State: [[0.6  0.07]], Action: [[1.]], Reward: [99.9],Reward_sum: 67026.90625, Done: [False]
==========
t: 748, State: [[0.6  0.07]], Action: [[1.]], Reward: [99.9],Reward_sum: 67126.8046875, Done: [False]
==========
t: 749, State: [[0.6  0.07]], Action: [[1.]], Reward: [99.9],Reward_sum: 67226.703125, Done: [False]
==========
t: 750, State: [[0.6  0.07]], Action: [[1.]], Reward: [99.9],Reward_sum: 67326.609375, Done: [False]
==========
t: 751, State: [[0.6  0.07]], Action: [[1.]], Reward: [99.9],Reward_sum: 67426.5078125, Done: [False]
==========
t: 752, State: [[0.6  0.07]], Action: [[1.]], Reward: [99.9],Reward_sum: 67526.40625, Done: [False]
==========
t: 753, State: [[0.6  0.07]], Action: [[1.]], Reward: [99.9],Reward_sum: 67626.3046875, Done: [False]
==========
t: 754, State: [[0.6  0.07]], Action: [[1.]], Reward: [99.9],Reward_sum: 67726.203125, Done: [False]
==========
t: 755, State: [[0.6  0.07]], Action: [[1.]], Reward: [99.9],Reward_sum: 67826.109375, Done: [False]
==========
t: 756, State: [[0.6  0.07]], Action: [[1.]], Reward: [99.9],Reward_sum: 67926.0078125, Done: [False]
==========
t: 757, State: [[0.6  0.07]], Action: [[1.]], Reward: [99.9],Reward_sum: 68025.90625, Done: [False]
==========
t: 758, State: [[0.6  0.07]], Action: [[1.]], Reward: [99.9],Reward_sum: 68125.8046875, Done: [False]
==========
t: 759, State: [[0.6  0.07]], Action: [[1.]], Reward: [99.9],Reward_sum: 68225.703125, Done: [False]
==========
t: 760, State: [[0.6  0.07]], Action: [[1.]], Reward: [99.9],Reward_sum: 68325.609375, Done: [False]
==========
t: 761, State: [[0.6  0.07]], Action: [[1.]], Reward: [99.9],Reward_sum: 68425.5078125, Done: [False]
==========
t: 762, State: [[0.6  0.07]], Action: [[1.]], Reward: [99.9],Reward_sum: 68525.40625, Done: [False]
==========
t: 763, State: [[0.6  0.07]], Action: [[1.]], Reward: [99.9],Reward_sum: 68625.3046875, Done: [False]
==========
t: 764, State: [[0.6  0.07]], Action: [[1.]], Reward: [99.9],Reward_sum: 68725.2109375, Done: [False]
==========
t: 765, State: [[0.6  0.07]], Action: [[1.]], Reward: [99.9],Reward_sum: 68825.109375, Done: [False]
==========
t: 766, State: [[0.6  0.07]], Action: [[1.]], Reward: [99.9],Reward_sum: 68925.0078125, Done: [False]
==========
t: 767, State: [[0.6  0.07]], Action: [[1.]], Reward: [99.9],Reward_sum: 69024.90625, Done: [False]
==========
t: 768, State: [[0.6  0.07]], Action: [[1.]], Reward: [99.9],Reward_sum: 69124.8125, Done: [False]
==========
t: 769, State: [[0.6  0.07]], Action: [[1.]], Reward: [99.9],Reward_sum: 69224.703125, Done: [False]
==========
t: 770, State: [[0.6  0.07]], Action: [[1.]], Reward: [99.9],Reward_sum: 69324.609375, Done: [False]
==========
t: 771, State: [[0.6  0.07]], Action: [[1.]], Reward: [99.9],Reward_sum: 69424.5078125, Done: [False]
==========
t: 772, State: [[0.6  0.07]], Action: [[1.]], Reward: [99.9],Reward_sum: 69524.40625, Done: [False]
==========
t: 773, State: [[0.6  0.07]], Action: [[1.]], Reward: [99.9],Reward_sum: 69624.3125, Done: [False]
==========
t: 774, State: [[0.6  0.07]], Action: [[1.]], Reward: [99.9],Reward_sum: 69724.203125, Done: [False]
==========
t: 775, State: [[0.6  0.07]], Action: [[1.]], Reward: [99.9],Reward_sum: 69824.109375, Done: [False]
==========
t: 776, State: [[0.6  0.07]], Action: [[1.]], Reward: [99.9],Reward_sum: 69924.0, Done: [False]
==========
t: 777, State: [[0.6  0.07]], Action: [[1.]], Reward: [99.9],Reward_sum: 70023.90625, Done: [False]
==========
t: 778, State: [[0.6  0.07]], Action: [[1.]], Reward: [99.9],Reward_sum: 70123.8125, Done: [False]
==========
t: 779, State: [[0.6  0.07]], Action: [[1.]], Reward: [99.9],Reward_sum: 70223.703125, Done: [False]
==========
t: 780, State: [[0.6  0.07]], Action: [[1.]], Reward: [99.9],Reward_sum: 70323.609375, Done: [False]
==========
t: 781, State: [[0.6  0.07]], Action: [[1.]], Reward: [99.9],Reward_sum: 70423.515625, Done: [False]
==========
t: 782, State: [[0.6  0.07]], Action: [[1.]], Reward: [99.9],Reward_sum: 70523.40625, Done: [False]
==========
t: 783, State: [[0.6  0.07]], Action: [[1.]], Reward: [99.9],Reward_sum: 70623.3046875, Done: [False]
==========
t: 784, State: [[0.6  0.07]], Action: [[1.]], Reward: [99.9],Reward_sum: 70723.203125, Done: [False]
==========
t: 785, State: [[0.6  0.07]], Action: [[1.]], Reward: [99.9],Reward_sum: 70823.109375, Done: [False]
==========
t: 786, State: [[0.6  0.07]], Action: [[1.]], Reward: [99.9],Reward_sum: 70923.0078125, Done: [False]
==========
t: 787, State: [[0.6  0.07]], Action: [[1.]], Reward: [99.9],Reward_sum: 71022.90625, Done: [False]
==========
t: 788, State: [[0.6  0.07]], Action: [[1.]], Reward: [99.9],Reward_sum: 71122.8046875, Done: [False]
==========
t: 789, State: [[0.6  0.07]], Action: [[1.]], Reward: [99.9],Reward_sum: 71222.7109375, Done: [False]
==========
t: 790, State: [[0.6  0.07]], Action: [[1.]], Reward: [99.9],Reward_sum: 71322.609375, Done: [False]
==========
t: 791, State: [[0.6  0.07]], Action: [[1.]], Reward: [99.9],Reward_sum: 71422.5078125, Done: [False]
==========
t: 792, State: [[0.6  0.07]], Action: [[1.]], Reward: [99.9],Reward_sum: 71522.40625, Done: [False]
==========
t: 793, State: [[0.6  0.07]], Action: [[1.]], Reward: [99.9],Reward_sum: 71622.3125, Done: [False]
==========
t: 794, State: [[0.6  0.07]], Action: [[1.]], Reward: [99.9],Reward_sum: 71722.203125, Done: [False]
==========
t: 795, State: [[0.6  0.07]], Action: [[1.]], Reward: [99.9],Reward_sum: 71822.109375, Done: [False]
==========
t: 796, State: [[0.6  0.07]], Action: [[1.]], Reward: [99.9],Reward_sum: 71922.0078125, Done: [False]
==========
t: 797, State: [[0.6  0.07]], Action: [[1.]], Reward: [99.9],Reward_sum: 72021.90625, Done: [False]
==========
t: 798, State: [[0.6  0.07]], Action: [[1.]], Reward: [99.9],Reward_sum: 72121.8125, Done: [False]
==========
t: 799, State: [[0.6  0.07]], Action: [[1.]], Reward: [99.9],Reward_sum: 72221.7109375, Done: [False]
==========
t: 800, State: [[0.6  0.07]], Action: [[1.]], Reward: [99.9],Reward_sum: 72321.609375, Done: [False]
==========
t: 801, State: [[0.6  0.07]], Action: [[1.]], Reward: [99.9],Reward_sum: 72421.5078125, Done: [False]
==========
t: 802, State: [[0.6  0.07]], Action: [[1.]], Reward: [99.9],Reward_sum: 72521.40625, Done: [False]
==========
t: 803, State: [[0.6  0.07]], Action: [[1.]], Reward: [99.9],Reward_sum: 72621.3125, Done: [False]
==========
t: 804, State: [[0.6  0.07]], Action: [[1.]], Reward: [99.9],Reward_sum: 72721.2109375, Done: [False]
==========
t: 805, State: [[0.6  0.07]], Action: [[1.]], Reward: [99.9],Reward_sum: 72821.109375, Done: [False]
==========
t: 806, State: [[0.6  0.07]], Action: [[1.]], Reward: [99.9],Reward_sum: 72921.0078125, Done: [False]
==========
t: 807, State: [[0.6  0.07]], Action: [[1.]], Reward: [99.9],Reward_sum: 73020.90625, Done: [False]
==========
t: 808, State: [[0.6  0.07]], Action: [[1.]], Reward: [99.9],Reward_sum: 73120.8125, Done: [False]
==========
t: 809, State: [[0.6  0.07]], Action: [[1.]], Reward: [99.9],Reward_sum: 73220.7109375, Done: [False]
==========
t: 810, State: [[0.6  0.07]], Action: [[1.]], Reward: [99.9],Reward_sum: 73320.609375, Done: [False]
==========
t: 811, State: [[0.6  0.07]], Action: [[1.]], Reward: [99.9],Reward_sum: 73420.5078125, Done: [False]
==========
t: 812, State: [[0.6  0.07]], Action: [[1.]], Reward: [99.9],Reward_sum: 73520.4140625, Done: [False]
==========
t: 813, State: [[0.6  0.07]], Action: [[1.]], Reward: [99.9],Reward_sum: 73620.3125, Done: [False]
==========
t: 814, State: [[0.6  0.07]], Action: [[1.]], Reward: [99.9],Reward_sum: 73720.2109375, Done: [False]
==========
t: 815, State: [[0.6  0.07]], Action: [[1.]], Reward: [99.9],Reward_sum: 73820.109375, Done: [False]
==========
t: 816, State: [[0.6  0.07]], Action: [[1.]], Reward: [99.9],Reward_sum: 73920.0078125, Done: [False]
==========
t: 817, State: [[0.6  0.07]], Action: [[1.]], Reward: [99.9],Reward_sum: 74019.90625, Done: [False]
==========
t: 818, State: [[0.6  0.07]], Action: [[1.]], Reward: [99.9],Reward_sum: 74119.8046875, Done: [False]
==========
t: 819, State: [[0.6  0.07]], Action: [[1.]], Reward: [99.9],Reward_sum: 74219.703125, Done: [False]
==========
t: 820, State: [[0.6  0.07]], Action: [[1.]], Reward: [99.9],Reward_sum: 74319.609375, Done: [False]
==========
t: 821, State: [[0.6  0.07]], Action: [[1.]], Reward: [99.9],Reward_sum: 74419.5078125, Done: [False]
==========
t: 822, State: [[0.6  0.07]], Action: [[1.]], Reward: [99.9],Reward_sum: 74519.40625, Done: [False]
==========
t: 823, State: [[0.6  0.07]], Action: [[1.]], Reward: [99.9],Reward_sum: 74619.3046875, Done: [False]
==========
t: 824, State: [[0.6  0.07]], Action: [[1.]], Reward: [99.9],Reward_sum: 74719.203125, Done: [False]
==========
t: 825, State: [[0.6  0.07]], Action: [[1.]], Reward: [99.9],Reward_sum: 74819.109375, Done: [False]
==========
t: 826, State: [[0.6  0.07]], Action: [[1.]], Reward: [99.9],Reward_sum: 74919.0078125, Done: [False]
==========
t: 827, State: [[0.6  0.07]], Action: [[1.]], Reward: [99.9],Reward_sum: 75018.90625, Done: [False]
==========
t: 828, State: [[0.6  0.07]], Action: [[1.]], Reward: [99.9],Reward_sum: 75118.8046875, Done: [False]
==========
t: 829, State: [[0.6  0.07]], Action: [[1.]], Reward: [99.9],Reward_sum: 75218.703125, Done: [False]
==========
t: 830, State: [[0.6  0.07]], Action: [[1.]], Reward: [99.9],Reward_sum: 75318.609375, Done: [False]
==========
t: 831, State: [[0.6  0.07]], Action: [[1.]], Reward: [99.9],Reward_sum: 75418.5078125, Done: [False]
==========
t: 832, State: [[0.6  0.07]], Action: [[1.]], Reward: [99.9],Reward_sum: 75518.40625, Done: [False]
==========
t: 833, State: [[0.6  0.07]], Action: [[1.]], Reward: [99.9],Reward_sum: 75618.3125, Done: [False]
==========
t: 834, State: [[0.6  0.07]], Action: [[1.]], Reward: [99.9],Reward_sum: 75718.2109375, Done: [False]
==========
t: 835, State: [[0.6  0.07]], Action: [[1.]], Reward: [99.9],Reward_sum: 75818.109375, Done: [False]
==========
t: 836, State: [[0.6  0.07]], Action: [[1.]], Reward: [99.9],Reward_sum: 75918.0078125, Done: [False]
==========
t: 837, State: [[0.6  0.07]], Action: [[1.]], Reward: [99.9],Reward_sum: 76017.90625, Done: [False]
==========
t: 838, State: [[0.6  0.07]], Action: [[1.]], Reward: [99.9],Reward_sum: 76117.8125, Done: [False]
==========
t: 839, State: [[0.6  0.07]], Action: [[1.]], Reward: [99.9],Reward_sum: 76217.703125, Done: [False]
==========
t: 840, State: [[0.6  0.07]], Action: [[1.]], Reward: [99.9],Reward_sum: 76317.609375, Done: [False]
==========
t: 841, State: [[0.6  0.07]], Action: [[1.]], Reward: [99.9],Reward_sum: 76417.5078125, Done: [False]
==========
t: 842, State: [[0.6  0.07]], Action: [[1.]], Reward: [99.9],Reward_sum: 76517.40625, Done: [False]
==========
t: 843, State: [[0.6  0.07]], Action: [[1.]], Reward: [99.9],Reward_sum: 76617.3125, Done: [False]
==========
t: 844, State: [[0.6  0.07]], Action: [[1.]], Reward: [99.9],Reward_sum: 76717.2109375, Done: [False]
==========
t: 845, State: [[0.6  0.07]], Action: [[1.]], Reward: [99.9],Reward_sum: 76817.109375, Done: [False]
==========
t: 846, State: [[0.6  0.07]], Action: [[1.]], Reward: [99.9],Reward_sum: 76917.015625, Done: [False]
==========
t: 847, State: [[0.6  0.07]], Action: [[1.]], Reward: [99.9],Reward_sum: 77016.90625, Done: [False]
==========
t: 848, State: [[0.6  0.07]], Action: [[1.]], Reward: [99.9],Reward_sum: 77116.8125, Done: [False]
==========
t: 849, State: [[0.6  0.07]], Action: [[1.]], Reward: [99.9],Reward_sum: 77216.703125, Done: [False]
==========
t: 850, State: [[0.6  0.07]], Action: [[1.]], Reward: [99.9],Reward_sum: 77316.609375, Done: [False]
==========
t: 851, State: [[0.6  0.07]], Action: [[1.]], Reward: [99.9],Reward_sum: 77416.5078125, Done: [False]
==========
t: 852, State: [[0.6  0.07]], Action: [[1.]], Reward: [99.9],Reward_sum: 77516.40625, Done: [False]
==========
t: 853, State: [[0.6  0.07]], Action: [[1.]], Reward: [99.9],Reward_sum: 77616.3125, Done: [False]
==========
t: 854, State: [[0.6  0.07]], Action: [[1.]], Reward: [99.9],Reward_sum: 77716.2109375, Done: [False]
==========
t: 855, State: [[0.6  0.07]], Action: [[1.]], Reward: [99.9],Reward_sum: 77816.109375, Done: [False]
==========
t: 856, State: [[0.6  0.07]], Action: [[1.]], Reward: [99.9],Reward_sum: 77916.0078125, Done: [False]
==========
t: 857, State: [[0.6  0.07]], Action: [[1.]], Reward: [99.9],Reward_sum: 78015.90625, Done: [False]
==========
t: 858, State: [[0.6  0.07]], Action: [[1.]], Reward: [99.9],Reward_sum: 78115.8125, Done: [False]
==========
t: 859, State: [[0.6  0.07]], Action: [[1.]], Reward: [99.9],Reward_sum: 78215.703125, Done: [False]
==========
t: 860, State: [[0.6  0.07]], Action: [[1.]], Reward: [99.9],Reward_sum: 78315.609375, Done: [False]
==========
t: 861, State: [[0.6  0.07]], Action: [[1.]], Reward: [99.9],Reward_sum: 78415.5078125, Done: [False]
==========
t: 862, State: [[0.6  0.07]], Action: [[1.]], Reward: [99.9],Reward_sum: 78515.40625, Done: [False]
==========
t: 863, State: [[0.6  0.07]], Action: [[1.]], Reward: [99.9],Reward_sum: 78615.3046875, Done: [False]
==========
t: 864, State: [[0.6  0.07]], Action: [[1.]], Reward: [99.9],Reward_sum: 78715.203125, Done: [False]
==========
t: 865, State: [[0.6  0.07]], Action: [[1.]], Reward: [99.9],Reward_sum: 78815.109375, Done: [False]
==========
t: 866, State: [[0.6  0.07]], Action: [[1.]], Reward: [99.9],Reward_sum: 78915.0078125, Done: [False]
==========
t: 867, State: [[0.6  0.07]], Action: [[1.]], Reward: [99.9],Reward_sum: 79014.90625, Done: [False]
==========
t: 868, State: [[0.6  0.07]], Action: [[1.]], Reward: [99.9],Reward_sum: 79114.8125, Done: [False]
==========
t: 869, State: [[0.6  0.07]], Action: [[1.]], Reward: [99.9],Reward_sum: 79214.703125, Done: [False]
==========
t: 870, State: [[0.6  0.07]], Action: [[1.]], Reward: [99.9],Reward_sum: 79314.609375, Done: [False]
==========
t: 871, State: [[0.6  0.07]], Action: [[1.]], Reward: [99.9],Reward_sum: 79414.5078125, Done: [False]
==========
t: 872, State: [[0.6  0.07]], Action: [[1.]], Reward: [99.9],Reward_sum: 79514.40625, Done: [False]
==========
t: 873, State: [[0.6  0.07]], Action: [[1.]], Reward: [99.9],Reward_sum: 79614.3046875, Done: [False]
==========
t: 874, State: [[0.6  0.07]], Action: [[1.]], Reward: [99.9],Reward_sum: 79714.203125, Done: [False]
==========
t: 875, State: [[0.6  0.07]], Action: [[1.]], Reward: [99.9],Reward_sum: 79814.109375, Done: [False]
==========
t: 876, State: [[0.6  0.07]], Action: [[1.]], Reward: [99.9],Reward_sum: 79914.0078125, Done: [False]
==========
t: 877, State: [[0.6  0.07]], Action: [[1.]], Reward: [99.9],Reward_sum: 80013.90625, Done: [False]
==========
t: 878, State: [[0.6  0.07]], Action: [[1.]], Reward: [99.9],Reward_sum: 80113.8125, Done: [False]
==========
t: 879, State: [[0.6  0.07]], Action: [[1.]], Reward: [99.9],Reward_sum: 80213.7109375, Done: [False]
==========
t: 880, State: [[0.6  0.07]], Action: [[1.]], Reward: [99.9],Reward_sum: 80313.609375, Done: [False]
==========
t: 881, State: [[0.6  0.07]], Action: [[1.]], Reward: [99.9],Reward_sum: 80413.5078125, Done: [False]
==========
t: 882, State: [[0.6  0.07]], Action: [[1.]], Reward: [99.9],Reward_sum: 80513.40625, Done: [False]
==========
t: 883, State: [[0.6  0.07]], Action: [[1.]], Reward: [99.9],Reward_sum: 80613.3125, Done: [False]
==========
t: 884, State: [[0.6  0.07]], Action: [[1.]], Reward: [99.9],Reward_sum: 80713.2109375, Done: [False]
==========
t: 885, State: [[0.6  0.07]], Action: [[1.]], Reward: [99.9],Reward_sum: 80813.109375, Done: [False]
==========
t: 886, State: [[0.6  0.07]], Action: [[1.]], Reward: [99.9],Reward_sum: 80913.015625, Done: [False]
==========
t: 887, State: [[0.6  0.07]], Action: [[1.]], Reward: [99.9],Reward_sum: 81012.90625, Done: [False]
==========
t: 888, State: [[0.6  0.07]], Action: [[1.]], Reward: [99.9],Reward_sum: 81112.8125, Done: [False]
==========
t: 889, State: [[0.6  0.07]], Action: [[1.]], Reward: [99.9],Reward_sum: 81212.7109375, Done: [False]
==========
t: 890, State: [[0.6  0.07]], Action: [[1.]], Reward: [99.9],Reward_sum: 81312.609375, Done: [False]
==========
t: 891, State: [[0.6  0.07]], Action: [[1.]], Reward: [99.9],Reward_sum: 81412.515625, Done: [False]
==========
t: 892, State: [[0.6  0.07]], Action: [[1.]], Reward: [99.9],Reward_sum: 81512.4140625, Done: [False]
==========
t: 893, State: [[0.6  0.07]], Action: [[1.]], Reward: [99.9],Reward_sum: 81612.3125, Done: [False]
==========
t: 894, State: [[0.6  0.07]], Action: [[1.]], Reward: [99.9],Reward_sum: 81712.2109375, Done: [False]
==========
t: 895, State: [[0.6  0.07]], Action: [[1.]], Reward: [99.9],Reward_sum: 81812.109375, Done: [False]
==========
t: 896, State: [[0.6  0.07]], Action: [[1.]], Reward: [99.9],Reward_sum: 81912.015625, Done: [False]
==========
t: 897, State: [[0.6  0.07]], Action: [[1.]], Reward: [99.9],Reward_sum: 82011.90625, Done: [False]
==========
t: 898, State: [[0.6  0.07]], Action: [[1.]], Reward: [99.9],Reward_sum: 82111.8125, Done: [False]
==========
t: 899, State: [[0.6  0.07]], Action: [[1.]], Reward: [99.9],Reward_sum: 82211.7109375, Done: [False]
==========
t: 900, State: [[0.6  0.07]], Action: [[1.]], Reward: [99.9],Reward_sum: 82311.609375, Done: [False]
==========
t: 901, State: [[0.6  0.07]], Action: [[1.]], Reward: [99.9],Reward_sum: 82411.515625, Done: [False]
==========
t: 902, State: [[0.6  0.07]], Action: [[1.]], Reward: [99.9],Reward_sum: 82511.40625, Done: [False]
==========
t: 903, State: [[0.6  0.07]], Action: [[1.]], Reward: [99.9],Reward_sum: 82611.3125, Done: [False]
==========
t: 904, State: [[0.6  0.07]], Action: [[1.]], Reward: [99.9],Reward_sum: 82711.203125, Done: [False]
==========
t: 905, State: [[0.6  0.07]], Action: [[1.]], Reward: [99.9],Reward_sum: 82811.109375, Done: [False]
==========
t: 906, State: [[0.6  0.07]], Action: [[1.]], Reward: [99.9],Reward_sum: 82911.015625, Done: [False]
==========
t: 907, State: [[0.6  0.07]], Action: [[1.]], Reward: [99.9],Reward_sum: 83010.90625, Done: [False]
==========
t: 908, State: [[0.6  0.07]], Action: [[1.]], Reward: [99.9],Reward_sum: 83110.8125, Done: [False]
==========
t: 909, State: [[0.6  0.07]], Action: [[1.]], Reward: [99.9],Reward_sum: 83210.71875, Done: [False]
==========
t: 910, State: [[0.6  0.07]], Action: [[1.]], Reward: [99.9],Reward_sum: 83310.609375, Done: [False]
==========
t: 911, State: [[0.6  0.07]], Action: [[1.]], Reward: [99.9],Reward_sum: 83410.5078125, Done: [False]
==========
t: 912, State: [[0.6  0.07]], Action: [[1.]], Reward: [99.9],Reward_sum: 83510.40625, Done: [False]
==========
t: 913, State: [[0.6  0.07]], Action: [[1.]], Reward: [99.9],Reward_sum: 83610.3125, Done: [False]
==========
t: 914, State: [[0.6  0.07]], Action: [[1.]], Reward: [99.9],Reward_sum: 83710.2109375, Done: [False]
==========
t: 915, State: [[0.6  0.07]], Action: [[1.]], Reward: [99.9],Reward_sum: 83810.109375, Done: [False]
==========
t: 916, State: [[0.6  0.07]], Action: [[1.]], Reward: [99.9],Reward_sum: 83910.0078125, Done: [False]
==========
t: 917, State: [[0.6  0.07]], Action: [[1.]], Reward: [99.9],Reward_sum: 84009.9140625, Done: [False]
==========
t: 918, State: [[0.6  0.07]], Action: [[1.]], Reward: [99.9],Reward_sum: 84109.8125, Done: [False]
==========
t: 919, State: [[0.6  0.07]], Action: [[1.]], Reward: [99.9],Reward_sum: 84209.7109375, Done: [False]
==========
t: 920, State: [[0.6  0.07]], Action: [[1.]], Reward: [99.9],Reward_sum: 84309.609375, Done: [False]
==========
t: 921, State: [[0.6  0.07]], Action: [[1.]], Reward: [99.9],Reward_sum: 84409.515625, Done: [False]
==========
t: 922, State: [[0.6  0.07]], Action: [[1.]], Reward: [99.9],Reward_sum: 84509.40625, Done: [False]
==========
t: 923, State: [[0.6  0.07]], Action: [[1.]], Reward: [99.9],Reward_sum: 84609.3125, Done: [False]
==========
t: 924, State: [[0.6  0.07]], Action: [[1.]], Reward: [99.9],Reward_sum: 84709.2109375, Done: [False]
==========
t: 925, State: [[0.6  0.07]], Action: [[1.]], Reward: [99.9],Reward_sum: 84809.109375, Done: [False]
==========
t: 926, State: [[0.6  0.07]], Action: [[1.]], Reward: [99.9],Reward_sum: 84909.015625, Done: [False]
==========
t: 927, State: [[0.6  0.07]], Action: [[1.]], Reward: [99.9],Reward_sum: 85008.9140625, Done: [False]
==========
t: 928, State: [[0.6  0.07]], Action: [[1.]], Reward: [99.9],Reward_sum: 85108.8125, Done: [False]
==========
t: 929, State: [[0.6  0.07]], Action: [[1.]], Reward: [99.9],Reward_sum: 85208.71875, Done: [False]
==========
t: 930, State: [[0.6  0.07]], Action: [[1.]], Reward: [99.9],Reward_sum: 85308.609375, Done: [False]
==========
t: 931, State: [[0.6  0.07]], Action: [[1.]], Reward: [99.9],Reward_sum: 85408.515625, Done: [False]
==========
t: 932, State: [[0.6  0.07]], Action: [[1.]], Reward: [99.9],Reward_sum: 85508.4140625, Done: [False]
==========
t: 933, State: [[0.6  0.07]], Action: [[1.]], Reward: [99.9],Reward_sum: 85608.3125, Done: [False]
==========
t: 934, State: [[0.6  0.07]], Action: [[1.]], Reward: [99.9],Reward_sum: 85708.21875, Done: [False]
==========
t: 935, State: [[0.6  0.07]], Action: [[1.]], Reward: [99.9],Reward_sum: 85808.109375, Done: [False]
==========
t: 936, State: [[0.6  0.07]], Action: [[1.]], Reward: [99.9],Reward_sum: 85908.015625, Done: [False]
==========
t: 937, State: [[0.6  0.07]], Action: [[1.]], Reward: [99.9],Reward_sum: 86007.9140625, Done: [False]
==========
t: 938, State: [[0.6  0.07]], Action: [[1.]], Reward: [99.9],Reward_sum: 86107.8125, Done: [False]
==========
t: 939, State: [[0.6  0.07]], Action: [[1.]], Reward: [99.9],Reward_sum: 86207.71875, Done: [False]
==========
t: 940, State: [[0.6  0.07]], Action: [[1.]], Reward: [99.9],Reward_sum: 86307.6171875, Done: [False]
==========
t: 941, State: [[0.6  0.07]], Action: [[1.]], Reward: [99.9],Reward_sum: 86407.515625, Done: [False]
==========
t: 942, State: [[0.6  0.07]], Action: [[1.]], Reward: [99.9],Reward_sum: 86507.4140625, Done: [False]
==========
t: 943, State: [[0.6  0.07]], Action: [[1.]], Reward: [99.9],Reward_sum: 86607.3125, Done: [False]
==========
t: 944, State: [[0.6  0.07]], Action: [[1.]], Reward: [99.9],Reward_sum: 86707.2109375, Done: [False]
==========
t: 945, State: [[0.6  0.07]], Action: [[1.]], Reward: [99.9],Reward_sum: 86807.109375, Done: [False]
==========
t: 946, State: [[0.6  0.07]], Action: [[1.]], Reward: [99.9],Reward_sum: 86907.0078125, Done: [False]
==========
t: 947, State: [[0.6  0.07]], Action: [[1.]], Reward: [99.9],Reward_sum: 87006.90625, Done: [False]
==========
t: 948, State: [[0.6  0.07]], Action: [[1.]], Reward: [99.9],Reward_sum: 87106.8125, Done: [False]
==========
t: 949, State: [[0.6  0.07]], Action: [[1.]], Reward: [99.9],Reward_sum: 87206.7109375, Done: [False]
==========
t: 950, State: [[0.6  0.07]], Action: [[1.]], Reward: [99.9],Reward_sum: 87306.609375, Done: [False]
==========
t: 951, State: [[0.6  0.07]], Action: [[1.]], Reward: [99.9],Reward_sum: 87406.5078125, Done: [False]
==========
t: 952, State: [[0.6  0.07]], Action: [[1.]], Reward: [99.9],Reward_sum: 87506.40625, Done: [False]
==========
t: 953, State: [[0.6  0.07]], Action: [[1.]], Reward: [99.9],Reward_sum: 87606.3125, Done: [False]
==========
t: 954, State: [[0.6  0.07]], Action: [[1.]], Reward: [99.9],Reward_sum: 87706.2109375, Done: [False]
==========
t: 955, State: [[0.6  0.07]], Action: [[1.]], Reward: [99.9],Reward_sum: 87806.109375, Done: [False]
==========
t: 956, State: [[0.6  0.07]], Action: [[1.]], Reward: [99.9],Reward_sum: 87906.0078125, Done: [False]
==========
t: 957, State: [[0.6  0.07]], Action: [[1.]], Reward: [99.9],Reward_sum: 88005.90625, Done: [False]
==========
t: 958, State: [[0.6  0.07]], Action: [[1.]], Reward: [99.9],Reward_sum: 88105.8125, Done: [False]
==========
t: 959, State: [[0.6  0.07]], Action: [[1.]], Reward: [99.9],Reward_sum: 88205.7109375, Done: [False]
==========
t: 960, State: [[0.6  0.07]], Action: [[1.]], Reward: [99.9],Reward_sum: 88305.609375, Done: [False]
==========
t: 961, State: [[0.6  0.07]], Action: [[1.]], Reward: [99.9],Reward_sum: 88405.515625, Done: [False]
==========
t: 962, State: [[0.6  0.07]], Action: [[1.]], Reward: [99.9],Reward_sum: 88505.4140625, Done: [False]
==========
t: 963, State: [[0.6  0.07]], Action: [[1.]], Reward: [99.9],Reward_sum: 88605.3125, Done: [False]
==========
t: 964, State: [[0.6  0.07]], Action: [[1.]], Reward: [99.9],Reward_sum: 88705.2109375, Done: [False]
==========
t: 965, State: [[0.6  0.07]], Action: [[1.]], Reward: [99.9],Reward_sum: 88805.109375, Done: [False]
==========
t: 966, State: [[0.6  0.07]], Action: [[1.]], Reward: [99.9],Reward_sum: 88905.015625, Done: [False]
==========
t: 967, State: [[0.6  0.07]], Action: [[1.]], Reward: [99.9],Reward_sum: 89004.90625, Done: [False]
==========
t: 968, State: [[0.6  0.07]], Action: [[1.]], Reward: [99.9],Reward_sum: 89104.8125, Done: [False]
==========
t: 969, State: [[0.6  0.07]], Action: [[1.]], Reward: [99.9],Reward_sum: 89204.7109375, Done: [False]
==========
t: 970, State: [[0.6  0.07]], Action: [[1.]], Reward: [99.9],Reward_sum: 89304.609375, Done: [False]
==========
t: 971, State: [[0.6  0.07]], Action: [[1.]], Reward: [99.9],Reward_sum: 89404.5078125, Done: [False]
==========
t: 972, State: [[0.6  0.07]], Action: [[1.]], Reward: [99.9],Reward_sum: 89504.40625, Done: [False]
==========
t: 973, State: [[0.6  0.07]], Action: [[1.]], Reward: [99.9],Reward_sum: 89604.3125, Done: [False]
==========
t: 974, State: [[0.6  0.07]], Action: [[1.]], Reward: [99.9],Reward_sum: 89704.2109375, Done: [False]
==========
t: 975, State: [[0.6  0.07]], Action: [[1.]], Reward: [99.9],Reward_sum: 89804.109375, Done: [False]
==========
t: 976, State: [[0.6  0.07]], Action: [[1.]], Reward: [99.9],Reward_sum: 89904.015625, Done: [False]
==========
t: 977, State: [[0.6  0.07]], Action: [[1.]], Reward: [99.9],Reward_sum: 90003.90625, Done: [False]
==========
t: 978, State: [[0.6  0.07]], Action: [[1.]], Reward: [99.9],Reward_sum: 90103.8125, Done: [False]
==========
t: 979, State: [[0.6  0.07]], Action: [[1.]], Reward: [99.9],Reward_sum: 90203.703125, Done: [False]
==========
t: 980, State: [[0.6  0.07]], Action: [[1.]], Reward: [99.9],Reward_sum: 90303.609375, Done: [False]
==========
t: 981, State: [[0.6  0.07]], Action: [[1.]], Reward: [99.9],Reward_sum: 90403.5078125, Done: [False]
==========
t: 982, State: [[0.6  0.07]], Action: [[1.]], Reward: [99.9],Reward_sum: 90503.40625, Done: [False]
==========
t: 983, State: [[0.6  0.07]], Action: [[1.]], Reward: [99.9],Reward_sum: 90603.3125, Done: [False]
==========
t: 984, State: [[0.6  0.07]], Action: [[1.]], Reward: [99.9],Reward_sum: 90703.203125, Done: [False]
==========
t: 985, State: [[0.6  0.07]], Action: [[1.]], Reward: [99.9],Reward_sum: 90803.109375, Done: [False]
==========
t: 986, State: [[0.6  0.07]], Action: [[1.]], Reward: [99.9],Reward_sum: 90903.0078125, Done: [False]
==========
t: 987, State: [[0.6  0.07]], Action: [[1.]], Reward: [99.9],Reward_sum: 91002.90625, Done: [False]
==========
t: 988, State: [[0.6  0.07]], Action: [[1.]], Reward: [99.9],Reward_sum: 91102.8125, Done: [False]
==========
t: 989, State: [[0.6  0.07]], Action: [[1.]], Reward: [99.9],Reward_sum: 91202.703125, Done: [False]
==========
t: 990, State: [[0.6  0.07]], Action: [[1.]], Reward: [99.9],Reward_sum: 91302.609375, Done: [False]
==========
t: 991, State: [[0.6  0.07]], Action: [[1.]], Reward: [99.9],Reward_sum: 91402.5078125, Done: [False]
==========
t: 992, State: [[0.6  0.07]], Action: [[1.]], Reward: [99.9],Reward_sum: 91502.40625, Done: [False]
==========
t: 993, State: [[0.6  0.07]], Action: [[1.]], Reward: [99.9],Reward_sum: 91602.3125, Done: [False]
==========
t: 994, State: [[0.6  0.07]], Action: [[1.]], Reward: [99.9],Reward_sum: 91702.203125, Done: [False]
==========
t: 995, State: [[0.6  0.07]], Action: [[1.]], Reward: [99.9],Reward_sum: 91802.109375, Done: [False]
==========
t: 996, State: [[0.6  0.07]], Action: [[1.]], Reward: [99.9],Reward_sum: 91902.0078125, Done: [False]
==========
t: 997, State: [[0.6  0.07]], Action: [[1.]], Reward: [99.9],Reward_sum: 92001.90625, Done: [False]
==========
t: 998, State: [[-0.5892358  0.       ]], Action: [[1.]], Reward: [99.9],Reward_sum: 92101.8046875, Done: [ True]
==========
t: 999, State: [[-0.58994895 -0.00071316]], Action: [[-0.80150694]], Reward: [-0.06424133],Reward_sum: 92101.75, Done: [False]
==========
MountainCarContinuous-v0 - Steps: 1000, Return: 92101.75, State: [[-0.58994895 -0.00071316]]
rewards_demo [-9.99325141e-02 -1.99736491e-01 -2.99125701e-01 -3.97163272e-01
 -4.90680575e-01 -5.69738984e-01 -6.07686758e-01 -6.26623034e-01
 -6.42133296e-01 -6.54051125e-01 -6.62383556e-01 -6.68095589e-01
 -6.71986699e-01 -6.74674869e-01 -6.76612377e-01 -6.78119779e-01
 -6.79426074e-01 -6.80707633e-01 -6.82120919e-01 -6.82188690e-01
 -6.82859540e-01 -6.88572586e-01 -7.06009269e-01 -7.47258127e-01
 -8.16312909e-01 -9.04758215e-01 -1.00399339e+00 -1.10398746e+00
 -1.20398736e+00 -1.30398738e+00 -1.40398741e+00 -1.50398743e+00
 -1.60398746e+00 -1.70398748e+00 -1.80398750e+00 -1.90398753e+00
 -2.00398755e+00 -2.10398746e+00 -2.20398736e+00 -2.30398726e+00
 -2.40398717e+00 -2.50398707e+00 -2.60398698e+00 -2.70398688e+00
 -2.80398679e+00 -2.90398669e+00 -3.00398660e+00 -3.10398650e+00
 -3.20398641e+00 -3.30398631e+00 -3.40398622e+00 -3.50398612e+00
 -3.60398602e+00 -3.70398593e+00 -3.80398583e+00 -3.90398574e+00
 -4.00398588e+00 -4.10398579e+00 -4.20398569e+00 -4.30398560e+00
 -4.40398550e+00 -4.50398540e+00 -4.60398531e+00 -4.70398521e+00
 -4.80398512e+00 -4.90398502e+00 -5.00398493e+00 -5.10398483e+00
 -5.20398474e+00 -5.30398464e+00 -5.40398455e+00 -5.50398445e+00
 -5.60398436e+00 -5.70398426e+00 -5.80398417e+00 -5.90398407e+00
 -6.00398397e+00  9.38960190e+01  1.93796021e+02  2.93696014e+02
  3.93596008e+02  4.93496002e+02  5.93395996e+02  6.93296021e+02
  7.93196045e+02  8.93096069e+02  9.92996094e+02  1.09289612e+03
  1.19279614e+03  1.29269617e+03  1.39259619e+03  1.49249622e+03
  1.59239624e+03  1.69229626e+03  1.79219629e+03  1.89209631e+03
  1.99199634e+03  2.09189624e+03  2.19179614e+03  2.29169604e+03
  2.39159595e+03  2.49149585e+03  2.59139575e+03  2.69129565e+03
  2.79119556e+03  2.89109546e+03  2.99099536e+03  3.09089526e+03
  3.19079517e+03  3.29069507e+03  3.39059497e+03  3.49049487e+03
  3.59039478e+03  3.69029468e+03  3.79019458e+03  3.89009448e+03
  3.98999438e+03  4.08989429e+03  4.18979443e+03  4.28969434e+03
  4.38959424e+03  4.48949414e+03  4.58939404e+03  4.68929395e+03
  4.78919385e+03  4.88909375e+03  4.98899365e+03  5.08889355e+03
  5.18879346e+03  5.28869336e+03  5.38859326e+03  5.48849316e+03
  5.58839307e+03  5.68829297e+03  5.78819287e+03  5.88809277e+03
  5.98799268e+03  6.08789258e+03  6.18779248e+03  6.28769238e+03
  6.38759229e+03  6.48749219e+03  6.58739209e+03  6.68729199e+03
  6.78719189e+03  6.88709180e+03  6.98699170e+03  7.08689160e+03
  7.18679150e+03  7.28669141e+03  7.38659131e+03  7.48649121e+03
  7.58639111e+03  7.68629102e+03  7.78619092e+03  7.88609082e+03
  7.98599072e+03  8.08589062e+03  8.18579053e+03  8.28569043e+03
  8.38559082e+03  8.48549121e+03  8.58539160e+03  8.68529199e+03
  8.78519238e+03  8.88509277e+03  8.98499316e+03  9.08489355e+03
  9.18479395e+03  9.28469434e+03  9.38459473e+03  9.48449512e+03
  9.58439551e+03  9.68429590e+03  9.78419629e+03  9.88409668e+03
  9.98399707e+03  1.00838975e+04  1.01837979e+04  1.02836982e+04
  1.03835986e+04  1.04834990e+04  1.05833994e+04  1.06832998e+04
  1.07832002e+04  1.08831006e+04  1.09830010e+04  1.10829014e+04
  1.11828018e+04  1.12827021e+04  1.13826025e+04  1.14825029e+04
  1.15824033e+04  1.16823037e+04  1.17822041e+04  1.18821045e+04
  1.19820049e+04  1.20819053e+04  1.21818057e+04  1.22817061e+04
  1.23816064e+04  1.24815068e+04  1.25814072e+04  1.26813076e+04
  1.27812080e+04  1.28811084e+04  1.29810088e+04  1.30809092e+04
  1.31808096e+04  1.32807100e+04  1.33806104e+04  1.34805107e+04
  1.35804111e+04  1.36803115e+04  1.37802119e+04  1.38801123e+04
  1.39800127e+04  1.40799131e+04  1.41798135e+04  1.42797139e+04
  1.43796143e+04  1.44795146e+04  1.45794150e+04  1.46793154e+04
  1.47792158e+04  1.48791162e+04  1.49790166e+04  1.50789170e+04
  1.51788174e+04  1.52787178e+04  1.53786182e+04  1.54785186e+04
  1.55784189e+04  1.56783193e+04  1.57782197e+04  1.58781201e+04
  1.59780205e+04  1.60779209e+04  1.61778213e+04  1.62777217e+04
  1.63776221e+04  1.64775215e+04  1.65774219e+04  1.66773223e+04
  1.67772227e+04  1.68771230e+04  1.69770234e+04  1.70769238e+04
  1.71768242e+04  1.72767246e+04  1.73766250e+04  1.74765254e+04
  1.75764258e+04  1.76763262e+04  1.77762266e+04  1.78761270e+04
  1.79760273e+04  1.80759277e+04  1.81758281e+04  1.82757285e+04
  1.83756289e+04  1.84755293e+04  1.85754297e+04  1.86753301e+04
  1.87752305e+04  1.88751309e+04  1.89750312e+04  1.90749316e+04
  1.91748320e+04  1.92747324e+04  1.93746328e+04  1.94745332e+04
  1.95744336e+04  1.96743340e+04  1.97742344e+04  1.98741348e+04
  1.99740352e+04  2.00739355e+04  2.01738359e+04  2.02737363e+04
  2.03736367e+04  2.04735371e+04  2.05734375e+04  2.06733379e+04
  2.07732383e+04  2.08731387e+04  2.09730391e+04  2.10729395e+04
  2.11728398e+04  2.12727402e+04  2.13726406e+04  2.14725410e+04
  2.15724414e+04  2.16723418e+04  2.17722422e+04  2.18721426e+04
  2.19720430e+04  2.20719434e+04  2.21718438e+04  2.22717441e+04
  2.23716445e+04  2.24715449e+04  2.25714453e+04  2.26713457e+04
  2.27712461e+04  2.28711465e+04  2.29710469e+04  2.30709473e+04
  2.31708477e+04  2.32707480e+04  2.33706484e+04  2.34705488e+04
  2.35704492e+04  2.36703496e+04  2.37702500e+04  2.38701504e+04
  2.39700508e+04  2.40699512e+04  2.41698516e+04  2.42697520e+04
  2.43696523e+04  2.44695527e+04  2.45694531e+04  2.46693535e+04
  2.47692539e+04  2.48691543e+04  2.49690547e+04  2.50689551e+04
  2.51688555e+04  2.52687559e+04  2.53686562e+04  2.54685566e+04
  2.55684570e+04  2.56683574e+04  2.57682578e+04  2.58681582e+04
  2.59680586e+04  2.60679590e+04  2.61678594e+04  2.62677598e+04
  2.63676602e+04  2.64675605e+04  2.65674609e+04  2.66673613e+04
  2.67672617e+04  2.68671621e+04  2.69670625e+04  2.70669629e+04
  2.71668633e+04  2.72667637e+04  2.73666641e+04  2.74665645e+04
  2.75664648e+04  2.76663652e+04  2.77662656e+04  2.78661660e+04
  2.79660664e+04  2.80659668e+04  2.81658672e+04  2.82657676e+04
  2.83656680e+04  2.84655684e+04  2.85654688e+04  2.86653691e+04
  2.87652695e+04  2.88651699e+04  2.89650703e+04  2.90649707e+04
  2.91648711e+04  2.92647715e+04  2.93646719e+04  2.94645723e+04
  2.95644727e+04  2.96643730e+04  2.97642734e+04  2.98641738e+04
  2.99640742e+04  3.00639746e+04  3.01638750e+04  3.02637754e+04
  3.03636758e+04  3.04635762e+04  3.05634766e+04  3.06633770e+04
  3.07632773e+04  3.08631777e+04  3.09630781e+04  3.10629785e+04
  3.11628789e+04  3.12627793e+04  3.13626797e+04  3.14625801e+04
  3.15624805e+04  3.16623809e+04  3.17622812e+04  3.18621816e+04
  3.19620820e+04  3.20619824e+04  3.21618828e+04  3.22617832e+04
  3.23616836e+04  3.24615840e+04  3.25614844e+04  3.26613848e+04
  3.27612852e+04  3.28611836e+04  3.29610820e+04  3.30609805e+04
  3.31608789e+04  3.32607773e+04  3.33606758e+04  3.34605742e+04
  3.35604727e+04  3.36603711e+04  3.37602695e+04  3.38601680e+04
  3.39600664e+04  3.40599648e+04  3.41598633e+04  3.42597617e+04
  3.43596602e+04  3.44595586e+04  3.45594570e+04  3.46593555e+04
  3.47592539e+04  3.48591523e+04  3.49590508e+04  3.50589492e+04
  3.51588477e+04  3.52587461e+04  3.53586445e+04  3.54585430e+04
  3.55584414e+04  3.56583398e+04  3.57582383e+04  3.58581367e+04
  3.59580352e+04  3.60579336e+04  3.61578320e+04  3.62577305e+04
  3.63576289e+04  3.64575273e+04  3.65574258e+04  3.66573242e+04
  3.67572227e+04  3.68571211e+04  3.69570195e+04  3.70569180e+04
  3.71568164e+04  3.72567148e+04  3.73566133e+04  3.74565117e+04
  3.75564102e+04  3.76563086e+04  3.77562070e+04  3.78561055e+04
  3.79560039e+04  3.80559023e+04  3.81558008e+04  3.82556992e+04
  3.83555977e+04  3.84554961e+04  3.85553945e+04  3.86552930e+04
  3.87551914e+04  3.88550898e+04  3.89549883e+04  3.90548867e+04
  3.91547852e+04  3.92546836e+04  3.93545820e+04  3.94544805e+04
  3.95543789e+04  3.96542773e+04  3.97541758e+04  3.98540742e+04
  3.99539727e+04  4.00538711e+04  4.01537695e+04  4.02536680e+04
  4.03535664e+04  4.04534648e+04  4.05533633e+04  4.06532617e+04
  4.07531602e+04  4.08530586e+04  4.09529570e+04  4.10528555e+04
  4.11527539e+04  4.12526523e+04  4.13525508e+04  4.14524492e+04
  4.15523477e+04  4.16522461e+04  4.17521445e+04  4.18520430e+04
  4.19519414e+04  4.20518398e+04  4.21517383e+04  4.22516367e+04
  4.23515352e+04  4.24514336e+04  4.25513320e+04  4.26512305e+04
  4.27511289e+04  4.28510273e+04  4.29509258e+04  4.30508242e+04
  4.31507227e+04  4.32506211e+04  4.33505195e+04  4.34504180e+04
  4.35503164e+04  4.36502148e+04  4.37501133e+04  4.38500117e+04
  4.39499102e+04  4.40498086e+04  4.41497070e+04  4.42496055e+04
  4.43495039e+04  4.44494023e+04  4.45493008e+04  4.46491992e+04
  4.47490977e+04  4.48489961e+04  4.49488945e+04  4.50487930e+04
  4.51486914e+04  4.52485898e+04  4.53484883e+04  4.54483867e+04
  4.55482852e+04  4.56481836e+04  4.57480820e+04  4.58479805e+04
  4.59478789e+04  4.60477773e+04  4.61476758e+04  4.62475742e+04
  4.63474727e+04  4.64473711e+04  4.65472695e+04  4.66471680e+04
  4.67470664e+04  4.68469648e+04  4.69468633e+04  4.70467617e+04
  4.71466602e+04  4.72465586e+04  4.73464570e+04  4.74463555e+04
  4.75462539e+04  4.76461523e+04  4.77460508e+04  4.78459492e+04
  4.79458477e+04  4.80457461e+04  4.81456445e+04  4.82455430e+04
  4.83454414e+04  4.84453398e+04  4.85452383e+04  4.86451367e+04
  4.87450352e+04  4.88449336e+04  4.89448320e+04  4.90447305e+04
  4.91446289e+04  4.92445273e+04  4.93444258e+04  4.94443242e+04
  4.95442227e+04  4.96441211e+04  4.97440195e+04  4.98439180e+04
  4.99438164e+04  5.00437148e+04  5.01436133e+04  5.02435117e+04
  5.03434102e+04  5.04433086e+04  5.05432070e+04  5.06431055e+04
  5.07430039e+04  5.08429023e+04  5.09428008e+04  5.10426992e+04
  5.11425977e+04  5.12424961e+04  5.13423945e+04  5.14422930e+04
  5.15421914e+04  5.16420898e+04  5.17419883e+04  5.18418867e+04
  5.19417852e+04  5.20416836e+04  5.21415820e+04  5.22414805e+04
  5.23413789e+04  5.24412773e+04  5.25411758e+04  5.26410742e+04
  5.27409727e+04  5.28408711e+04  5.29407695e+04  5.30406680e+04
  5.31405664e+04  5.32404648e+04  5.33403633e+04  5.34402617e+04
  5.35401602e+04  5.36400586e+04  5.37399570e+04  5.38398555e+04
  5.39397539e+04  5.40396523e+04  5.41395508e+04  5.42394492e+04
  5.43393477e+04  5.44392461e+04  5.45391445e+04  5.46390430e+04
  5.47389414e+04  5.48388398e+04  5.49387383e+04  5.50386367e+04
  5.51385352e+04  5.52384336e+04  5.53383320e+04  5.54382305e+04
  5.55381289e+04  5.56380273e+04  5.57379258e+04  5.58378242e+04
  5.59377227e+04  5.60376211e+04  5.61375195e+04  5.62374180e+04
  5.63373164e+04  5.64372148e+04  5.65371133e+04  5.66370117e+04
  5.67369102e+04  5.68368086e+04  5.69367070e+04  5.70366055e+04
  5.71365039e+04  5.72364023e+04  5.73363008e+04  5.74361992e+04
  5.75360977e+04  5.76359961e+04  5.77358945e+04  5.78357930e+04
  5.79356914e+04  5.80355898e+04  5.81354883e+04  5.82353867e+04
  5.83352852e+04  5.84351836e+04  5.85350820e+04  5.86349805e+04
  5.87348789e+04  5.88347773e+04  5.89346758e+04  5.90345742e+04
  5.91344727e+04  5.92343711e+04  5.93342695e+04  5.94341680e+04
  5.95340664e+04  5.96339648e+04  5.97338633e+04  5.98337617e+04
  5.99336602e+04  6.00335586e+04  6.01334570e+04  6.02333555e+04
  6.03332539e+04  6.04331523e+04  6.05330508e+04  6.06329492e+04
  6.07328477e+04  6.08327461e+04  6.09326445e+04  6.10325430e+04
  6.11324414e+04  6.12323398e+04  6.13322383e+04  6.14321367e+04
  6.15320352e+04  6.16319336e+04  6.17318320e+04  6.18317305e+04
  6.19316289e+04  6.20315273e+04  6.21314258e+04  6.22313242e+04
  6.23312227e+04  6.24311211e+04  6.25310195e+04  6.26309180e+04
  6.27308164e+04  6.28307148e+04  6.29306133e+04  6.30305117e+04
  6.31304102e+04  6.32303086e+04  6.33302070e+04  6.34301055e+04
  6.35300039e+04  6.36299023e+04  6.37298008e+04  6.38296992e+04
  6.39295977e+04  6.40294961e+04  6.41293945e+04  6.42292930e+04
  6.43291914e+04  6.44290898e+04  6.45289883e+04  6.46288867e+04
  6.47287852e+04  6.48286836e+04  6.49285820e+04  6.50284805e+04
  6.51283789e+04  6.52282773e+04  6.53281758e+04  6.54280742e+04
  6.55279727e+04  6.56278750e+04  6.57277734e+04  6.58276719e+04
  6.59275703e+04  6.60274688e+04  6.61273672e+04  6.62272656e+04
  6.63271641e+04  6.64270625e+04  6.65269609e+04  6.66268594e+04
  6.67267578e+04  6.68266562e+04  6.69265547e+04  6.70264531e+04
  6.71263516e+04  6.72262500e+04  6.73261484e+04  6.74260469e+04
  6.75259453e+04  6.76258438e+04  6.77257422e+04  6.78256406e+04
  6.79255391e+04  6.80254375e+04  6.81253359e+04  6.82252344e+04
  6.83251328e+04  6.84250312e+04  6.85249297e+04  6.86248281e+04
  6.87247266e+04  6.88246250e+04  6.89245234e+04  6.90244219e+04
  6.91243203e+04  6.92242188e+04  6.93241172e+04  6.94240156e+04
  6.95239141e+04  6.96238125e+04  6.97237109e+04  6.98236094e+04
  6.99235078e+04  7.00234062e+04  7.01233047e+04  7.02232031e+04
  7.03231016e+04  7.04230000e+04  7.05228984e+04  7.06227969e+04
  7.07226953e+04  7.08225938e+04  7.09224922e+04  7.10223906e+04
  7.11222891e+04  7.12221875e+04  7.13220859e+04  7.14219844e+04
  7.15218828e+04  7.16217812e+04  7.17216797e+04  7.18215781e+04
  7.19214766e+04  7.20213750e+04  7.21212734e+04  7.22211719e+04
  7.23210703e+04  7.24209688e+04  7.25208672e+04  7.26207656e+04
  7.27206641e+04  7.28205625e+04  7.29204609e+04  7.30203594e+04
  7.31202578e+04  7.32201562e+04  7.33200547e+04  7.34199531e+04
  7.35198516e+04  7.36197500e+04  7.37196484e+04  7.38195469e+04
  7.39194453e+04  7.40193438e+04  7.41192422e+04  7.42191406e+04
  7.43190391e+04  7.44189375e+04  7.45188359e+04  7.46187344e+04
  7.47186328e+04  7.48185312e+04  7.49184297e+04  7.50183281e+04
  7.51182266e+04  7.52181250e+04  7.53180234e+04  7.54179219e+04
  7.55178203e+04  7.56177188e+04  7.57176172e+04  7.58175156e+04
  7.59174141e+04  7.60173125e+04  7.61172109e+04  7.62171094e+04
  7.63170078e+04  7.64169062e+04  7.65168047e+04  7.66167031e+04
  7.67166016e+04  7.68165000e+04  7.69163984e+04  7.70162969e+04
  7.71161953e+04  7.72160938e+04  7.73159922e+04  7.74158906e+04
  7.75157891e+04  7.76156875e+04  7.77155859e+04  7.78154844e+04
  7.79153828e+04  7.80152812e+04  7.81151797e+04  7.82150781e+04
  7.83149766e+04  7.84148750e+04  7.85147734e+04  7.86146719e+04
  7.87145703e+04  7.88144688e+04  7.89143672e+04  7.90142656e+04
  7.91141641e+04  7.92140625e+04  7.93139609e+04  7.94138594e+04
  7.95137578e+04  7.96136562e+04  7.97135547e+04  7.98134531e+04
  7.99133516e+04  8.00132500e+04  8.01131484e+04  8.02130469e+04
  8.03129453e+04  8.04128438e+04  8.05127422e+04  8.06126406e+04
  8.07125391e+04  8.08124375e+04  8.09123359e+04  8.10122344e+04
  8.11121328e+04  8.12120312e+04  8.13119297e+04  8.14118281e+04
  8.15117266e+04  8.16116250e+04  8.17115234e+04  8.18114219e+04
  8.19113203e+04  8.20112188e+04  8.21111172e+04  8.22110156e+04
  8.23109141e+04  8.24108125e+04  8.25107109e+04  8.26106094e+04
  8.27105078e+04  8.28104062e+04  8.29103047e+04  8.30102031e+04
  8.31101016e+04  8.32100000e+04  8.33098984e+04  8.34097969e+04
  8.35096953e+04  8.36095938e+04  8.37094922e+04  8.38093906e+04
  8.39092891e+04  8.40091875e+04  8.41090859e+04  8.42089844e+04
  8.43088828e+04  8.44087812e+04  8.45086797e+04  8.46085781e+04
  8.47084766e+04  8.48083750e+04  8.49082734e+04  8.50081719e+04
  8.51080703e+04  8.52079688e+04  8.53078672e+04  8.54077656e+04
  8.55076641e+04  8.56075625e+04  8.57074609e+04  8.58073594e+04
  8.59072578e+04  8.60071562e+04  8.61070547e+04  8.62069531e+04
  8.63068516e+04  8.64067500e+04  8.65066484e+04  8.66065469e+04
  8.67064453e+04  8.68063438e+04  8.69062422e+04  8.70061406e+04
  8.71060391e+04  8.72059375e+04  8.73058359e+04  8.74057344e+04
  8.75056328e+04  8.76055312e+04  8.77054297e+04  8.78053281e+04
  8.79052266e+04  8.80051250e+04  8.81050234e+04  8.82049219e+04
  8.83048203e+04  8.84047188e+04  8.85046172e+04  8.86045156e+04
  8.87044141e+04  8.88043125e+04  8.89042109e+04  8.90041094e+04
  8.91040078e+04  8.92039062e+04  8.93038047e+04  8.94037031e+04
  8.95036016e+04  8.96035000e+04  8.97033984e+04  8.98032969e+04
  8.99031953e+04  9.00030938e+04  9.01029922e+04  9.02028906e+04
  9.03027891e+04  9.04026875e+04  9.05025859e+04  9.06024844e+04
  9.07023828e+04  9.08022812e+04  9.09021797e+04  9.10020781e+04
  9.11019766e+04  9.12018750e+04  9.13017734e+04  9.14016719e+04
  9.15015703e+04  9.16014688e+04  9.17013672e+04  9.18012656e+04
  9.19011641e+04  9.20010625e+04  9.21009609e+04  9.21008984e+04]
Execution time: 2.2878 seconds,Total True Reward = -43.9296
Execution time: 1.7155 seconds,Total True Reward = -56.5126
Execution time: 1.7162 seconds,Total True Reward = -64.7155
Execution time: 1.7142 seconds,Total True Reward = -71.1824
Execution time: 1.9967 seconds,Total True Reward = -72.9282
Execution time: 1.7226 seconds,Total True Reward = -75.0543
Execution time: 1.7079 seconds,Total True Reward = -50.3686
Execution time: 1.7236 seconds,Total True Reward = -76.6866
Execution time: 1.7245 seconds,Total True Reward = -74.8257
Execution time: 1.7340 seconds,Total True Reward = -76.4938
Execution time: 1.7271 seconds,Total True Reward = -79.7326
Execution time: 1.7333 seconds,Total True Reward = -78.3157
Execution time: 1.7331 seconds,Total True Reward = -80.0004
Execution time: 1.7332 seconds,Total True Reward = 9728.5452
Execution time: 1.7264 seconds,Total True Reward = 35850.1241
Execution time: 1.7294 seconds,Total True Reward = 45257.5765
Execution time: 1.7222 seconds,Total True Reward = 45057.6999
Execution time: 1.7347 seconds,Total True Reward = 28343.5877
Execution time: 1.7405 seconds,Total True Reward = 45558.2376
Execution time: 1.7359 seconds,Total True Reward = 45858.5476
Execution time: 1.7280 seconds,Total True Reward = 44256.6277
Execution time: 1.7411 seconds,Total True Reward = 52261.9857
Execution time: 2.1064 seconds,Total True Reward = 53263.1867
Execution time: 1.7235 seconds,Total True Reward = 45157.2878
Execution time: 1.7217 seconds,Total True Reward = -79.3408
Execution time: 1.7213 seconds,Total True Reward = 51160.3151
Execution time: 1.7334 seconds,Total True Reward = 8625.9429
Execution time: 1.7216 seconds,Total True Reward = 36049.1322
Execution time: 1.7258 seconds,Total True Reward = 18533.1291
Execution time: 2.2115 seconds,Total True Reward = -80.2626
Execution time: 1.7252 seconds,Total True Reward = 36247.8083
Execution time: 1.7247 seconds,Total True Reward = -79.0789
Execution time: 1.7141 seconds,Total True Reward = 19634.3742
Execution time: 1.7156 seconds,Total True Reward = 20034.2392
Execution time: 1.7288 seconds,Total True Reward = 15230.0044
Execution time: 1.7382 seconds,Total True Reward = 39549.4743
Execution time: 1.7260 seconds,Total True Reward = 40750.3936
Execution time: 2.2731 seconds,Total True Reward = 26139.2696
Execution time: 1.7220 seconds,Total True Reward = 25839.1211
Execution time: 1.7247 seconds,Total True Reward = -80.1237
Execution time: 1.7300 seconds,Total True Reward = -80.4305
Execution time: 1.7241 seconds,Total True Reward = 44453.7801
Execution time: 1.7247 seconds,Total True Reward = 27841.2498
Execution time: 1.7300 seconds,Total True Reward = 45054.0980
Execution time: 1.7397 seconds,Total True Reward = 44052.4692
Execution time: 1.7334 seconds,Total True Reward = 51358.3015
Execution time: 2.2471 seconds,Total True Reward = 43753.4455
Execution time: 1.7275 seconds,Total True Reward = 20534.9825
Execution time: 1.7239 seconds,Total True Reward = 17631.7020
Execution time: 1.7351 seconds,Total True Reward = 19633.2553
Execution time: 1.7419 seconds,Total True Reward = 9121.4249
Execution time: 1.7286 seconds,Total True Reward = -81.0689
Execution time: 1.7352 seconds,Total True Reward = 10324.8079
Execution time: 1.7399 seconds,Total True Reward = 43451.7149
Execution time: 1.7291 seconds,Total True Reward = 10725.6199
Execution time: 1.7279 seconds,Total True Reward = 25136.1233
Execution time: 2.3044 seconds,Total True Reward = 16229.6196
Execution time: 1.7400 seconds,Total True Reward = 45554.3943
Execution time: 1.7368 seconds,Total True Reward = 52058.4112
Execution time: 1.7340 seconds,Total True Reward = 12126.8065
Execution time: 1.7233 seconds,Total True Reward = 20434.6166
Execution time: 1.7339 seconds,Total True Reward = 16929.7317
Execution time: 1.7325 seconds,Total True Reward = 26738.4627
Execution time: 1.7293 seconds,Total True Reward = 62268.4941
Execution time: 1.7267 seconds,Total True Reward = 53360.3610
Execution time: 1.7403 seconds,Total True Reward = 45353.9513
Execution time: 1.7457 seconds,Total True Reward = 55362.3211
Execution time: 2.5176 seconds,Total True Reward = 37448.1559
Execution time: 1.7398 seconds,Total True Reward = 35745.0926
Execution time: 1.7373 seconds,Total True Reward = 53560.6979
Execution time: 1.7396 seconds,Total True Reward = 44753.6977
Execution time: 1.7332 seconds,Total True Reward = 62968.3818
Execution time: 1.7199 seconds,Total True Reward = 24238.9083
Execution time: 1.7330 seconds,Total True Reward = 62467.4464
Execution time: 1.7477 seconds,Total True Reward = 12327.1043
Execution time: 1.7174 seconds,Total True Reward = 54561.5450
Execution time: 1.7267 seconds,Total True Reward = 11928.2360
Execution time: 1.7131 seconds,Total True Reward = 60565.6474
Execution time: 1.7229 seconds,Total True Reward = 59564.3688
Execution time: 2.5799 seconds,Total True Reward = 69872.9360
Execution time: 1.7402 seconds,Total True Reward = 60965.7017
Execution time: 1.7318 seconds,Total True Reward = 60665.7005
Execution time: 1.7285 seconds,Total True Reward = 47755.4450
Execution time: 1.7231 seconds,Total True Reward = 57163.4913
Execution time: 1.7352 seconds,Total True Reward = 53260.0169
Execution time: 1.7273 seconds,Total True Reward = 53260.0417
Execution time: 1.7343 seconds,Total True Reward = 60965.7493
Execution time: 1.7347 seconds,Total True Reward = 68872.6194
Execution time: 1.7423 seconds,Total True Reward = 60665.6681
Execution time: 1.7371 seconds,Total True Reward = 60966.2206
Execution time: 1.7303 seconds,Total True Reward = 70373.7214
Execution time: 1.7371 seconds,Total True Reward = 70273.6938
Execution time: 1.7461 seconds,Total True Reward = 61466.1180
Execution time: 2.6864 seconds,Total True Reward = 61166.2893
Execution time: 1.7386 seconds,Total True Reward = 69473.0903
Execution time: 1.7308 seconds,Total True Reward = 60164.4693
Execution time: 1.7386 seconds,Total True Reward = 59964.6151
Execution time: 1.7225 seconds,Total True Reward = 58362.8224
Execution time: 1.7341 seconds,Total True Reward = 58463.3178
Execution time: 1.7468 seconds,Total True Reward = 58462.7679
Execution time: 1.7212 seconds,Total True Reward = 30141.3959
Execution time: 1.7357 seconds,Total True Reward = 56963.4207
Execution time: 1.7346 seconds,Total True Reward = 12728.6923
Execution time: 1.7336 seconds,Total True Reward = 21834.4482
Execution time: 1.7378 seconds,Total True Reward = 69171.7919
Execution time: 1.7290 seconds,Total True Reward = 77779.0547
Execution time: 1.7385 seconds,Total True Reward = 77779.0038
Execution time: 1.7396 seconds,Total True Reward = 68871.7832
Execution time: 2.7737 seconds,Total True Reward = 78080.0845
Execution time: 1.7324 seconds,Total True Reward = 61665.7388
Execution time: 1.7358 seconds,Total True Reward = 77678.4070
Execution time: 1.7389 seconds,Total True Reward = 77678.4080
Execution time: 1.7393 seconds,Total True Reward = 86185.6327
Execution time: 1.7440 seconds,Total True Reward = 77579.0498
Execution time: 1.7140 seconds,Total True Reward = 77578.9470
Execution time: 1.7285 seconds,Total True Reward = 58963.6831
Execution time: 1.7300 seconds,Total True Reward = 59263.8936
Execution time: 1.7303 seconds,Total True Reward = 69771.7531
Execution time: 1.7412 seconds,Total True Reward = 69771.7369
Execution time: 1.7418 seconds,Total True Reward = 69071.5445
Execution time: 1.7221 seconds,Total True Reward = 67069.9464
Execution time: 1.7300 seconds,Total True Reward = -79.3887
Execution time: 1.7313 seconds,Total True Reward = 77677.8491
Execution time: 1.7412 seconds,Total True Reward = 76376.6958
Execution time: 1.7401 seconds,Total True Reward = 76977.7200
Execution time: 2.9174 seconds,Total True Reward = 77377.7902
Execution time: 1.7307 seconds,Total True Reward = 76977.6344
Execution time: 1.7329 seconds,Total True Reward = 76977.5583
Execution time: 1.7289 seconds,Total True Reward = 76376.0937
Execution time: 1.7411 seconds,Total True Reward = 86585.0542
Execution time: 1.7263 seconds,Total True Reward = 86885.4155
Execution time: 1.7398 seconds,Total True Reward = 77077.3329
Execution time: 1.7187 seconds,Total True Reward = 77477.6282
Execution time: 1.7405 seconds,Total True Reward = 77377.6808
Execution time: 1.7349 seconds,Total True Reward = 77877.9642
Execution time: 1.7296 seconds,Total True Reward = 77877.8955
Execution time: 1.7389 seconds,Total True Reward = 77877.8180
Execution time: 1.7447 seconds,Total True Reward = 77877.7290
Execution time: 1.7352 seconds,Total True Reward = 78078.2012
Execution time: 1.7294 seconds,Total True Reward = 78078.1483
Execution time: 1.7261 seconds,Total True Reward = 87184.5633
Execution time: 1.7368 seconds,Total True Reward = 75174.3252
Execution time: 1.7334 seconds,Total True Reward = 75674.9111
Execution time: 1.7402 seconds,Total True Reward = 75174.0338
Execution time: 1.7231 seconds,Total True Reward = 75273.9103
Execution time: 1.7317 seconds,Total True Reward = 76274.6289
Execution time: 1.7459 seconds,Total True Reward = 76074.3929
Execution time: 1.7304 seconds,Total True Reward = 75373.5150
Execution time: 1.7550 seconds,Total True Reward = 76975.5500
Execution time: 1.7393 seconds,Total True Reward = 76674.9564
Execution time: 1.7321 seconds,Total True Reward = 74673.3260
Execution time: 1.7459 seconds,Total True Reward = 87182.7070
Execution time: 1.7466 seconds,Total True Reward = 87182.4603
Execution time: 1.7263 seconds,Total True Reward = 77074.3585
Execution time: 1.7373 seconds,Total True Reward = 77074.1449
Execution time: 1.7367 seconds,Total True Reward = 77073.9465
Execution time: 1.7404 seconds,Total True Reward = 76973.7713
Execution time: 1.7395 seconds,Total True Reward = 77073.9984
Execution time: 1.7455 seconds,Total True Reward = 85279.4105
Execution time: 1.7315 seconds,Total True Reward = 85279.1301
Execution time: 1.7437 seconds,Total True Reward = 76873.0296
Execution time: 1.7453 seconds,Total True Reward = 84778.2482
Execution time: 1.7355 seconds,Total True Reward = 83676.9871
Execution time: 1.7374 seconds,Total True Reward = 83876.8728
Execution time: 3.2168 seconds,Total True Reward = 85778.2730
Execution time: 1.7360 seconds,Total True Reward = 85777.7044
Execution time: 1.7539 seconds,Total True Reward = 85577.1643
Execution time: 1.7277 seconds,Total True Reward = 87178.1514
Execution time: 1.7375 seconds,Total True Reward = 77170.8687
Execution time: 1.7270 seconds,Total True Reward = -73.8008
Execution time: 1.7261 seconds,Total True Reward = 77269.8866
Execution time: 1.7339 seconds,Total True Reward = 83573.8313
Execution time: 1.7365 seconds,Total True Reward = 87177.1330
Execution time: 1.7264 seconds,Total True Reward = 76969.3656
Execution time: 1.7339 seconds,Total True Reward = 85174.8813
Execution time: 1.7387 seconds,Total True Reward = 86675.4219
Execution time: 1.7291 seconds,Total True Reward = 85674.2438
Execution time: 1.7284 seconds,Total True Reward = 68163.7347
Execution time: 1.7411 seconds,Total True Reward = 12426.7271
Execution time: 1.7429 seconds,Total True Reward = 86474.4417
Execution time: 1.7425 seconds,Total True Reward = 86074.3110
Execution time: 1.7547 seconds,Total True Reward = 86974.8350
Execution time: 1.7460 seconds,Total True Reward = 86473.8932
Execution time: 1.7427 seconds,Total True Reward = 86072.7422
Execution time: 1.7367 seconds,Total True Reward = 84972.0191
Execution time: 1.7439 seconds,Total True Reward = 55754.6263
Execution time: 1.7387 seconds,Total True Reward = 86672.5673
Execution time: 1.7336 seconds,Total True Reward = 85771.7541
Execution time: 1.7458 seconds,Total True Reward = 76265.3813
Execution time: 1.7196 seconds,Total True Reward = 87272.9651
Execution time: 1.7411 seconds,Total True Reward = 76865.8118
Execution time: 1.7248 seconds,Total True Reward = 78666.5392
Execution time: 1.7460 seconds,Total True Reward = 68861.2960
Execution time: 1.7331 seconds,Total True Reward = 86171.7786
Execution time: 1.7481 seconds,Total True Reward = 88272.0148
Execution time: 1.7366 seconds,Total True Reward = 54950.4994
Execution time: 1.7140 seconds,Total True Reward = 90874.0769
Execution time: 1.7349 seconds,Total True Reward = 92274.8567
Execution time: 1.7489 seconds,Total True Reward = 76665.8421
Execution time: 1.7422 seconds,Total True Reward = 90574.0014
Execution time: 1.7434 seconds,Total True Reward = 76766.7199
Execution time: 1.7379 seconds,Total True Reward = 86171.5605
Execution time: 1.7337 seconds,Total True Reward = 91274.5825
Execution time: 1.7372 seconds,Total True Reward = 80872.9467
Execution time: 1.7398 seconds,Total True Reward = 62763.1367
Execution time: 1.7417 seconds,Total True Reward = 82574.0206
Execution time: 1.7297 seconds,Total True Reward = 79472.0508
Execution time: 1.7332 seconds,Total True Reward = 68378.5269
Execution time: 1.7470 seconds,Total True Reward = 83875.2345
Execution time: 1.7460 seconds,Total True Reward = 90774.1661
Execution time: 1.7226 seconds,Total True Reward = 82674.1716
Execution time: 1.7307 seconds,Total True Reward = -0.0246
Execution time: 1.7415 seconds,Total True Reward = 92575.0892
Execution time: 1.7318 seconds,Total True Reward = 92276.3569
Execution time: 1.7378 seconds,Total True Reward = 92476.5802
Execution time: 1.7399 seconds,Total True Reward = 92476.0684
Execution time: 1.7417 seconds,Total True Reward = 92676.0155
Execution time: 1.7461 seconds,Total True Reward = 92675.9438
Execution time: 1.7266 seconds,Total True Reward = 92675.8092
Execution time: 1.7428 seconds,Total True Reward = 92675.6947
Execution time: 1.7292 seconds,Total True Reward = 92475.4761
Execution time: 1.7489 seconds,Total True Reward = 92575.3566
Execution time: 1.7311 seconds,Total True Reward = 92575.2230
Execution time: 1.7396 seconds,Total True Reward = 92575.0763
Execution time: 1.7229 seconds,Total True Reward = 92374.8702
Execution time: 1.7317 seconds,Total True Reward = 92474.7386
Execution time: 1.7341 seconds,Total True Reward = 92774.7430
Execution time: 1.7193 seconds,Total True Reward = 92574.4666
Execution time: 1.7421 seconds,Total True Reward = 92374.2507
Execution time: 1.7333 seconds,Total True Reward = 92674.3991
Execution time: 1.7385 seconds,Total True Reward = 92273.9757
Execution time: 1.7376 seconds,Total True Reward = 92574.5240
Execution time: 1.7337 seconds,Total True Reward = 91873.9480
Execution time: 1.7348 seconds,Total True Reward = 87871.4226
Execution time: 1.7358 seconds,Total True Reward = 91973.7945
Execution time: 1.7214 seconds,Total True Reward = 89772.2439
Execution time: 1.7297 seconds,Total True Reward = 90972.4128
Execution time: 1.7360 seconds,Total True Reward = 90672.1076
Execution time: 1.7299 seconds,Total True Reward = 87069.9002
Execution time: 1.7403 seconds,Total True Reward = 75962.2815
Execution time: 3.7734 seconds,Total True Reward = 71860.6860
Execution time: 1.7318 seconds,Total True Reward = 91171.7476
Execution time: 1.7449 seconds,Total True Reward = 90471.2887
Execution time: 1.7537 seconds,Total True Reward = 87369.6807
Execution time: 1.7417 seconds,Total True Reward = 84467.3968
Execution time: 1.7257 seconds,Total True Reward = 69860.8088
Execution time: 1.7412 seconds,Total True Reward = 61455.7347
Execution time: 1.7438 seconds,Total True Reward = 89971.6281
Execution time: 1.7332 seconds,Total True Reward = 88971.1217
Execution time: 1.7426 seconds,Total True Reward = 89671.7426
Execution time: 1.7221 seconds,Total True Reward = 91173.6846
Execution time: 1.7391 seconds,Total True Reward = 91073.5422
Execution time: 1.7390 seconds,Total True Reward = 76865.9154
Execution time: 1.7438 seconds,Total True Reward = 76264.1747
Execution time: 1.7360 seconds,Total True Reward = 71362.1457
Execution time: 1.7344 seconds,Total True Reward = 88471.5015
Execution time: 1.7500 seconds,Total True Reward = 91073.2217
Execution time: 1.7544 seconds,Total True Reward = 90772.5720
Execution time: 1.7508 seconds,Total True Reward = 57773.3505
Execution time: 1.7483 seconds,Total True Reward = 91573.4865
Execution time: 2.1079 seconds,Total True Reward = 76865.5640
Execution time: 1.6984 seconds,Total True Reward = 91373.5762
Execution time: 1.6999 seconds,Total True Reward = 91573.5430
Execution time: 1.7008 seconds,Total True Reward = 90573.2579
Execution time: 1.7113 seconds,Total True Reward = 76763.9099
Execution time: 1.6989 seconds,Total True Reward = 66476.2179
Execution time: 1.7013 seconds,Total True Reward = 89772.0235
Execution time: 1.6997 seconds,Total True Reward = 90672.4805
Execution time: 1.6988 seconds,Total True Reward = 88771.4452
Execution time: 1.6944 seconds,Total True Reward = 88671.1941
Execution time: 1.6904 seconds,Total True Reward = 58571.7984
Execution time: 3.8476 seconds,Total True Reward = 89871.8588
Execution time: 1.6982 seconds,Total True Reward = 80467.4231
Execution time: 1.6901 seconds,Total True Reward = 89271.5799
Execution time: 1.8607 seconds,Total True Reward = 90172.2045
Execution time: 1.7867 seconds,Total True Reward = 90872.4955
Execution time: 1.8049 seconds,Total True Reward = 73970.7508
Execution time: 1.8245 seconds,Total True Reward = 78165.2440
Execution time: 1.8133 seconds,Total True Reward = 58673.5930
Execution time: 1.7562 seconds,Total True Reward = 91472.9467
Execution time: 1.7750 seconds,Total True Reward = 89971.9162
Execution time: 1.7762 seconds,Total True Reward = 91572.9557
Execution time: 1.7737 seconds,Total True Reward = 91572.7845
Execution time: 1.7928 seconds,Total True Reward = 91272.5958
Execution time: 1.7463 seconds,Total True Reward = 90471.9893
Execution time: 1.7965 seconds,Total True Reward = 58672.6933
Execution time: 1.8088 seconds,Total True Reward = 91172.7143
Execution time: 1.7887 seconds,Total True Reward = 91372.8378
Execution time: 1.7860 seconds,Total True Reward = 91472.7584
Execution time: 1.7713 seconds,Total True Reward = 85368.9859
Execution time: 1.7803 seconds,Total True Reward = 91472.5352
Execution time: 1.7723 seconds,Total True Reward = 91072.0992
Execution time: 1.7450 seconds,Total True Reward = 81568.3774
Execution time: 1.8015 seconds,Total True Reward = 47781.8079
Execution time: 1.8028 seconds,Total True Reward = 91772.8598
Execution time: 1.7831 seconds,Total True Reward = 92073.2458
Execution time: 1.7916 seconds,Total True Reward = 92773.2278
Execution time: 1.7739 seconds,Total True Reward = 92372.6909
Execution time: 1.8191 seconds,Total True Reward = 92272.5760
Execution time: 1.7942 seconds,Total True Reward = 91872.4829
Execution time: 1.7756 seconds,Total True Reward = 92172.1237
Execution time: 1.7843 seconds,Total True Reward = 90971.0639
Execution time: 1.7845 seconds,Total True Reward = 81967.3231
Execution time: 1.7521 seconds,Total True Reward = 86768.8041
Execution time: 1.7972 seconds,Total True Reward = 81768.3524
Execution time: 4.2287 seconds,Total True Reward = 80968.5102
Execution time: 1.8056 seconds,Total True Reward = 91572.9716
Execution time: 1.7563 seconds,Total True Reward = 91072.7390
Execution time: 1.7765 seconds,Total True Reward = 90972.6560
Execution time: 1.7862 seconds,Total True Reward = 89271.3255
Execution time: 1.8053 seconds,Total True Reward = 74269.4375
Execution time: 1.7581 seconds,Total True Reward = 90572.6804
Execution time: 1.7929 seconds,Total True Reward = 91472.8833
Execution time: 1.7916 seconds,Total True Reward = 91073.0286
Execution time: 1.8192 seconds,Total True Reward = 81169.0886
Execution time: 1.7745 seconds,Total True Reward = 74071.1583
Execution time: 1.7967 seconds,Total True Reward = 91172.9531
Execution time: 1.7793 seconds,Total True Reward = 91472.9030
Execution time: 1.8027 seconds,Total True Reward = 91173.0847
Execution time: 1.8161 seconds,Total True Reward = 84174.1601
Execution time: 1.8177 seconds,Total True Reward = 89972.4770
Execution time: 1.7720 seconds,Total True Reward = 80868.3392
Execution time: 1.7922 seconds,Total True Reward = 90572.6015
Execution time: 1.7923 seconds,Total True Reward = 84074.0803
Execution time: 1.7948 seconds,Total True Reward = 90072.3290
Execution time: 1.8124 seconds,Total True Reward = 91172.8711
Execution time: 1.7470 seconds,Total True Reward = 90672.4368
Execution time: 1.8059 seconds,Total True Reward = 75370.1114
Execution time: 1.7945 seconds,Total True Reward = 81069.4866
Execution time: 1.7969 seconds,Total True Reward = 91172.6307
Execution time: 1.7697 seconds,Total True Reward = 91273.2588
Execution time: 1.8007 seconds,Total True Reward = 91573.0196
Execution time: 1.8007 seconds,Total True Reward = 82073.1044
Execution time: 1.8161 seconds,Total True Reward = 90972.5625
Execution time: 1.7752 seconds,Total True Reward = 90872.9759
Execution time: 1.8129 seconds,Total True Reward = 90972.6545
Execution time: 1.7921 seconds,Total True Reward = 83674.3405
Execution time: 1.7933 seconds,Total True Reward = 90772.7885
Execution time: 1.7621 seconds,Total True Reward = 90472.4741
Execution time: 1.7729 seconds,Total True Reward = 89671.6000
Execution time: 1.7897 seconds,Total True Reward = 81068.6541
Execution time: 1.7777 seconds,Total True Reward = 90972.8402
Execution time: 1.7987 seconds,Total True Reward = 90972.9945
Execution time: 4.5239 seconds,Total True Reward = 89472.3644
Execution time: 1.7801 seconds,Total True Reward = 90772.9609
Execution time: 1.7957 seconds,Total True Reward = 81868.7157
Execution time: 1.7712 seconds,Total True Reward = 91072.7959
Execution time: 1.8065 seconds,Total True Reward = 90673.1540
Execution time: 1.8094 seconds,Total True Reward = 90773.0102
Execution time: 1.7883 seconds,Total True Reward = 90973.0982
Execution time: 1.7977 seconds,Total True Reward = 91072.8816
Execution time: 1.7782 seconds,Total True Reward = 81869.1670
Execution time: 1.8047 seconds,Total True Reward = 90772.8678
Execution time: 1.7852 seconds,Total True Reward = 90873.1715
Execution time: 1.7731 seconds,Total True Reward = 91073.1454
Execution time: 1.8175 seconds,Total True Reward = 90672.9295
Execution time: 1.7721 seconds,Total True Reward = 76866.0385
Execution time: 1.7950 seconds,Total True Reward = 90673.0439
Execution time: 1.8036 seconds,Total True Reward = 90673.2366
Execution time: 1.7923 seconds,Total True Reward = 90973.0737
Execution time: 1.8119 seconds,Total True Reward = 90973.2436
Execution time: 1.8077 seconds,Total True Reward = 81768.9336
Execution time: 1.6929 seconds,Total True Reward = 90773.0507
Execution time: 1.6918 seconds,Total True Reward = 90773.1918
Execution time: 1.6935 seconds,Total True Reward = 90773.1484
Execution time: 1.6948 seconds,Total True Reward = 90872.9149
Execution time: 1.6788 seconds,Total True Reward = 92272.3558
Execution time: 1.7765 seconds,Total True Reward = 81469.7280
Execution time: 1.8040 seconds,Total True Reward = 90272.6466
Execution time: 1.7944 seconds,Total True Reward = 90773.1284
Execution time: 1.7888 seconds,Total True Reward = 91173.1261
Execution time: 1.7948 seconds,Total True Reward = 90172.7293
Execution time: 1.7771 seconds,Total True Reward = 88171.2640
Execution time: 1.8188 seconds,Total True Reward = 90172.3757
Execution time: 1.8306 seconds,Total True Reward = 90972.8351
Execution time: 1.7986 seconds,Total True Reward = 90973.0000
Execution time: 1.7694 seconds,Total True Reward = 84174.4262
Execution time: 1.7991 seconds,Total True Reward = 92272.1328
Execution time: 1.7791 seconds,Total True Reward = 92172.2146
Execution time: 1.8017 seconds,Total True Reward = 75564.4112
Execution time: 1.7705 seconds,Total True Reward = 75165.4935
Execution time: 1.7947 seconds,Total True Reward = 90673.0957
Execution time: 1.7639 seconds,Total True Reward = 83874.7756
Execution time: 1.7873 seconds,Total True Reward = 91173.6562
Execution time: 1.7472 seconds,Total True Reward = 90673.3590
Execution time: 4.8192 seconds,Total True Reward = 91073.3491
Execution time: 1.7966 seconds,Total True Reward = 91973.2838
Execution time: 1.8062 seconds,Total True Reward = 90571.8058
Execution time: 1.8129 seconds,Total True Reward = 91972.2644
Execution time: 1.8123 seconds,Total True Reward = 81369.7405
Execution time: 1.8312 seconds,Total True Reward = 89171.7044
Execution time: 1.8127 seconds,Total True Reward = 91073.2003
Execution time: 1.7484 seconds,Total True Reward = 90873.2856
Execution time: 1.8045 seconds,Total True Reward = 92272.3693
Execution time: 1.8055 seconds,Total True Reward = 80767.8890
Execution time: 1.7931 seconds,Total True Reward = 90172.9946
Execution time: 1.7894 seconds,Total True Reward = 90973.3578
Execution time: 1.8043 seconds,Total True Reward = 91772.6108
Execution time: 1.7859 seconds,Total True Reward = 91472.0773
Execution time: 1.7881 seconds,Total True Reward = 91071.7485
Execution time: 1.7920 seconds,Total True Reward = 83273.9731
Execution time: 1.8145 seconds,Total True Reward = 91972.5971
Execution time: 1.8063 seconds,Total True Reward = 92572.7914
Execution time: 1.7900 seconds,Total True Reward = 92872.7757
Execution time: 1.7897 seconds,Total True Reward = 82669.4234
Execution time: 1.8014 seconds,Total True Reward = 91472.3870
Execution time: 1.8091 seconds,Total True Reward = 89672.9972
Execution time: 1.7955 seconds,Total True Reward = 90472.9124
Execution time: 1.8009 seconds,Total True Reward = 81367.5005
Execution time: 1.8166 seconds,Total True Reward = 89672.1606
Execution time: 1.7846 seconds,Total True Reward = 84074.5424
Execution time: 1.7975 seconds,Total True Reward = 91272.4432
Execution time: 1.8125 seconds,Total True Reward = 92873.0956
Execution time: 1.7812 seconds,Total True Reward = 92573.1104
Execution time: 1.8185 seconds,Total True Reward = 91972.7192
Execution time: 1.8242 seconds,Total True Reward = 91772.9494
Execution time: 1.8146 seconds,Total True Reward = 91572.7153
Execution time: 1.7849 seconds,Total True Reward = 90671.8207
Execution time: 1.7072 seconds,Total True Reward = 91672.4074
Execution time: 1.6979 seconds,Total True Reward = 83473.8011
Execution time: 1.7053 seconds,Total True Reward = 91972.9414
Execution time: 1.7053 seconds,Total True Reward = 92472.7918
Execution time: 1.6941 seconds,Total True Reward = 83069.0185
Execution time: 1.6878 seconds,Total True Reward = 78365.1804
Execution time: 1.6953 seconds,Total True Reward = 91073.5564
Execution time: 1.6951 seconds,Total True Reward = 91373.3880
Execution time: 1.6799 seconds,Total True Reward = 91273.5669
Execution time: 1.6908 seconds,Total True Reward = 91372.4569
Execution time: 1.7033 seconds,Total True Reward = 92272.2517
Execution time: 1.7019 seconds,Total True Reward = 83774.2463
Execution time: 1.7047 seconds,Total True Reward = 91272.3376
Execution time: 1.6943 seconds,Total True Reward = 92672.6333
Execution time: 5.2153 seconds,Total True Reward = 90771.8313
Execution time: 1.7030 seconds,Total True Reward = 82269.0015
Execution time: 1.6884 seconds,Total True Reward = 91373.2260
Execution time: 1.6874 seconds,Total True Reward = 91872.7265
Execution time: 1.7010 seconds,Total True Reward = 88470.6945
Execution time: 1.6962 seconds,Total True Reward = 90771.8722
Execution time: 1.6932 seconds,Total True Reward = 91072.2141
Execution time: 1.6928 seconds,Total True Reward = 83374.5717
Execution time: 1.7006 seconds,Total True Reward = 91772.9768
Execution time: 1.6927 seconds,Total True Reward = 92472.9342
Execution time: 1.6919 seconds,Total True Reward = 92872.7904
Execution time: 1.7020 seconds,Total True Reward = 91272.7299
Execution time: 1.6969 seconds,Total True Reward = 81169.6489
Execution time: 1.6887 seconds,Total True Reward = 91372.4601
Execution time: 1.6783 seconds,Total True Reward = 90472.4610
Execution time: 1.6951 seconds,Total True Reward = 91673.1640
Execution time: 1.6931 seconds,Total True Reward = 91272.8163
Execution time: 1.6781 seconds,Total True Reward = 91672.7103
Execution time: 1.7016 seconds,Total True Reward = 88170.3746
Execution time: 1.7066 seconds,Total True Reward = 90872.1315
Execution time: 1.6966 seconds,Total True Reward = 81468.9171
Execution time: 1.6992 seconds,Total True Reward = 92073.0747
Execution time: 1.6981 seconds,Total True Reward = 92173.4984
Execution time: 1.6953 seconds,Total True Reward = 83975.1632
Execution time: 1.6986 seconds,Total True Reward = 92573.4801
Execution time: 1.6829 seconds,Total True Reward = 92272.8839
Execution time: 1.6873 seconds,Total True Reward = 92873.0501
Execution time: 1.6989 seconds,Total True Reward = 91872.8561
Execution time: 1.7002 seconds,Total True Reward = 91973.4516
Execution time: 1.6959 seconds,Total True Reward = 83674.5531
Execution time: 1.6896 seconds,Total True Reward = 15131.0989
Execution time: 1.6976 seconds,Total True Reward = 92373.2047
Execution time: 1.7039 seconds,Total True Reward = 56181.6508
Execution time: 1.6839 seconds,Total True Reward = 92874.7398
Execution time: 1.6727 seconds,Total True Reward = 92774.8974
Execution time: 1.6931 seconds,Total True Reward = 92874.5151
Execution time: 1.6982 seconds,Total True Reward = 92474.0740
Execution time: 1.6776 seconds,Total True Reward = 92873.8304
Execution time: 1.6997 seconds,Total True Reward = 92873.5002
Execution time: 1.6923 seconds,Total True Reward = 92673.0665
Execution time: 1.6948 seconds,Total True Reward = 92872.8429
Execution time: 1.6920 seconds,Total True Reward = 92272.8987
Execution time: 1.6939 seconds,Total True Reward = 92772.7705
Execution time: 1.7006 seconds,Total True Reward = 91972.8913
Execution time: 1.6936 seconds,Total True Reward = 91872.3475
Execution time: 1.6792 seconds,Total True Reward = 91771.9315
Execution time: 1.6936 seconds,Total True Reward = 91972.3089
Execution time: 1.6877 seconds,Total True Reward = 91972.1147
Execution time: 1.6966 seconds,Total True Reward = 91893.3412
Execution time: 1.7021 seconds,Total True Reward = -0.0249
Execution time: 1.6986 seconds,Total True Reward = 91793.5275
Execution time: 1.7007 seconds,Total True Reward = 91993.6725
Execution time: 5.7075 seconds,Total True Reward = 91893.4085
Execution time: 1.7114 seconds,Total True Reward = 55193.4036
Execution time: 1.7043 seconds,Total True Reward = -0.0247
Execution time: 1.7077 seconds,Total True Reward = 91693.4567
Execution time: 1.7010 seconds,Total True Reward = 91893.7019
Execution time: 1.6828 seconds,Total True Reward = 91893.4755
Execution time: 1.6939 seconds,Total True Reward = -0.0249
Execution time: 1.6914 seconds,Total True Reward = 91893.7538
Execution time: 1.6976 seconds,Total True Reward = 91993.8772
Execution time: 1.6980 seconds,Total True Reward = 91592.9329
Execution time: 1.6814 seconds,Total True Reward = 56093.7529
Execution time: 1.6862 seconds,Total True Reward = -0.0247
Execution time: 1.6956 seconds,Total True Reward = 91893.4287
Execution time: 1.7031 seconds,Total True Reward = 91893.7294
Execution time: 1.6996 seconds,Total True Reward = 91793.2785
Execution time: 1.7031 seconds,Total True Reward = 55493.7100
Execution time: 1.6985 seconds,Total True Reward = -0.0247
Execution time: 1.6978 seconds,Total True Reward = 91893.5425
Execution time: 1.7016 seconds,Total True Reward = 92093.7346
Execution time: 1.6846 seconds,Total True Reward = 91793.3261
Execution time: 1.6867 seconds,Total True Reward = 75694.0077
Execution time: 1.6898 seconds,Total True Reward = 47893.4641
Execution time: 1.7008 seconds,Total True Reward = -0.0247
Execution time: 1.7008 seconds,Total True Reward = 91793.6020
Execution time: 1.6866 seconds,Total True Reward = 91793.2422
Execution time: 1.6835 seconds,Total True Reward = 91693.4797
Execution time: 1.6946 seconds,Total True Reward = 55793.9989
Execution time: 1.6900 seconds,Total True Reward = 47993.7993
Execution time: 1.6950 seconds,Total True Reward = -0.0247
Execution time: 1.6989 seconds,Total True Reward = 91493.4741
Execution time: 1.6791 seconds,Total True Reward = 91393.2284
Execution time: 1.6950 seconds,Total True Reward = 91793.3845
Execution time: 1.6867 seconds,Total True Reward = 55594.2311
Execution time: 1.6963 seconds,Total True Reward = 47794.0773
Execution time: 1.6958 seconds,Total True Reward = -0.0247
Execution time: 1.6957 seconds,Total True Reward = 91693.4148
Execution time: 1.6950 seconds,Total True Reward = 91693.4001
Execution time: 1.6934 seconds,Total True Reward = 91693.4934
Execution time: 1.7039 seconds,Total True Reward = 68393.9799
Execution time: 1.6894 seconds,Total True Reward = 47794.2443
Execution time: 1.6997 seconds,Total True Reward = -0.0247
Execution time: 1.7187 seconds,Total True Reward = 83194.1728
Execution time: 1.7089 seconds,Total True Reward = 91693.2565
Execution time: 1.6852 seconds,Total True Reward = 91593.1088
Execution time: 1.6964 seconds,Total True Reward = 82893.5681
Execution time: 1.7131 seconds,Total True Reward = 47593.6839
Execution time: 1.7190 seconds,Total True Reward = -0.0247
Execution time: 1.7025 seconds,Total True Reward = 91693.5245
Execution time: 1.7013 seconds,Total True Reward = 91793.6645
Execution time: 1.7099 seconds,Total True Reward = 91593.2933
Execution time: 1.7098 seconds,Total True Reward = 83894.0308
Execution time: 1.7034 seconds,Total True Reward = 55594.6749
Execution time: 1.7124 seconds,Total True Reward = -0.0251
Execution time: 1.7031 seconds,Total True Reward = 91593.4668
Execution time: 1.6970 seconds,Total True Reward = 81788.2875
Execution time: 1.7091 seconds,Total True Reward = -0.0247
Execution time: 1.6968 seconds,Total True Reward = -0.0247
Execution time: 1.7229 seconds,Total True Reward = 47394.6873
Execution time: 1.7021 seconds,Total True Reward = 91094.0511
Execution time: 1.7048 seconds,Total True Reward = 83993.7879
Execution time: 1.6951 seconds,Total True Reward = 83694.3705
Execution time: 1.7120 seconds,Total True Reward = 47393.9372
Execution time: 1.7010 seconds,Total True Reward = -0.0247
Execution time: 1.6863 seconds,Total True Reward = 83993.7128
Execution time: 1.7008 seconds,Total True Reward = 81788.3911
Execution time: 1.6979 seconds,Total True Reward = -0.0247
Execution time: 1.6988 seconds,Total True Reward = -0.0247
Execution time: 1.7044 seconds,Total True Reward = 47293.8381
Execution time: 1.6885 seconds,Total True Reward = 91494.0458
Execution time: 1.6998 seconds,Total True Reward = 83794.1206
Execution time: 1.7088 seconds,Total True Reward = 55394.6065
Execution time: 1.6887 seconds,Total True Reward = 47594.3320
Execution time: 1.6958 seconds,Total True Reward = -0.0247
Execution time: 1.6834 seconds,Total True Reward = 73587.9489
Execution time: 1.6912 seconds,Total True Reward = -0.0247
Execution time: 1.6919 seconds,Total True Reward = -0.0247
Execution time: 1.7058 seconds,Total True Reward = 74289.1926
Execution time: 1.7076 seconds,Total True Reward = -0.0247
Execution time: 1.7029 seconds,Total True Reward = -0.0247
Execution time: 1.7091 seconds,Total True Reward = 81089.2418
Execution time: 1.7051 seconds,Total True Reward = 47894.2209
Execution time: 1.7054 seconds,Total True Reward = -0.0247
Execution time: 1.7018 seconds,Total True Reward = -0.0247
Execution time: 1.6934 seconds,Total True Reward = 89894.5421
Execution time: 1.7064 seconds,Total True Reward = 81789.6524
Execution time: 1.6882 seconds,Total True Reward = -0.0247
Execution time: 1.6913 seconds,Total True Reward = -0.0247
Execution time: 1.6892 seconds,Total True Reward = 83394.4996
Execution time: 1.6954 seconds,Total True Reward = 91294.2192
Execution time: 1.6880 seconds,Total True Reward = 81690.2916
Execution time: 1.6945 seconds,Total True Reward = -0.0247
Execution time: 1.6956 seconds,Total True Reward = -0.0247
Execution time: 1.6913 seconds,Total True Reward = 90194.2840
Execution time: 1.6962 seconds,Total True Reward = 81188.9421
Execution time: 1.6818 seconds,Total True Reward = -0.0247
Execution time: 1.7007 seconds,Total True Reward = -0.0247
Execution time: 1.6975 seconds,Total True Reward = 89894.5990
Execution time: 1.7010 seconds,Total True Reward = 91394.2735
Execution time: 1.6926 seconds,Total True Reward = 91194.3314
Execution time: 1.7015 seconds,Total True Reward = 89994.8606
Execution time: 1.7030 seconds,Total True Reward = 83395.0903
Execution time: 1.7019 seconds,Total True Reward = 55194.6953
Execution time: 1.6883 seconds,Total True Reward = 47794.3588
Execution time: 1.6993 seconds,Total True Reward = 47794.3188
Execution time: 1.6916 seconds,Total True Reward = 47794.4810
Execution time: 1.6967 seconds,Total True Reward = 47794.4966
Execution time: 1.7055 seconds,Total True Reward = 47794.4273
Execution time: 1.6990 seconds,Total True Reward = 47794.3680
Execution time: 1.7003 seconds,Total True Reward = 47794.3302
Execution time: 1.6952 seconds,Total True Reward = 47394.0918
Execution time: 1.6924 seconds,Total True Reward = 47794.3553
Execution time: 1.6944 seconds,Total True Reward = 47694.4272
Execution time: 1.6865 seconds,Total True Reward = 47494.4109
Execution time: 1.6812 seconds,Total True Reward = 47394.6501
Execution time: 1.6901 seconds,Total True Reward = 47694.6609
Execution time: 1.6919 seconds,Total True Reward = 47894.5118
Execution time: 1.6996 seconds,Total True Reward = 47794.4146
Execution time: 1.6997 seconds,Total True Reward = 47694.6872
Execution time: 1.6812 seconds,Total True Reward = 47694.6697
Execution time: 1.7007 seconds,Total True Reward = 47494.3774
Execution time: 6.6666 seconds,Total True Reward = 47494.7404
Execution time: 1.6911 seconds,Total True Reward = 47394.5972
Execution time: 1.6921 seconds,Total True Reward = 47794.6498
Execution time: 1.6923 seconds,Total True Reward = 54995.2185
Execution time: 1.6874 seconds,Total True Reward = 47494.4229
Execution time: 1.7028 seconds,Total True Reward = 47794.5806
Execution time: 1.7024 seconds,Total True Reward = 47494.4061
Execution time: 1.6945 seconds,Total True Reward = 47494.3852
Execution time: 1.6975 seconds,Total True Reward = 55094.9769
Execution time: 1.6853 seconds,Total True Reward = 47295.2994
Execution time: 1.6996 seconds,Total True Reward = 47794.5286
Execution time: 1.7338 seconds,Total True Reward = 47294.6873
Execution time: 1.7014 seconds,Total True Reward = 47794.6466
Execution time: 1.7012 seconds,Total True Reward = 55294.4976
Execution time: 1.7062 seconds,Total True Reward = 74391.0188
Execution time: 1.6919 seconds,Total True Reward = -0.0247
Execution time: 1.6790 seconds,Total True Reward = -0.0247
Execution time: 1.7009 seconds,Total True Reward = 73790.3014
Execution time: 1.6897 seconds,Total True Reward = -0.0247
Execution time: 1.6911 seconds,Total True Reward = -0.0247
Execution time: 1.6982 seconds,Total True Reward = 71585.4738
Execution time: 1.6973 seconds,Total True Reward = -0.0247
Execution time: 1.6913 seconds,Total True Reward = -0.0247
Execution time: 1.6911 seconds,Total True Reward = -0.0247
Execution time: 1.6825 seconds,Total True Reward = -0.0247
Execution time: 1.7032 seconds,Total True Reward = 90294.6917
Execution time: 1.7089 seconds,Total True Reward = 71586.4440
Execution time: 1.7188 seconds,Total True Reward = -0.0247
Execution time: 1.7032 seconds,Total True Reward = -0.0247
Execution time: 1.7258 seconds,Total True Reward = -0.0247
Execution time: 1.7003 seconds,Total True Reward = -0.0247
Execution time: 1.7097 seconds,Total True Reward = -0.0249
Execution time: 1.7140 seconds,Total True Reward = 28567.2591
Execution time: 1.7066 seconds,Total True Reward = -0.0247
Execution time: 1.6963 seconds,Total True Reward = -0.0247
Execution time: 1.6939 seconds,Total True Reward = -0.0247
Execution time: 1.6948 seconds,Total True Reward = -0.0247
Execution time: 1.6919 seconds,Total True Reward = -0.0247
Execution time: 1.6909 seconds,Total True Reward = -0.0247
Execution time: 1.6845 seconds,Total True Reward = -0.0247
Execution time: 1.6879 seconds,Total True Reward = -0.0247
Execution time: 1.6922 seconds,Total True Reward = -0.0247
Execution time: 1.6911 seconds,Total True Reward = -0.0247
Execution time: 1.6908 seconds,Total True Reward = -0.0247
Execution time: 1.6821 seconds,Total True Reward = -0.0247
Execution time: 1.6959 seconds,Total True Reward = -0.0247
Execution time: 1.6959 seconds,Total True Reward = -0.0247
Execution time: 1.6960 seconds,Total True Reward = -0.0247
Execution time: 1.7071 seconds,Total True Reward = -0.0247
Execution time: 1.6945 seconds,Total True Reward = -0.0247
Execution time: 1.7059 seconds,Total True Reward = -0.0247
Execution time: 1.6958 seconds,Total True Reward = -0.0247
Execution time: 1.7003 seconds,Total True Reward = -0.0247
Execution time: 1.6879 seconds,Total True Reward = -0.0247
Execution time: 1.6993 seconds,Total True Reward = -0.0247
Execution time: 1.6928 seconds,Total True Reward = -0.0247
Execution time: 1.7075 seconds,Total True Reward = -0.0247
Execution time: 1.6966 seconds,Total True Reward = -0.0247
Execution time: 1.6964 seconds,Total True Reward = -0.0247
Execution time: 1.6940 seconds,Total True Reward = -0.0247
Execution time: 1.7045 seconds,Total True Reward = -0.0247
Execution time: 1.6998 seconds,Total True Reward = -0.0247
Execution time: 1.6989 seconds,Total True Reward = -0.0247
Execution time: 1.7018 seconds,Total True Reward = -0.0247
Execution time: 1.7089 seconds,Total True Reward = -0.0247
Execution time: 1.6897 seconds,Total True Reward = -0.0247
Execution time: 1.6962 seconds,Total True Reward = -0.0247
Execution time: 1.6902 seconds,Total True Reward = -0.0247
Execution time: 1.6852 seconds,Total True Reward = -0.0247
Execution time: 1.6931 seconds,Total True Reward = -0.0247
Execution time: 7.4672 seconds,Total True Reward = -0.0247
Execution time: 1.7018 seconds,Total True Reward = -0.0247
Execution time: 1.6998 seconds,Total True Reward = -0.0247
Execution time: 1.6919 seconds,Total True Reward = -0.0247
Execution time: 1.7037 seconds,Total True Reward = -0.0247
Execution time: 1.7019 seconds,Total True Reward = -0.0247
Execution time: 1.6880 seconds,Total True Reward = -0.0247
Execution time: 1.6993 seconds,Total True Reward = -0.0247
Execution time: 1.6928 seconds,Total True Reward = -0.0247
Execution time: 1.6886 seconds,Total True Reward = -0.0247
Execution time: 1.6905 seconds,Total True Reward = -0.0247
Execution time: 1.7034 seconds,Total True Reward = -0.0247
Execution time: 1.6957 seconds,Total True Reward = -0.0247
Execution time: 1.6985 seconds,Total True Reward = -0.0247
Execution time: 1.6833 seconds,Total True Reward = -0.0247
Execution time: 1.6987 seconds,Total True Reward = -0.0247
Execution time: 1.6945 seconds,Total True Reward = -0.0247
Execution time: 1.6904 seconds,Total True Reward = -0.0247
Execution time: 1.6897 seconds,Total True Reward = -0.0247
Execution time: 1.6949 seconds,Total True Reward = -0.0247
Execution time: 1.7053 seconds,Total True Reward = -0.0247
Execution time: 1.7131 seconds,Total True Reward = -0.0247
Execution time: 1.6971 seconds,Total True Reward = -0.0247
Execution time: 1.7038 seconds,Total True Reward = -0.0247
Execution time: 1.6987 seconds,Total True Reward = -0.0247
Execution time: 1.6976 seconds,Total True Reward = -0.0247
Execution time: 1.7027 seconds,Total True Reward = -0.0247
Execution time: 1.7005 seconds,Total True Reward = -0.0247
Execution time: 1.6941 seconds,Total True Reward = -0.0247
Execution time: 1.7019 seconds,Total True Reward = -0.0247
Execution time: 1.7044 seconds,Total True Reward = -0.0247
Execution time: 1.6850 seconds,Total True Reward = -0.0247
Execution time: 1.7015 seconds,Total True Reward = -0.0247
Execution time: 1.7015 seconds,Total True Reward = -0.0247
Execution time: 1.6889 seconds,Total True Reward = -0.0247
Execution time: 1.6901 seconds,Total True Reward = -0.0247
Execution time: 1.7027 seconds,Total True Reward = -0.0247
Execution time: 1.6945 seconds,Total True Reward = -0.0247
Execution time: 1.6917 seconds,Total True Reward = -0.0247
Execution time: 1.6955 seconds,Total True Reward = -0.0247
Execution time: 1.6875 seconds,Total True Reward = -0.0247
Execution time: 1.7114 seconds,Total True Reward = -0.0247
Execution time: 1.6823 seconds,Total True Reward = -0.0247
Execution time: 1.7015 seconds,Total True Reward = -0.0247
Execution time: 1.6858 seconds,Total True Reward = -0.0247
Execution time: 1.7039 seconds,Total True Reward = -0.0247
Execution time: 1.7016 seconds,Total True Reward = -0.0247
Execution time: 1.6987 seconds,Total True Reward = -0.0247
Execution time: 1.6853 seconds,Total True Reward = -0.0247
Execution time: 1.6896 seconds,Total True Reward = -0.0247
Execution time: 1.7001 seconds,Total True Reward = -0.0247
Execution time: 1.6956 seconds,Total True Reward = -0.0247
Execution time: 1.7015 seconds,Total True Reward = -0.0247
Execution time: 1.7063 seconds,Total True Reward = -0.0247
Execution time: 1.6919 seconds,Total True Reward = -0.0247
Execution time: 1.7037 seconds,Total True Reward = -0.0247
Execution time: 1.7024 seconds,Total True Reward = -0.0247
Execution time: 1.6978 seconds,Total True Reward = -0.0247
Execution time: 1.7025 seconds,Total True Reward = -0.0247
Execution time: 1.7007 seconds,Total True Reward = -0.0247
Execution time: 1.7009 seconds,Total True Reward = -0.0247
Execution time: 1.7030 seconds,Total True Reward = -0.0247
Execution time: 1.6939 seconds,Total True Reward = -0.0247
Execution time: 1.6928 seconds,Total True Reward = -0.0247
Execution time: 1.6858 seconds,Total True Reward = -0.0247
Execution time: 1.6972 seconds,Total True Reward = -0.0247
Execution time: 1.7012 seconds,Total True Reward = -0.0247
Execution time: 1.6949 seconds,Total True Reward = -0.0247
Execution time: 1.6903 seconds,Total True Reward = -0.0247
Execution time: 1.6941 seconds,Total True Reward = -0.0247
Execution time: 1.7040 seconds,Total True Reward = -0.0247
Execution time: 1.7019 seconds,Total True Reward = -0.0247
Execution time: 1.6972 seconds,Total True Reward = -0.0247
Execution time: 1.7024 seconds,Total True Reward = -0.0247
Execution time: 1.6889 seconds,Total True Reward = -0.0247
Execution time: 1.6922 seconds,Total True Reward = -0.0247
Execution time: 1.7238 seconds,Total True Reward = -0.0247
Execution time: 1.7031 seconds,Total True Reward = -0.0247
Execution time: 8.0418 seconds,Total True Reward = -0.0247
Execution time: 1.6781 seconds,Total True Reward = -0.0247
Execution time: 1.7015 seconds,Total True Reward = -0.0247
Execution time: 1.7004 seconds,Total True Reward = -0.0247
Execution time: 1.6989 seconds,Total True Reward = -0.0247
Execution time: 1.6982 seconds,Total True Reward = -0.0247
Execution time: 1.6970 seconds,Total True Reward = -0.0247
Execution time: 1.6917 seconds,Total True Reward = -0.0247
Execution time: 1.6977 seconds,Total True Reward = -0.0247
Execution time: 1.6963 seconds,Total True Reward = -0.0247
Execution time: 1.6949 seconds,Total True Reward = -0.0247
Execution time: 1.7026 seconds,Total True Reward = -0.0247
Execution time: 1.6902 seconds,Total True Reward = -0.0247
Execution time: 1.7001 seconds,Total True Reward = -0.0247
Execution time: 1.6921 seconds,Total True Reward = -0.0247
Execution time: 1.6946 seconds,Total True Reward = -0.0247
Execution time: 1.6909 seconds,Total True Reward = -0.0247
Execution time: 1.6865 seconds,Total True Reward = -0.0247
Execution time: 1.7012 seconds,Total True Reward = -0.0247
Execution time: 1.6955 seconds,Total True Reward = -0.0247
Execution time: 1.6883 seconds,Total True Reward = -0.0247
Execution time: 1.6877 seconds,Total True Reward = -0.0247
Execution time: 1.6973 seconds,Total True Reward = -0.0247
Execution time: 1.6956 seconds,Total True Reward = -0.0247
Execution time: 1.6822 seconds,Total True Reward = -0.0247
Execution time: 1.6897 seconds,Total True Reward = -0.0247
Execution time: 1.6937 seconds,Total True Reward = -0.0247
Execution time: 1.6944 seconds,Total True Reward = -0.0247
Execution time: 1.6985 seconds,Total True Reward = -0.0247
Execution time: 1.6987 seconds,Total True Reward = -0.0247
Execution time: 1.6852 seconds,Total True Reward = -0.0247
Execution time: 1.6929 seconds,Total True Reward = -0.0247
Execution time: 1.6994 seconds,Total True Reward = -0.0247
Execution time: 1.6878 seconds,Total True Reward = -0.0247
Execution time: 1.6964 seconds,Total True Reward = -0.0247
Execution time: 1.7075 seconds,Total True Reward = -0.0247
Execution time: 1.7025 seconds,Total True Reward = -0.0247
Execution time: 1.7014 seconds,Total True Reward = -0.0247
Execution time: 1.6925 seconds,Total True Reward = -0.0247
Execution time: 1.6869 seconds,Total True Reward = -0.0247
Execution time: 1.6875 seconds,Total True Reward = -0.0247
Execution time: 1.7009 seconds,Total True Reward = -0.0247
Execution time: 1.6860 seconds,Total True Reward = -0.0247
Execution time: 1.6952 seconds,Total True Reward = -0.0247
Execution time: 1.7015 seconds,Total True Reward = -0.0247
Execution time: 1.6900 seconds,Total True Reward = -0.0247
Execution time: 1.7005 seconds,Total True Reward = -0.0247
Execution time: 1.7032 seconds,Total True Reward = -0.0247
Execution time: 1.6999 seconds,Total True Reward = -0.0247
Execution time: 1.6947 seconds,Total True Reward = -0.0247
Execution time: 1.6891 seconds,Total True Reward = -0.0247
Execution time: 1.6905 seconds,Total True Reward = -0.0247
Execution time: 1.6978 seconds,Total True Reward = -0.0247
Execution time: 1.6960 seconds,Total True Reward = -0.0247
Execution time: 1.6906 seconds,Total True Reward = -0.0247
Execution time: 1.7004 seconds,Total True Reward = -0.0247
Execution time: 1.7054 seconds,Total True Reward = -0.0247
Execution time: 1.6965 seconds,Total True Reward = -0.0247
Execution time: 1.6883 seconds,Total True Reward = -0.0247
Execution time: 1.6957 seconds,Total True Reward = -0.0247
Execution time: 1.6952 seconds,Total True Reward = -0.0247
Execution time: 1.7033 seconds,Total True Reward = -0.0247
Execution time: 1.6987 seconds,Total True Reward = -0.0247
Execution time: 1.7049 seconds,Total True Reward = -0.0247
Execution time: 1.6888 seconds,Total True Reward = -0.0247
Execution time: 1.6894 seconds,Total True Reward = -0.0247
Execution time: 1.6838 seconds,Total True Reward = -0.0247
Execution time: 1.6943 seconds,Total True Reward = -0.0247
Execution time: 1.6991 seconds,Total True Reward = -0.0247
Execution time: 1.6957 seconds,Total True Reward = -0.0247
Execution time: 1.7003 seconds,Total True Reward = -0.0247
Execution time: 1.6973 seconds,Total True Reward = -0.0247
Execution time: 1.6930 seconds,Total True Reward = -0.0247
Execution time: 1.6944 seconds,Total True Reward = -0.0247
Execution time: 1.6889 seconds,Total True Reward = -0.0247
Execution time: 1.6968 seconds,Total True Reward = -0.0247
Execution time: 1.6974 seconds,Total True Reward = -0.0247
Execution time: 1.7018 seconds,Total True Reward = -0.0247
Execution time: 1.7016 seconds,Total True Reward = -0.0247
Execution time: 1.6975 seconds,Total True Reward = -0.0247
Execution time: 1.6934 seconds,Total True Reward = -0.0247
Execution time: 1.7150 seconds,Total True Reward = -0.0247
Execution time: 1.6890 seconds,Total True Reward = -0.0247
Execution time: 1.6973 seconds,Total True Reward = -0.0247
Execution time: 1.7016 seconds,Total True Reward = -0.0247
Execution time: 1.6969 seconds,Total True Reward = -0.0247
Execution time: 8.9673 seconds,Total True Reward = -0.0247
Execution time: 1.6914 seconds,Total True Reward = -0.0247
Execution time: 1.6813 seconds,Total True Reward = -0.0247
Execution time: 1.6980 seconds,Total True Reward = -0.0247
Execution time: 1.6963 seconds,Total True Reward = -0.0247
Execution time: 1.6899 seconds,Total True Reward = -0.0247
Execution time: 1.7022 seconds,Total True Reward = -0.0247
Execution time: 1.7071 seconds,Total True Reward = -0.0247
Execution time: 1.7034 seconds,Total True Reward = -0.0247
Execution time: 1.6924 seconds,Total True Reward = -0.0247
Execution time: 1.7036 seconds,Total True Reward = -0.0247
Execution time: 1.7025 seconds,Total True Reward = -0.0247
Execution time: 1.7039 seconds,Total True Reward = -0.0247
Execution time: 1.6976 seconds,Total True Reward = -0.0247
Execution time: 1.6943 seconds,Total True Reward = -0.0247
Execution time: 1.6978 seconds,Total True Reward = -0.0247
Execution time: 1.7007 seconds,Total True Reward = -0.0247
Execution time: 1.7010 seconds,Total True Reward = -0.0247
Execution time: 1.6997 seconds,Total True Reward = -0.0247
Execution time: 1.7058 seconds,Total True Reward = -0.0247
Execution time: 1.7024 seconds,Total True Reward = -0.0247
Execution time: 1.7001 seconds,Total True Reward = -0.0247
Execution time: 1.7022 seconds,Total True Reward = -0.0247
Execution time: 1.6910 seconds,Total True Reward = -0.0247
Execution time: 1.6807 seconds,Total True Reward = -0.0247
Execution time: 1.7044 seconds,Total True Reward = -0.0247
Execution time: 1.6939 seconds,Total True Reward = -0.0247
Execution time: 1.6884 seconds,Total True Reward = -0.0247
Execution time: 1.7005 seconds,Total True Reward = -0.0247
Execution time: 1.6810 seconds,Total True Reward = -0.0247
Execution time: 1.6966 seconds,Total True Reward = -0.0247
Execution time: 1.6882 seconds,Total True Reward = -0.0247
Execution time: 1.6921 seconds,Total True Reward = -0.0247
Execution time: 1.6896 seconds,Total True Reward = -0.0247
Execution time: 1.6972 seconds,Total True Reward = -0.0247
Execution time: 1.7046 seconds,Total True Reward = -0.0247
Execution time: 1.7046 seconds,Total True Reward = -0.0247
Execution time: 1.7043 seconds,Total True Reward = -0.0247
Execution time: 1.6878 seconds,Total True Reward = -0.0247
Execution time: 1.6982 seconds,Total True Reward = -0.0247
Execution time: 1.7050 seconds,Total True Reward = -0.0247
Execution time: 1.6993 seconds,Total True Reward = -0.0247
Execution time: 1.6844 seconds,Total True Reward = -0.0247
Execution time: 1.6888 seconds,Total True Reward = -0.0247
Execution time: 1.6856 seconds,Total True Reward = -0.0247
Execution time: 1.6786 seconds,Total True Reward = -0.0247
Execution time: 1.6937 seconds,Total True Reward = -0.0247
Execution time: 1.6982 seconds,Total True Reward = -0.0247
Execution time: 1.6996 seconds,Total True Reward = -0.0247
Execution time: 1.7024 seconds,Total True Reward = -0.0247
Execution time: 1.7003 seconds,Total True Reward = -0.0247
Execution time: 1.6976 seconds,Total True Reward = -0.0247
Execution time: 1.6957 seconds,Total True Reward = -0.0247
Execution time: 1.6862 seconds,Total True Reward = -0.0247
Execution time: 1.6962 seconds,Total True Reward = -0.0247
Execution time: 1.6946 seconds,Total True Reward = -0.0247
Execution time: 1.6899 seconds,Total True Reward = -0.0247
Execution time: 1.6880 seconds,Total True Reward = -0.0247
Execution time: 1.6928 seconds,Total True Reward = -0.0247
Execution time: 1.6934 seconds,Total True Reward = -0.0247
Execution time: 1.6954 seconds,Total True Reward = -0.0247
Execution time: 1.6970 seconds,Total True Reward = -0.0247
Execution time: 1.6980 seconds,Total True Reward = -0.0247
Execution time: 1.6961 seconds,Total True Reward = -0.0247
Execution time: 1.7006 seconds,Total True Reward = -0.0247
Execution time: 1.6947 seconds,Total True Reward = -0.0247
Execution time: 1.6935 seconds,Total True Reward = -0.0247
Execution time: 1.6958 seconds,Total True Reward = -0.0247
Execution time: 1.6965 seconds,Total True Reward = -0.0247
Execution time: 1.6947 seconds,Total True Reward = -0.0247
Execution time: 1.7030 seconds,Total True Reward = -0.0247
Execution time: 1.7074 seconds,Total True Reward = -0.0247
Execution time: 1.7062 seconds,Total True Reward = -0.0247
Execution time: 1.6789 seconds,Total True Reward = -0.0247
Execution time: 1.7001 seconds,Total True Reward = -0.0247
Execution time: 1.6993 seconds,Total True Reward = -0.0247
Execution time: 1.7022 seconds,Total True Reward = -0.0247
Execution time: 1.7013 seconds,Total True Reward = -0.0247
Execution time: 1.6978 seconds,Total True Reward = -0.0247
Execution time: 1.6917 seconds,Total True Reward = -0.0247
Execution time: 1.7023 seconds,Total True Reward = -0.0247
Execution time: 1.6934 seconds,Total True Reward = -0.0247
Execution time: 1.6933 seconds,Total True Reward = -0.0247
Execution time: 1.6973 seconds,Total True Reward = -0.0247
Execution time: 1.6952 seconds,Total True Reward = -0.0247
Execution time: 1.7082 seconds,Total True Reward = -0.0247
Execution time: 1.6917 seconds,Total True Reward = -0.0247
Execution time: 1.7003 seconds,Total True Reward = -0.0247
Execution time: 1.6969 seconds,Total True Reward = -0.0247
Execution time: 1.6907 seconds,Total True Reward = -0.0247
Execution time: 1.6964 seconds,Total True Reward = -0.0247
Execution time: 1.7066 seconds,Total True Reward = -0.0247
Execution time: 1.6973 seconds,Total True Reward = -0.0247
Execution time: 1.6977 seconds,Total True Reward = -0.0247
Execution time: 9.9132 seconds,Total True Reward = -0.0247
Execution time: 1.6978 seconds,Total True Reward = -0.0247
Execution time: 1.7102 seconds,Total True Reward = -0.0247
Execution time: 1.6966 seconds,Total True Reward = -0.0247
Execution time: 1.6969 seconds,Total True Reward = -0.0247
Execution time: 1.6974 seconds,Total True Reward = -0.0247
Execution time: 1.6998 seconds,Total True Reward = -0.0247
Execution time: 1.6995 seconds,Total True Reward = -0.0247
Execution time: 1.7097 seconds,Total True Reward = -0.0247
Execution time: 1.7067 seconds,Total True Reward = -0.0247
Execution time: 1.7095 seconds,Total True Reward = -0.0247
Execution time: 1.7054 seconds,Total True Reward = -0.0247
Execution time: 1.7054 seconds,Total True Reward = -0.0247
Execution time: 1.7117 seconds,Total True Reward = -0.0247
Execution time: 1.6998 seconds,Total True Reward = -0.0247
Execution time: 1.7052 seconds,Total True Reward = -0.0247
Execution time: 1.6984 seconds,Total True Reward = -0.0247
Execution time: 1.7065 seconds,Total True Reward = -0.0247
Execution time: 1.7038 seconds,Total True Reward = -0.0247
Execution time: 1.6874 seconds,Total True Reward = -0.0247
Execution time: 1.6991 seconds,Total True Reward = -0.0247
Execution time: 1.7023 seconds,Total True Reward = -0.0247
Execution time: 1.7003 seconds,Total True Reward = -0.0247
Execution time: 1.7044 seconds,Total True Reward = -0.0247
Execution time: 1.6863 seconds,Total True Reward = -0.0247
Execution time: 1.7019 seconds,Total True Reward = -0.0247
Execution time: 1.7029 seconds,Total True Reward = -0.0247
Execution time: 1.7027 seconds,Total True Reward = -0.0247
Execution time: 1.7073 seconds,Total True Reward = -0.0247
Execution time: 1.7011 seconds,Total True Reward = -0.0247
Execution time: 1.7012 seconds,Total True Reward = -0.0247
Execution time: 1.7046 seconds,Total True Reward = -0.0247
Execution time: 1.6932 seconds,Total True Reward = -0.0247
Execution time: 1.7080 seconds,Total True Reward = -0.0247
Execution time: 1.7104 seconds,Total True Reward = -0.0247
Execution time: 1.7111 seconds,Total True Reward = -0.0247
Execution time: 1.7036 seconds,Total True Reward = -0.0247
Execution time: 1.7014 seconds,Total True Reward = -0.0247
Execution time: 1.6894 seconds,Total True Reward = -0.0247
Execution time: 1.6872 seconds,Total True Reward = -0.0247
Execution time: 1.7066 seconds,Total True Reward = -0.0247
Execution time: 1.7115 seconds,Total True Reward = -0.0247
Execution time: 1.7081 seconds,Total True Reward = -0.0247
Execution time: 1.7035 seconds,Total True Reward = -0.0247
Execution time: 1.6883 seconds,Total True Reward = -0.0247
Execution time: 1.6915 seconds,Total True Reward = -0.0247
Execution time: 1.7014 seconds,Total True Reward = -0.0247
Execution time: 1.7074 seconds,Total True Reward = -0.0247
Execution time: 1.7130 seconds,Total True Reward = -0.0247
Execution time: 1.7065 seconds,Total True Reward = -0.0247
Execution time: 1.7111 seconds,Total True Reward = -0.0247
Execution time: 1.7177 seconds,Total True Reward = -0.0247
Execution time: 1.7143 seconds,Total True Reward = -0.0247
Execution time: 1.7207 seconds,Total True Reward = -0.0247
Execution time: 1.7073 seconds,Total True Reward = -0.0247
Execution time: 1.6893 seconds,Total True Reward = -0.0247
Execution time: 1.7061 seconds,Total True Reward = -0.0247
Execution time: 1.7060 seconds,Total True Reward = -0.0247
Execution time: 1.6964 seconds,Total True Reward = -0.0247
Execution time: 1.6915 seconds,Total True Reward = -0.0247
Execution time: 1.6959 seconds,Total True Reward = -0.0247
Execution time: 1.6991 seconds,Total True Reward = -0.0247
Execution time: 1.6885 seconds,Total True Reward = -0.0247
Execution time: 1.6964 seconds,Total True Reward = -0.0247
Execution time: 1.7091 seconds,Total True Reward = -0.0247
Execution time: 1.7036 seconds,Total True Reward = -0.0247
Execution time: 1.6932 seconds,Total True Reward = -0.0247
Execution time: 1.7026 seconds,Total True Reward = -0.0247
